date_iso,btc_1d,btc_7d,alt_7d_avg,spread7,avg_alt_funding,btc_funding,funding_spread,funding_heating,funding_risk,oi_change_3d,breadth_3d,regime_score,bucket
2023-12-23T00:00:00+00:00,0.351192,4.79063,9.925257,-5.134627,0,0,0,0,0.5,0,0.609756,22.841508,RED
2023-12-24T00:00:00+00:00,-0.571918,3.56229,7.071885,-3.509595,0,0,0,0,0.5,0,0.439024,25.13936,RED
2023-12-25T00:00:00+00:00,-1.638918,3.922046,8.931325,-5.009278,0,0,0,0,0.5,0,0.560976,19.663706,RED
2023-12-26T00:00:00+00:00,1.401802,2.235146,9.5275,-7.292354,0,0,0,0,0.5,0,0.731707,0,RED
2023-12-27T00:00:00+00:00,-2.570703,0.630105,10.653651,-10.023546,0,0,0,0,0.5,0,0.829268,0,RED
2023-12-28T00:00:00+00:00,2.121629,-0.494238,11.607715,-12.101953,0,0,0,0,0.5,0,0.804878,0,RED
2023-12-29T00:00:00+00:00,-1.88357,-2.848478,7.132326,-9.980803,0,0,0,0,0.5,0,0.853659,0,RED
2023-12-30T00:00:00+00:00,-1.23459,-4.383697,2.140088,-6.523785,0,0,0,0,0.5,0,0.682927,15.537816,RED
2023-12-31T00:00:00+00:00,0.346774,-3.500225,2.172779,-5.673004,0,0,0,0,0.5,0,0.682927,13.330512,RED
2024-01-01T00:00:00+00:00,-0.029391,-1.921156,2.756268,-4.677424,0,0,0,0,0.5,0,0.609756,0.144125,RED
2024-01-02T00:00:00+00:00,4.644782,1.215551,5.279229,-4.063679,0,0,0,0,0.5,0,0.463415,0,RED
2024-01-03T00:00:00+00:00,1.870087,5.828916,5.4734,0.355517,0,0,0,0,0.5,0,0.243902,43.546845,ORANGE
2024-01-04T00:00:00+00:00,-4.829716,-1.374781,-5.654982,4.280202,0,0,0,0,0.5,0,0.261905,92.440476,GREEN
2024-01-05T00:00:00+00:00,3.20871,3.743905,-5.087389,8.831294,0,0,0,0,0.5,0,0.261905,81.74407,GREEN
2024-01-06T00:00:00+00:00,-0.185265,4.846124,-5.400891,10.247015,0,0,0,0,0.5,0,0.142857,78.269716,GREEN
2024-01-07T00:00:00+00:00,-0.357211,4.110574,-9.875871,13.986445,0,0,0,0,0.5,0,0.047619,93.511905,GREEN
2024-01-08T00:00:00+00:00,-0.164657,3.969706,-13.104383,17.074089,0,0,0,0,0.5,0,0.047619,93.511905,GREEN
2024-01-09T00:00:00+00:00,6.955746,6.265762,-11.330062,17.595823,0,0,0,0,0.5,0,0.047619,90.308597,GREEN
2024-01-10T00:00:00+00:00,-1.768869,2.469786,-12.027793,14.497579,0,0,0,0,0.5,0,0.119048,93.154762,GREEN
2024-01-11T00:00:00+00:00,1.141647,8.899149,2.564661,6.334487,0,0,0,0,0,0,0.404762,59.838328,YELLOWGREEN
2024-01-12T00:00:00+00:00,-0.68184,4.794093,2.517454,2.276639,0,0,0,0,0,0,0.341463,56.205768,YELLOWGREEN
2024-01-13T00:00:00+00:00,-7.385239,-2.76506,1.86026,-4.625319,0,0,0,0,0,0,0.682927,18.715883,RED
2024-01-14T00:00:00+00:00,-0.105971,-2.519891,7.35001,-9.869901,0,0,0,0,0,0,0.904762,0,RED
2024-01-15T00:00:00+00:00,-2.444758,-4.746202,7.433331,-12.179533,0,0,0,0,0,0,0.904762,2.715797,RED
2024-01-16T00:00:00+00:00,1.881305,-9.265452,4.243113,-13.508565,0,0,0,0,0,0,0.904762,21.179647,RED
2024-01-17T00:00:00+00:00,1.316508,-6.415538,7.700769,-14.116307,0,0,0,0,0,0,0.952381,8.571626,RED
2024-01-18T00:00:00+00:00,-1.00617,-8.402873,-1.430928,-6.971945,0,0,0,0,0,0,0.785714,32.244579,ORANGE
2024-01-19T00:00:00+00:00,-3.400452,-10.910139,-8.422806,-2.487333,0,0,0,0,0,0,0.536585,43.517694,ORANGE
2024-01-20T00:00:00+00:00,0.822915,-3.014386,-3.950534,0.936148,0,0,0,0,0,0,0.380952,53.269524,YELLOW
2024-01-21T00:00:00+00:00,0.060494,-2.852768,-5.0917,2.238933,0,0,0,0,0,0,0.333333,61.409221,YELLOWGREEN
2024-01-22T00:00:00+00:00,-0.202295,-0.619683,-1.899485,1.279802,0,0,0,0,0,0,0.357143,82.579691,GREEN
2024-01-23T00:00:00+00:00,-4.903891,-7.238316,-9.486587,2.248271,0,0,0,0,0,0,0.333333,53.5094,YELLOW
2024-01-24T00:00:00+00:00,0.832113,-7.68181,-11.242333,3.560523,0,0,0,0,0,0,0.285714,56.295432,YELLOWGREEN
2024-01-25T00:00:00+00:00,0.728576,-6.064046,-9.039418,2.975372,0,0,0,0,0,0,0.357143,56.390569,YELLOWGREEN
2024-01-26T00:00:00+00:00,-0.462033,-3.20665,-5.12916,1.922511,0,0,0,0,0,0,0.261905,58.679673,YELLOWGREEN
2024-01-27T00:00:00+00:00,4.819058,0.629781,-1.252705,1.882486,0,0,0,0,0,0,0.214286,98.668142,GREEN
2024-01-28T00:00:00+00:00,0.613132,1.185562,-0.317197,1.502759,0,0,0,0,0,0,0.357143,69.322313,YELLOWGREEN
2024-01-29T00:00:00+00:00,-0.220876,1.166724,-1.743806,2.91053,0,0,0,0,0,0,0.285714,90.112795,GREEN
2024-01-30T00:00:00+00:00,2.952966,9.525136,8.623145,0.901991,0,0,0,0,0,0,0.404762,49.55429,YELLOW
2024-01-31T00:00:00+00:00,-0.868027,7.678421,7.918744,-0.240322,0,0,0,0,0,0,0.309524,47.930809,YELLOW
2024-02-01T00:00:00+00:00,-0.71988,6.130029,2.280908,3.84912,0,0,0,0,0,0,0.190476,59.511117,YELLOWGREEN
2024-02-02T00:00:00+00:00,1.140777,7.838987,3.120313,4.718674,0,0,0,0,0,0,0.214286,58.959782,YELLOWGREEN
2024-02-03T00:00:00+00:00,0.235935,3.12382,-0.032737,3.156558,0,0,0,0,0,0,0.285714,65.407371,YELLOWGREEN
2024-02-04T00:00:00+00:00,-0.44894,2.035246,-0.440962,2.476208,0,0,0,0,0,0,0.285714,68.839183,YELLOWGREEN
2024-02-05T00:00:00+00:00,-0.878353,1.362903,-0.699275,2.062178,0,0,0,0,0,0,0.309524,73.651858,GREEN
2024-02-06T00:00:00+00:00,0.115253,-1.430984,-4.692485,3.261501,0,0,0,0,0,0,0.214286,86.888754,GREEN
2024-02-07T00:00:00+00:00,1.03012,0.456385,-2.016084,2.472469,0,0,0,0,0,0,0.333333,98.333333,GREEN
2024-02-08T00:00:00+00:00,2.691315,3.907995,2.481946,1.426049,0,0,0,0,0,0,0.357143,54.294488,YELLOW
2024-02-09T00:00:00+00:00,2.465355,5.268814,1.524117,3.744697,0,0,0,0,0,0,0.121951,61.233474,YELLOWGREEN
2024-02-10T00:00:00+00:00,3.981122,9.202047,5.628182,3.573865,0,0,0,0,0,0,0.317073,54.886884,YELLOW
2024-02-11T00:00:00+00:00,1.327342,11.150531,6.065744,5.084788,0,0,0,0,0,0,0.214286,56.528107,YELLOWGREEN
2024-02-12T00:00:00+00:00,0.881087,13.123488,9.000975,4.122513,0,0,0,0,0,0,0.261905,53.925618,YELLOW
2024-02-13T00:00:00+00:00,3.860259,17.355093,13.7476,3.607492,0,0,0,0,0,0,0.285714,52.035622,YELLOW
2024-02-14T00:00:00+00:00,-0.635344,15.420513,14.128152,1.292362,0,0,0,0,0,0,0.309524,49.849089,YELLOW
2024-02-15T00:00:00+00:00,4.138217,17.046767,18.647784,-1.601017,0,0,0,0,0,0,0.238095,47.244298,YELLOW
2024-02-16T00:00:00+00:00,0.324504,14.601261,19.026976,-4.425715,0,0,0,0,0,0,0.365854,43.119328,ORANGE
2024-02-17T00:00:00+00:00,0.400714,10.655167,9.783939,0.871228,0,0,0,0,0,0,0.238095,50.17216,YELLOW
2024-02-18T00:00:00+00:00,-0.923806,8.196786,9.409804,-1.213018,0,0,0,0,0,0,0.404762,45.51004,YELLOW
2024-02-19T00:00:00+00:00,0.878345,8.193845,18.905337,-10.711492,0,0,0,0,0,0,0.404762,26.191168,RED
2024-02-20T00:00:00+00:00,-0.717651,3.42492,9.253642,-5.828722,0,0,0,0,0,0,0.642857,18.429721,RED
2024-02-21T00:00:00+00:00,1.009345,5.136815,6.228029,-1.091214,0,0,0,0,0,0,0.428571,44.317331,ORANGE
2024-02-22T00:00:00+00:00,-0.849233,0.101539,1.775689,-1.67415,0,0,0,0,0,0,0.404762,0,RED
2024-02-23T00:00:00+00:00,-1.009315,-1.229315,1.692358,-2.921673,0,0,0,0,0,0,0.452381,8.159156,RED
2024-02-24T00:00:00+00:00,-0.932236,-2.540625,3.789249,-6.329873,0,0,0,0,0,0,0.571429,5.634802,RED
2024-02-25T00:00:00+00:00,1.400473,-0.254275,9.363889,-9.618163,0,0,0,0,0,0,0.595238,0,RED
2024-02-26T00:00:00+00:00,0.385597,-0.74149,1.941899,-2.683389,0,0,0,0,0,0,0.547619,0,RED
2024-02-27T00:00:00+00:00,5.268034,5.242758,8.091614,-2.848856,0,0,0,0,0,0,0.261905,39.635724,ORANGE
2024-02-28T00:00:00+00:00,4.635498,9.020888,12.569955,-3.549067,0,0,0,0,0,0,0.309524,41.89598,ORANGE
2024-02-29T00:00:00+00:00,9.745108,20.66986,19.089965,1.579895,0,0,0,0,0,0,0.261905,49.964326,YELLOW
2024-03-01T00:00:00+00:00,-2.014696,19.444298,19.975808,-0.531509,0,0,0,0,0,0,0.285714,48.115869,YELLOW
2024-03-02T00:00:00+00:00,1.840875,22.787791,22.3226,0.465192,0,0,0,0,0,0,0.333333,48.673553,YELLOW
2024-03-03T00:00:00+00:00,-0.574713,20.396001,27.536858,-7.140857,0,0,0,0,0,0,0.571429,41.307966,ORANGE
2024-03-04T00:00:00+00:00,1.587357,21.837314,30.241054,-8.40374,0,0,0,0,0,0,0.309524,42.038775,ORANGE
2024-03-05T00:00:00+00:00,8.141614,25.163198,31.778318,-6.61512,0,0,0,0,0,0,0.238095,44.428219,ORANGE
2024-03-06T00:00:00+00:00,-5.712423,12.785191,21.536545,-8.751354,0,0,0,0,0,0,0.452381,36.330797,ORANGE
2024-03-07T00:00:00+00:00,2.884334,5.734365,21.518794,-15.78443,0,0,0,0,0,0,0.761905,0.321758,RED
2024-03-08T00:00:00+00:00,1.207871,9.211784,23.966818,-14.755034,0,0,0,0,0,0,0.738095,19.616483,RED
2024-03-09T00:00:00+00:00,2.047021,9.43285,17.517178,-8.084328,0,0,0,0,0,0,0.642857,32.503232,ORANGE
2024-03-10T00:00:00+00:00,0.282151,10.37596,12.095639,-1.719678,0,0,0,0,0,0,0.52381,44.618939,ORANGE
2024-03-11T00:00:00+00:00,0.828608,9.55157,8.318275,1.233295,0,0,0,0,0,0,0.302326,50.64014,YELLOW
2024-03-12T00:00:00+00:00,4.422521,5.783987,9.478649,-3.694662,0,0,0,0,0,0,0.581395,36.448628,ORANGE
2024-03-13T00:00:00+00:00,-0.919693,11.161091,11.040275,0.120816,0,0,0,0,0,0,0.44186,47.971094,YELLOW
2024-03-14T00:00:00+00:00,2.281598,10.509866,7.322805,3.187062,0,0,0,0,0,0,0.255814,53.774528,YELLOW
2024-03-15T00:00:00+00:00,-2.295194,6.684836,1.899863,4.784974,0,0,0,0,0,0,0.27907,60.532787,YELLOWGREEN
2024-03-16T00:00:00+00:00,-2.691498,1.730962,-1.601331,3.332293,0,0,0,0,0,0,0.255814,80.787575,GREEN
2024-03-17T00:00:00+00:00,-6.051202,-4.69389,-7.455088,2.761197,0,0,0,0,0,0,0.325581,58.174228,YELLOWGREEN
2024-03-18T00:00:00+00:00,4.798578,-0.941361,-4.733459,3.792098,0,0,0,0,0,0,0.302326,98.488372,GREEN
2024-03-19T00:00:00+00:00,-1.047085,-6.130009,-12.053458,5.923449,0,0,0,0,0,0,0.27907,64.707082,YELLOWGREEN
2024-03-20T00:00:00+00:00,-8.235878,-13.06146,-16.600767,3.539307,0,0,0,0,0,0,0.255814,53.236806,YELLOW
2024-03-21T00:00:00+00:00,9.152274,-7.22144,-9.381845,2.160406,0,0,0,0,0,0,0.255814,53.706331,YELLOW
2024-03-22T00:00:00+00:00,-3.366424,-8.23866,-5.994739,-2.243921,0,0,0,0,0,0,0.651163,42.205324,ORANGE
2024-03-23T00:00:00+00:00,-3.092856,-8.617138,-8.224597,-0.392541,0,0,0,0,0,0,0.418605,47.14784,YELLOW
2024-03-24T00:00:00+00:00,1.223066,-1.541545,1.596147,-3.137693,0,0,0,0,0,0,0.55814,13.30762,RED
2024-03-25T00:00:00+00:00,4.70583,-1.628682,2.858765,-4.487447,0,0,0,0,0,0,0.418605,2.014103,RED
2024-03-26T00:00:00+00:00,3.90421,3.293511,10.796541,-7.50303,0,0,0,0,0,0,0.581395,9.1358,RED
2024-03-27T00:00:00+00:00,0.204616,12.794482,24.52464,-11.730158,0,0,0,0,0,0,0.744186,31.000034,ORANGE
2024-03-28T00:00:00+00:00,-0.922206,2.383835,10.207743,-7.823908,0,0,0,0,0,0,0.534884,0,RED
2024-03-29T00:00:00+00:00,1.835431,7.895231,7.040035,0.855196,0,0,0,0,0,0,0.325581,50.177166,YELLOW
2024-03-30T00:00:00+00:00,-1.118848,10.093067,12.383775,-2.290708,0,0,0,0,0,0,0.488372,43.775871,ORANGE
2024-03-31T00:00:00+00:00,-0.309997,8.425664,6.602661,1.823004,0,0,0,0,0,0,0.232558,52.442834,YELLOW
2024-04-01T00:00:00+00:00,2.216057,5.847438,5.28978,0.557658,0,0,0,0,0,0,0.395349,49.612449,YELLOW
2024-04-02T00:00:00+00:00,-2.050651,-0.218791,-0.547864,0.329073,0,0,0,0,0,0,0.27907,73.558084,GREEN
2024-04-03T00:00:00+00:00,-6.226909,-6.623139,-8.704066,2.080927,0,0,0,0,0,0,0.348837,53.49153,YELLOW
2024-04-04T00:00:00+00:00,1.044491,-4.769606,-7.918219,3.148613,0,0,0,0,0,0,0.325581,59.372137,YELLOWGREEN
2024-04-05T00:00:00+00:00,3.65713,-3.066062,-6.327675,3.261613,0,0,0,0,0,0,0.255814,66.444807,YELLOWGREEN
2024-04-06T00:00:00+00:00,-0.822219,-2.775274,-8.517687,5.742413,0,0,0,0,0,0,0.255814,83.194073,GREEN
2024-04-07T00:00:00+00:00,1.503472,-1.006651,-3.490882,2.484232,0,0,0,0,0,0,0.302326,89.577864,GREEN
2024-04-08T00:00:00+00:00,0.581623,-2.589553,-5.581583,2.99203,0,0,0,0,0,0,0.302326,67.737991,YELLOWGREEN
2024-04-09T00:00:00+00:00,3.201942,2.634141,1.948078,0.686063,0,0,0,0,0,0,0.227273,53.202829,YELLOW
2024-04-10T00:00:00+00:00,-3.44233,5.681847,2.153505,3.528342,0,0,0,0,0,0,0.25,59.09793,YELLOWGREEN
2024-04-11T00:00:00+00:00,1.979863,6.660147,2.760156,3.899991,0,0,0,0,0,0,0.204545,58.73533,YELLOWGREEN
2024-04-12T00:00:00+00:00,-0.597247,2.282517,0.674136,1.608382,0,0,0,0,0,0,0.25,60.489067,YELLOWGREEN
2024-04-13T00:00:00+00:00,-4.071737,-1.068726,-8.960579,7.891853,0,0,0,0,0,0,0.159091,99.204545,GREEN
2024-04-14T00:00:00+00:00,-4.23374,-6.660552,-20.507184,13.846632,0,0,0,0,0,0,0.113636,84.074975,GREEN
2024-04-15T00:00:00+00:00,2.092754,-5.258227,-15.887549,10.629321,0,0,0,0,0,0,0.227273,82.548309,GREEN
2024-04-16T00:00:00+00:00,-3.531551,-11.43973,-21.853962,10.414232,0,0,0,0,0,0,0.181818,64.262191,YELLOWGREEN
2024-04-17T00:00:00+00:00,0.457083,-7.863286,-19.817694,11.954408,0,0,0,0,0,0,0.045455,75.107528,GREEN
2024-04-18T00:00:00+00:00,-3.753272,-13.043056,-22.929429,9.886373,0,0,0,0,0,0,0.227273,61.495665,YELLOWGREEN
2024-04-19T00:00:00+00:00,3.477471,-9.478516,-19.8857,10.407184,0,0,0,0,0,0,0.068182,67.956763,YELLOWGREEN
2024-04-20T00:00:00+00:00,0.830779,-4.852319,-9.169458,4.317139,0,0,0,0,0,0,0.295455,63.348113,YELLOWGREEN
2024-04-21T00:00:00+00:00,1.415248,0.760181,9.095089,-8.334908,0,0,0,0,0,0,0.886364,0,RED
2024-04-22T00:00:00+00:00,0.064724,-1.241378,0.547541,-1.788919,0,0,0,0,0,0,0.681818,22.592324,RED
2024-04-23T00:00:00+00:00,2.934018,5.377684,8.04195,-2.664267,0,0,0,0,0,0,0.681818,38.335275,ORANGE
2024-04-24T00:00:00+00:00,-0.650364,4.215991,9.321211,-5.105219,0,0,0,0,0,0,0.681818,26.41373,RED
2024-04-25T00:00:00+00:00,-3.203632,4.811142,8.877476,-4.066334,0,0,0,0,0,0,0.522727,33.302772,ORANGE
2024-04-26T00:00:00+00:00,0.32151,1.614505,6.205418,-4.590913,0,0,0,0,0,0,0.613636,0,RED
2024-04-27T00:00:00+00:00,-1.060465,-0.291439,3.370808,-3.662247,0,0,0,0,0,0,0.590909,0,RED
2024-04-28T00:00:00+00:00,-0.44682,-2.12217,-3.768635,1.646465,0,0,0,0,0,0,0.363636,61.106395,YELLOWGREEN
2024-04-29T00:00:00+00:00,-0.76643,-2.935159,-2.374367,-0.560792,0,0,0,0,0,0,0.431818,44.657659,ORANGE
2024-04-30T00:00:00+00:00,1.217263,-4.554026,-6.353597,1.799571,0,0,0,0,0,0,0.295455,55.107287,YELLOWGREEN
2024-05-01T00:00:00+00:00,-4.777929,-8.51941,-9.832436,1.313027,0,0,0,0,0,0,0.272727,51.204758,YELLOW
2024-05-02T00:00:00+00:00,-4.036081,-9.306143,-5.283279,-4.022865,0,0,0,0,0,0,0.75,39.046099,ORANGE
2024-05-03T00:00:00+00:00,1.436765,-8.297917,-3.385867,-4.91205,0,0,0,0,0,0,0.636364,36.953341,ORANGE
2024-05-04T00:00:00+00:00,6.263899,-1.509333,3.140937,-4.65027,0,0,0,0,0,0,0.409091,0,RED
2024-05-05T00:00:00+00:00,1.561301,0.477356,1.580203,-1.102848,0,0,0,0,0,0,0.363636,9.756864,RED
2024-05-06T00:00:00+00:00,0.297016,1.55413,2.062789,-0.508659,0,0,0,0,0,0,0.431818,42.389502,ORANGE
2024-05-07T00:00:00+00:00,-1.308432,-0.97997,3.762024,-4.741995,0,0,0,0,0,0,0.659091,0,RED
2024-05-08T00:00:00+00:00,-1.281292,2.65613,4.871484,-2.215353,0,0,0,0,0,0,0.613636,33.036167,ORANGE
2024-05-09T00:00:00+00:00,-1.840117,5.005234,6.513446,-1.508212,0,0,0,0,0,0,0.454545,42.706158,ORANGE
2024-05-10T00:00:00+00:00,3.157853,6.786869,4.356078,2.43079,0,0,0,0,0,0,0.159091,55.173013,YELLOWGREEN
2024-05-11T00:00:00+00:00,-3.579467,-3.10494,-2.994262,-0.110678,0,0,0,0,0,0,0.386364,47.474277,YELLOW
2024-05-12T00:00:00+00:00,-0.182703,-4.768816,-2.576172,-2.192644,0,0,0,0,0,0,0.5,39.838473,ORANGE
2024-05-13T00:00:00+00:00,1.201248,-3.910255,-3.253522,-0.656734,0,0,0,0,0,0,0.272727,45.837886,YELLOW
2024-05-14T00:00:00+00:00,2.230198,-0.464914,-6.388593,5.923678,0,0,0,0,0,0,0.159091,99.204545,GREEN
2024-05-15T00:00:00+00:00,-2.082849,-1.2731,-3.794754,2.521654,0,0,0,0,0,0,0.159091,82.190617,GREEN
2024-05-16T00:00:00+00:00,7.554771,8.176057,-0.024729,8.200786,0,0,0,0,0,0,0.090909,66.260487,YELLOWGREEN
2024-05-17T00:00:00+00:00,-1.449156,3.344935,-3.595633,6.940569,0,0,0,0,0,0,0.113636,84.003959,GREEN
2024-05-18T00:00:00+00:00,2.746275,10.124958,4.089931,6.035028,0,0,0,0,0,0,0.227273,58.796898,YELLOWGREEN
2024-05-19T00:00:00+00:00,-0.209542,10.095348,4.620385,5.474963,0,0,0,0,0,0,0.25,57.78786,YELLOWGREEN
2024-05-20T00:00:00+00:00,-0.986221,7.715633,2.607672,5.107961,0,0,0,0,0,0,0.113636,60.46418,YELLOWGREEN
2024-05-21T00:00:00+00:00,7.814902,13.599999,24.847725,-11.247726,0,0,0,0,0,0,0.545455,33.489761,ORANGE
2024-05-22T00:00:00+00:00,-1.736604,14.001701,12.651071,1.35063,0,0,0,0,0,0,0.590909,48.653037,YELLOW
2024-05-23T00:00:00+00:00,-1.43701,4.470944,5.384307,-0.913362,0,0,0,0,0,0,0.681818,43.186863,ORANGE
2024-05-24T00:00:00+00:00,-1.842604,4.053861,22.584636,-18.530774,0,0,0,0,0,0,0.568182,0,RED
2024-05-25T00:00:00+00:00,0.932829,2.217336,4.195231,-1.977895,0,0,0,0,0,0,0.522727,32.526166,ORANGE
2024-05-26T00:00:00+00:00,1.062927,3.520751,4.650403,-1.129651,0,0,0,0,0,0,0.454545,42.381205,ORANGE
2024-05-27T00:00:00+00:00,-1.096624,3.405322,8.671286,-5.265964,0,0,0,0,0,0,0.568182,21.393456,RED
2024-05-28T00:00:00+00:00,1.252988,-2.888212,0.781272,-3.669484,0,0,0,0,0,0,0.636364,25.650449,RED
2024-05-29T00:00:00+00:00,-1.514552,-2.668762,15.73913,-18.407893,0,0,0,0,0,0,0.522727,0,RED
2024-05-30T00:00:00+00:00,-1.08227,-2.318455,7.250233,-9.568689,0,0,0,0,0,0,0.454545,0,RED
2024-05-31T00:00:00+00:00,1.176767,0.686279,0.073373,0.612905,0,0,0,0,0,0,0.295455,63.38582,YELLOWGREEN
2024-06-01T00:00:00+00:00,-1.312718,-1.553783,-0.922854,-0.63093,0,0,0,0,0,0,0.5,40.736682,ORANGE
2024-06-02T00:00:00+00:00,0.339936,-2.258054,5.582406,-7.840461,0,0,0,0,0,0,0.454545,0,RED
2024-06-03T00:00:00+00:00,0.052715,-1.122212,-1.575329,0.453117,0,0,0,0,0,0,0.340909,55.01899,YELLOWGREEN
2024-06-04T00:00:00+00:00,1.577025,-0.805777,2.047002,-2.852778,0,0,0,0,0,0,0.159091,0,RED
2024-06-05T00:00:00+00:00,2.603927,3.342342,-0.134316,3.476658,0,0,0,0,0,0,0.227273,66.194888,YELLOWGREEN
2024-06-06T00:00:00+00:00,0.828029,5.338088,4.247213,1.090875,0,0,0,0,0,0,0.272727,52.041673,YELLOW
2024-06-07T00:00:00+00:00,-0.597055,3.491309,2.824859,0.66645,0,0,0,0,0,0,0.318182,51.589651,YELLOW
2024-06-08T00:00:00+00:00,-2.0269,2.742362,-1.804512,4.546874,0,0,0,0,0,0,0.204545,76.600763,GREEN
2024-06-09T00:00:00+00:00,-0.014797,2.379136,-5.491953,7.871088,0,0,0,0,0,0,0.25,98.75,GREEN
2024-06-10T00:00:00+00:00,0.489153,2.825721,-2.387446,5.213167,0,0,0,0,0,0,0.272727,79.373788,GREEN
2024-06-11T00:00:00+00:00,-0.231118,0.995351,-4.736963,5.732314,0,0,0,0,0,0,0.181818,99.090909,GREEN
2024-06-12T00:00:00+00:00,-3.114011,-4.632944,-14.49563,9.862686,0,0,0,0,0,0,0.068182,85.131707,GREEN
2024-06-13T00:00:00+00:00,1.329836,-4.158315,-11.678379,7.520064,0,0,0,0,0,0,0.227273,78.997063,GREEN
2024-06-14T00:00:00+00:00,-2.234098,-5.736708,-15.180341,9.443633,0,0,0,0,0,0,0.113636,76.863306,GREEN
2024-06-15T00:00:00+00:00,-1.033336,-4.780766,-12.061514,7.280747,0,0,0,0,0,0,0.181818,74.467679,GREEN
2024-06-16T00:00:00+00:00,0.271786,-4.507844,-0.755,-3.752843,0,0,0,0,0,0,0.409091,34.082388,ORANGE
2024-06-17T00:00:00+00:00,0.642162,-4.362443,-8.188186,3.825743,0,0,0,0,0,0,0.272727,63.249224,YELLOWGREEN
2024-06-18T00:00:00+00:00,-0.232902,-4.364153,-11.484432,7.120279,0,0,0,0,0,0,0.139535,76.488385,GREEN
2024-06-19T00:00:00+00:00,-2.032901,-3.296993,-0.651295,-2.645698,0,0,0,0,0,0,0.186047,35.699526,ORANGE
2024-06-20T00:00:00+00:00,-0.310616,-4.862541,-10.652216,5.789675,0,0,0,0,0,0,0.295455,68.363126,YELLOWGREEN
2024-06-21T00:00:00+00:00,-0.096138,-2.78206,-5.483001,2.700942,0,0,0,0,0,0,0.25,64.924896,YELLOWGREEN
2024-06-22T00:00:00+00:00,-1.192157,-2.938074,-4.703595,1.76552,0,0,0,0,0,0,0.25,58.761772,YELLOWGREEN
2024-06-23T00:00:00+00:00,0.262642,-2.946925,-7.255604,4.308679,0,0,0,0,0,0,0.209302,73.313441,GREEN
2024-06-24T00:00:00+00:00,-1.585535,-5.095178,-11.39081,6.295631,0,0,0,0,0,0,0.139535,69.891713,YELLOWGREEN
2024-06-25T00:00:00+00:00,-4.520818,-9.174117,-4.949837,-4.22428,0,0,0,0,0,0,0.790698,38.373076,ORANGE
2024-06-26T00:00:00+00:00,2.331185,-5.128146,1.278848,-6.406995,0,0,0,0,0,0,0.886364,24.74927,RED
2024-06-27T00:00:00+00:00,-1.652114,-6.404816,-2.627616,-3.7772,0,0,0,0,0,0,0.767442,36.335262,ORANGE
2024-06-28T00:00:00+00:00,1.337861,-5.06137,-0.718154,-4.343217,0,0,0,0,0,0,0.767442,31.863769,ORANGE
2024-06-29T00:00:00+00:00,-2.023221,-5.859891,-2.796126,-3.063765,0,0,0,0,0,0,0.704545,37.764817,ORANGE
2024-06-30T00:00:00+00:00,0.907448,-5.25446,-2.784035,-2.470425,0,0,0,0,0,0,0.674419,38.793436,ORANGE
2024-07-01T00:00:00+00:00,3.07232,-0.770252,3.777089,-4.547341,0,0,0,0,0,0,0.744186,0,RED
2024-07-02T00:00:00+00:00,0.136175,4.069675,1.395919,2.673755,0,0,0,0,0,0,0.340909,59.242679,YELLOWGREEN
2024-07-03T00:00:00+00:00,-1.23728,0.440585,-1.466465,1.90705,0,0,0,0,0,0,0.5,97.5,GREEN
2024-07-04T00:00:00+00:00,-2.897824,-0.831632,-4.152043,3.320411,0,0,0,0,0,0,0.302326,98.488372,GREEN
2024-07-05T00:00:00+00:00,-5.071828,-7.104099,-13.29821,6.194111,0,0,0,0,0,0,0.139535,63.832059,YELLOWGREEN
2024-07-06T00:00:00+00:00,-0.785658,-5.930713,-12.56194,6.631227,0,0,0,0,0,0,0.204545,67.609401,YELLOWGREEN
2024-07-07T00:00:00+00:00,2.627115,-4.327583,-8.883852,4.55627,0,0,0,0,0,0,0.428571,65.400491,YELLOWGREEN
2024-07-08T00:00:00+00:00,-4.035874,-10.925456,-16.976266,6.05081,0,0,0,0,0,0,0.142857,58.515316,YELLOWGREEN
2024-07-09T00:00:00+00:00,1.404367,-9.797356,-10.522672,0.725316,0,0,0,0,0,0,0.547619,48.495642,YELLOW
2024-07-10T00:00:00+00:00,2.335056,-6.534645,1.979833,-8.514478,0,0,0,0,0,0,0.511628,25.728936,RED
2024-07-11T00:00:00+00:00,-0.489929,-4.216934,-2.274783,-1.942151,0,0,0,0,0,0,0.511628,39.767681,ORANGE
2024-07-12T00:00:00+00:00,-0.547637,0.348,5.80954,-5.46154,0,0,0,0,0,0,0.72093,0,RED
2024-07-13T00:00:00+00:00,0.890595,2.043407,10.044012,-8.000605,0,0,0,0,0,0,0.837209,0,RED
2024-07-14T00:00:00+00:00,2.164846,1.583767,17.878985,-16.295218,0,0,0,0,0,0,0.595238,0,RED
2024-07-15T00:00:00+00:00,3.025404,9.058551,27.314782,-18.256231,0,0,0,0,0,0,0.761905,12.60487,RED
2024-07-16T00:00:00+00:00,6.388273,14.418651,18.028849,-3.610198,0,0,0,0,0,0,0.651163,42.571411,ORANGE
2024-07-17T00:00:00+00:00,0.503962,12.371344,13.461209,-1.089864,0,0,0,0,0,0,0.55814,45.741157,YELLOW
2024-07-18T00:00:00+00:00,-1.574413,11.146695,11.751992,-0.605297,0,0,0,0,0,0,0.395349,47.11829,YELLOW
2024-07-19T00:00:00+00:00,-0.275577,11.450747,12.273058,-0.822311,0,0,0,0,0,0,0.44186,46.593921,YELLOW
2024-07-20T00:00:00+00:00,4.26829,15.181982,13.96556,1.216423,0,0,0,0,0,0,0.325581,49.707385,YELLOW
2024-07-21T00:00:00+00:00,0.774508,13.614498,12.820614,0.793884,0,0,0,0,0,0,0.340909,49.267244,YELLOW
2024-07-22T00:00:00+00:00,1.312494,11.725532,11.481124,0.244408,0,0,0,0,0,0,0.477273,47.961009,YELLOW
2024-07-23T00:00:00+00:00,-0.705595,4.275781,0.53853,3.737251,0,0,0,0,0,0,0.272727,63.200475,YELLOWGREEN
2024-07-24T00:00:00+00:00,-2.463174,1.19729,0.031634,1.165656,0,0,0,0,0,0,0.454545,63.940043,YELLOWGREEN
2024-07-25T00:00:00+00:00,-0.817201,1.975825,-1.263232,3.239057,0,0,0,0,0,0,0.204545,76.285857,GREEN
2024-07-26T00:00:00+00:00,0.529679,2.79926,-5.127197,7.926457,0,0,0,0,0,0,0.090909,96.722363,GREEN
2024-07-27T00:00:00+00:00,3.300888,1.845488,-3.689931,5.535419,0,0,0,0,0,0,0.227273,98.827125,GREEN
2024-07-28T00:00:00+00:00,0.198927,1.26379,-5.066181,6.329972,0,0,0,0,0,0,0.181818,99.090909,GREEN
2024-07-29T00:00:00+00:00,0.27454,0.226335,-6.354897,6.581232,0,0,0,0,0,0,0.204545,98.977273,GREEN
2024-07-30T00:00:00+00:00,-2.156914,-1.238605,-1.658093,0.419488,0,0,0,0,0,0,0.5,53.140074,YELLOW
2024-07-31T00:00:00+00:00,-0.825621,0.419508,-2.565089,2.984596,0,0,0,0,0,0,0.272727,98.636364,GREEN
2024-08-01T00:00:00+00:00,-2.324516,-1.106601,-2.815446,1.708844,0,0,0,0,0,0,0.272727,74.35025,GREEN
2024-08-02T00:00:00+00:00,1.047856,-0.596858,-0.164842,-0.432016,0,0,0,0,0,0,0.227273,36.820205,ORANGE
2024-08-03T00:00:00+00:00,-6.044038,-9.589182,-10.242962,0.65378,0,0,0,0,0,0,0.409091,49.090741,YELLOW
2024-08-04T00:00:00+00:00,-1.088715,-10.751039,-13.789568,3.038529,0,0,0,0,0,0,0.272727,53.346368,YELLOW
2024-08-05T00:00:00+00:00,-4.498839,-14.999566,-17.332721,2.333156,0,0,0,0,0,0,0.295455,51.115024,YELLOW
2024-08-06T00:00:00+00:00,-6.981916,-19.19125,-24.798875,5.607625,0,0,0,0,0,0,0.363636,53.051514,YELLOW
2024-08-07T00:00:00+00:00,3.71334,-15.492837,-20.021826,4.528989,0,0,0,0,0,0,0.295455,53.394544,YELLOW
2024-08-08T00:00:00+00:00,-1.536618,-14.811162,-19.137519,4.326357,0,0,0,0,0,0,0.272727,53.504386,YELLOW
2024-08-09T00:00:00+00:00,12.266943,-5.352861,-8.872197,3.519336,0,0,0,0,0,0,0.272727,59.592119,YELLOWGREEN
2024-08-10T00:00:00+00:00,-1.53,-0.805616,-3.745193,2.939577,0,0,0,0,0,0,0.295455,98.522727,GREEN
2024-08-11T00:00:00+00:00,-0.040845,0.245253,1.891091,-1.645838,0,0,0,0,0,0,0.477273,0,RED
2024-08-12T00:00:00+00:00,-3.42183,1.375763,2.87462,-1.498857,0,0,0,0,0,0,0.386364,29.923488,RED
2024-08-13T00:00:00+00:00,0.928232,9.996639,14.630343,-4.633704,0,0,0,0,0,0,0.704545,38.752609,ORANGE
2024-08-14T00:00:00+00:00,2.108083,8.29413,9.76256,-1.468429,0,0,0,0,0,0,0.363636,45.231434,YELLOW
2024-08-15T00:00:00+00:00,-3.072594,6.604801,12.576378,-5.971577,0,0,0,0,0,0,0.75,31.183502,ORANGE
2024-08-16T00:00:00+00:00,-1.898352,-6.846073,-3.399265,-3.446808,0,0,0,0,0,0,0.545455,38.882749,ORANGE
2024-08-17T00:00:00+00:00,2.182782,-3.333732,-0.745364,-2.588368,0,0,0,0,0,0,0.363636,35.245407,ORANGE
2024-08-18T00:00:00+00:00,0.932147,-2.392793,-1.654855,-0.737938,0,0,0,0,0,0,0.409091,42.81669,ORANGE
2024-08-19T00:00:00+00:00,-1.670006,-0.622303,2.486037,-3.108341,0,0,0,0,0,0,0.727273,0,RED
2024-08-20T00:00:00+00:00,1.945047,0.37889,-0.123972,0.502862,0,0,0,0,0,0,0.318182,70.470812,GREEN
2024-08-21T00:00:00+00:00,-0.864155,-2.543013,0.673607,-3.21662,0,0,0,0,0,0,0.636364,25.745047,RED
2024-08-22T00:00:00+00:00,3.529558,4.095211,2.658787,1.436424,0,0,0,0,0,0,0.454545,53.571796,YELLOW
2024-08-23T00:00:00+00:00,-1.238287,4.795603,7.301242,-2.505639,0,0,0,0,0,0,0.681818,37.884612,ORANGE
2024-08-24T00:00:00+00:00,6.064405,8.776479,12.572047,-3.795568,0,0,0,0,0,0,0.590909,39.838434,ORANGE
2024-08-25T00:00:00+00:00,0.167799,7.952728,15.009863,-7.057136,0,0,0,0,0,0,0.72093,31.607449,ORANGE
2024-08-26T00:00:00+00:00,0.169359,9.972096,13.974242,-4.002147,0,0,0,0,0,0,0.511628,40.753622,ORANGE
2024-08-27T00:00:00+00:00,-2.090116,5.619209,7.635948,-2.016739,0,0,0,0,0,0,0.477273,41.633018,ORANGE
2024-08-28T00:00:00+00:00,-5.397149,0.789763,0.970604,-0.180841,0,0,0,0,0,0,0.386364,44.256643,ORANGE
2024-08-29T00:00:00+00:00,-0.858885,-3.482545,-2.10059,-1.381955,0,0,0,0,0,0,0.568182,40.547268,ORANGE
2024-08-30T00:00:00+00:00,0.569824,-1.715521,-3.868243,2.152722,0,0,0,0,0,0,0.25,69.65198,YELLOWGREEN
2024-08-31T00:00:00+00:00,-0.329112,-7.640068,-3.708786,-3.931282,0,0,0,0,0,0,0.431818,39.266014,ORANGE
2024-09-01T00:00:00+00:00,-0.331342,-8.100302,-10.981241,2.880939,0,0,0,0,0,0,0.325581,54.298997,YELLOW
2024-09-02T00:00:00+00:00,-2.717968,-10.749261,-13.520006,2.770745,0,0,0,0,0,0,0.227273,53.159261,YELLOW
2024-09-03T00:00:00+00:00,3.0528,-6.061184,-6.155599,0.094414,0,0,0,0,0,0,0.5,47.759572,YELLOW
2024-09-04T00:00:00+00:00,-2.713971,-3.39684,-4.758548,1.361707,0,0,0,0,0,0,0.363636,54.861096,YELLOW
2024-09-05T00:00:00+00:00,0.840468,-1.74099,-3.988622,2.247632,0,0,0,0,0,0,0.386364,69.572628,YELLOWGREEN
2024-09-06T00:00:00+00:00,-3.199707,-5.423907,-5.478185,0.054278,0,0,0,0,0,0,0.568182,47.325846,YELLOW
2024-09-07T00:00:00+00:00,-3.935425,-8.845879,-11.176695,2.330816,0,0,0,0,0,0,0.5,51.891033,YELLOW
2024-09-08T00:00:00+00:00,0.422048,-8.15685,-6.091935,-2.064916,0,0,0,0,0,0,0.772727,41.917696,ORANGE
2024-09-09T00:00:00+00:00,1.184595,-4.472473,1.97817,-6.450644,0,0,0,0,0,0,0.840909,21.762512,RED
2024-09-10T00:00:00+00:00,4.118657,-3.484449,2.430591,-5.915039,0,0,0,0,0,0,0.795455,17.738282,RED
2024-09-11T00:00:00+00:00,1.007979,0.208024,9.076176,-8.868153,0,0,0,0,0,0,0.772727,0,RED
2024-09-12T00:00:00+00:00,-0.420652,-1.045187,5.889594,-6.934781,0,0,0,0,0,0,0.636364,0,RED
2024-09-13T00:00:00+00:00,1.263793,3.517659,13.322446,-9.804787,0,0,0,0,0,0,0.681818,0.149032,RED
2024-09-14T00:00:00+00:00,4.325948,12.419982,21.953367,-9.533385,0,0,0,0,0,0,0.431818,35.048866,ORANGE
2024-09-15T00:00:00+00:00,-1.018347,10.807497,19.258249,-8.450752,0,0,0,0,0,0,0.386364,35.03715,ORANGE
2024-09-16T00:00:00+00:00,-1.31409,8.071182,11.106767,-3.035586,0,0,0,0,0,0,0.272727,42.368778,ORANGE
2024-09-17T00:00:00+00:00,-1.69498,2.036849,3.952735,-1.915885,0,0,0,0,0,0,0.209302,33.284309,ORANGE
2024-09-18T00:00:00+00:00,3.617708,4.673162,5.698414,-1.025253,0,0,0,0,0,0,0.186047,45.414022,YELLOW
2024-09-19T00:00:00+00:00,1.862459,7.073062,10.296061,-3.222999,0,0,0,0,0,0,0.25,41.156533,ORANGE
2024-09-20T00:00:00+00:00,2.483898,8.363161,8.380786,-0.017625,0,0,0,0,0,0,0.318182,48.373971,YELLOW
2024-09-21T00:00:00+00:00,0.256796,4.136541,6.914017,-2.777476,0,0,0,0,0,0,0.431818,36.6528,ORANGE
2024-09-22T00:00:00+00:00,0.435903,5.666527,9.190857,-3.52433,0,0,0,0,0,0,0.522727,37.022259,ORANGE
2024-09-23T00:00:00+00:00,0.28263,7.376192,11.523073,-4.146881,0,0,0,0,0,0,0.431818,38.47221,ORANGE
2024-09-24T00:00:00+00:00,-0.401954,8.788532,16.2559,-7.467368,0,0,0,0,0,0,0.767442,32.003205,ORANGE
2024-09-25T00:00:00+00:00,1.590342,6.659994,15.429344,-8.76935,0,0,0,0,0,0,0.767442,24.220745,RED
2024-09-26T00:00:00+00:00,-1.837661,2.785606,11.843042,-9.057436,0,0,0,0,0,0,0.790698,0,RED
2024-09-27T00:00:00+00:00,3.133507,3.437127,11.028985,-7.591858,0,0,0,0,0,0,0.744186,9.476774,RED
2024-09-28T00:00:00+00:00,1.013704,4.218046,12.784325,-8.566279,0,0,0,0,0,0,0.681818,12.751196,RED
2024-09-29T00:00:00+00:00,0.217514,3.991434,9.329598,-5.338164,0,0,0,0,0,0,0.477273,25.329132,RED
2024-09-30T00:00:00+00:00,-0.410133,3.27305,10.203468,-6.930418,0,0,0,0,0,0,0.590909,11.765917,RED
2024-10-01T00:00:00+00:00,-3.686078,-0.132252,6.797386,-6.929638,0,0,0,0,0,0,0.477273,0,RED
2024-10-02T00:00:00+00:00,-3.748393,-5.380462,-0.768984,-4.611478,0,0,0,0,0,0,0.348837,33.973828,ORANGE
2024-10-03T00:00:00+00:00,-0.35666,-3.952913,-2.234008,-1.718906,0,0,0,0,0,0,0.186047,41.82418,ORANGE
2024-10-04T00:00:00+00:00,0.119205,-6.7601,-3.93633,-2.82377,0,0,0,0,0,0,0.181818,42.130085,ORANGE
2024-10-05T00:00:00+00:00,2.264441,-5.605617,-4.97495,-0.630667,0,0,0,0,0,0,0.25,46.87523,YELLOW
2024-10-06T00:00:00+00:00,-0.017838,-5.827294,-5.994041,0.166746,0,0,0,0,0,0,0.288889,49.032385,YELLOW
2024-10-07T00:00:00+00:00,1.159357,-4.343177,-1.730161,-2.613015,0,0,0,0,0,0,0.355556,38.197249,ORANGE
2024-10-08T00:00:00+00:00,-0.83489,-1.511442,0.787039,-2.298481,0,0,0,0,0,0,0.318182,23.080501,RED
2024-10-09T00:00:00+00:00,-0.164013,2.156242,7.792301,-5.636059,0,0,0,0,0,0,0.386364,4.524467,RED
2024-10-10T00:00:00+00:00,-2.55379,-0.096297,7.096163,-7.19246,0,0,0,0,0,0,0.5,0,RED
2024-10-11T00:00:00+00:00,-0.663348,-0.877164,5.447905,-6.325069,0,0,0,0,0,0,0.75,0,RED
2024-10-12T00:00:00+00:00,3.650059,0.465887,5.415993,-4.950106,0,0,0,0,0,0,0.363636,0,RED
2024-10-13T00:00:00+00:00,1.306939,1.797074,12.569731,-10.772656,0,0,0,0,0,0,0.613636,0,RED
2024-10-14T00:00:00+00:00,-0.598403,0.028233,6.904218,-6.875985,0,0,0,0,0,0,0.444444,0,RED
2024-10-15T00:00:00+00:00,5.125712,6.040717,9.771164,-3.730447,0,0,0,0,0,0,0.409091,37.663743,ORANGE
2024-10-16T00:00:00+00:00,1.381113,7.681872,8.393839,-0.711968,0,0,0,0,0,0,0.227273,47.319145,YELLOW
2024-10-17T00:00:00+00:00,1.023449,11.63486,11.506442,0.128418,0,0,0,0,0,0,0.25,48.93394,YELLOW
2024-10-18T00:00:00+00:00,-0.472211,11.84966,7.512151,4.337509,0,0,0,0,0,0,0.204545,55.077509,YELLOWGREEN
2024-10-19T00:00:00+00:00,1.689508,9.734013,6.950564,2.783449,0,0,0,0,0,0,0.272727,53.401722,YELLOW
2024-10-20T00:00:00+00:00,-0.112097,8.196936,2.762736,5.4342,0,0,0,0,0,0,0.155556,60.270125,YELLOWGREEN
2024-10-21T00:00:00+00:00,0.839256,9.761803,6.532078,3.229726,0,0,0,0,0,0,0.355556,53.73588,YELLOW
2024-10-22T00:00:00+00:00,-2.273647,2.036129,0.120794,1.915335,0,0,0,0,0,0,0.222222,64.559105,YELLOWGREEN
2024-10-23T00:00:00+00:00,-0.065005,0.580668,0.54838,0.032287,0,0,0,0,0,0,0.355556,49.147358,YELLOW
2024-10-24T00:00:00+00:00,-0.990452,-1.424407,-0.358379,-1.066027,0,0,0,0,0,0,0.266667,36.202069,ORANGE
2024-10-25T00:00:00+00:00,2.294531,1.315865,4.812663,-3.496798,0,0,0,0,0,0,0.340909,4.038848,RED
2024-10-26T00:00:00+00:00,-2.387172,-2.745836,-1.775076,-0.97076,0,0,0,0,0,0,0.155556,43.332049,ORANGE
2024-10-27T00:00:00+00:00,0.649539,-2.004283,0.354744,-2.359026,0,0,0,0,0,0,0.288889,28.94879,RED
2024-10-28T00:00:00+00:00,1.373343,-1.485257,-0.945488,-0.539769,0,0,0,0,0,0,0.177778,43.058221,ORANGE
2024-10-29T00:00:00+00:00,2.806581,3.635955,1.491024,2.144931,0,0,0,0,0,0,0.111111,59.273778,YELLOWGREEN
2024-10-30T00:00:00+00:00,4.203301,8.062332,4.50756,3.554772,0,0,0,0,0,0,0.136364,56.66579,YELLOWGREEN
2024-10-31T00:00:00+00:00,-0.60248,8.485778,2.874659,5.611119,0,0,0,0,0,0,0.136364,60.337517,YELLOWGREEN
2024-11-01T00:00:00+00:00,-2.871923,3.006632,-2.219325,5.225957,0,0,0,0,0,0,0.133333,78.292757,GREEN
2024-11-02T00:00:00+00:00,-1.077457,4.388718,2.068755,2.319963,0,0,0,0,0,0,0.288889,57.363879,YELLOWGREEN
2024-11-03T00:00:00+00:00,-0.300343,3.403548,-2.03691,5.440458,0,0,0,0,0,0,0.111111,76.077731,GREEN
2024-11-04T00:00:00+00:00,-0.715238,1.273139,-5.515558,6.788697,0,0,0,0,0,0,0.133333,99.333333,GREEN
2024-11-05T00:00:00+00:00,-1.468251,-2.937931,-8.437032,5.499102,0,0,0,0,0,0,0.244444,79.963165,GREEN
2024-11-06T00:00:00+00:00,2.27475,-4.734316,-7.721134,2.986818,0,0,0,0,0,0,0.272727,59.148927,YELLOWGREEN
2024-11-07T00:00:00+00:00,9.065295,4.531581,3.798044,0.733537,0,0,0,0,0,0,0.355556,50.919498,YELLOW
2024-11-08T00:00:00+00:00,0.484464,8.143805,11.033489,-2.889684,0,0,0,0,0,0,0.577778,41.197968,ORANGE
2024-11-09T00:00:00+00:00,0.740624,10.131361,11.518898,-1.387537,0,0,0,0,0,0,0.511111,45.162092,YELLOW
2024-11-10T00:00:00+00:00,0.104775,10.578867,21.097261,-10.518394,0,0,0,0,0,0,0.777778,29.541284,RED
2024-11-11T00:00:00+00:00,5.006497,16.951477,30.829286,-13.87781,0,0,0,0,0,0,0.711111,32.800607,ORANGE
2024-11-12T00:00:00+00:00,10.154141,30.746582,40.79262,-10.046038,0,0,0,0,0,0,0.533333,41.887898,ORANGE
2024-11-13T00:00:00+00:00,-0.420613,27.30087,32.785526,-5.484657,0,0,0,0,0,0,0.377778,44.762954,ORANGE
2024-11-14T00:00:00+00:00,2.51913,19.660195,18.927992,0.732203,0,0,0,0,0,0,0.2,49.620684,YELLOW
2024-11-15T00:00:00+00:00,-3.404412,15.029195,9.811173,5.218022,0,0,0,0,0,0,0.244444,54.563933,YELLOW
2024-11-16T00:00:00+00:00,4.050524,18.808556,17.482262,1.326294,0,0,0,0,0,0,0.355556,49.397418,YELLOW
2024-11-17T00:00:00+00:00,-0.375512,18.238532,19.095054,-0.856521,0,0,0,0,0,0,0.511111,46.661784,YELLOW
2024-11-18T00:00:00+00:00,-0.844292,11.650476,8.431069,3.219407,0,0,0,0,0,0,0.222222,53.494038,YELLOW
2024-11-19T00:00:00+00:00,0.771529,2.14041,7.062439,-4.922028,0,0,0,0,0,0,0.6,8.691695,RED
2024-11-20T00:00:00+00:00,1.896543,4.517159,7.649697,-3.132538,0,0,0,0,0,0,0.355556,36.666862,ORANGE
2024-11-21T00:00:00+00:00,2.130444,4.120898,7.138609,-3.017711,0,0,0,0,0,0,0.377778,35.909162,ORANGE
2024-11-22T00:00:00+00:00,4.555542,12.700974,17.365744,-4.664769,0,0,0,0,0,0,0.577778,40.990319,ORANGE
2024-11-23T00:00:00+00:00,0.424708,8.773719,16.23176,-7.45804,0,0,0,0,0,0,0.644444,32.612005,ORANGE
2024-11-24T00:00:00+00:00,-1.261561,7.806297,13.939569,-6.133272,0,0,0,0,0,0,0.688889,33.462522,ORANGE
2024-11-25T00:00:00+00:00,0.344465,9.098764,20.358543,-11.259779,0,0,0,0,0,0,0.622222,26.266049,RED
2024-11-26T00:00:00+00:00,-5.112673,2.728322,11.804494,-9.076172,0,0,0,0,0,0,0.733333,0,RED
2024-11-27T00:00:00+00:00,-1.153566,-0.346684,12.168699,-12.515383,0,0,0,0,0,0,0.76087,0,RED
2024-11-28T00:00:00+00:00,4.404731,1.872441,28.089039,-26.216598,0,0,0,0,0,0,0.891304,0,RED
2024-11-29T00:00:00+00:00,-0.332966,-2.890618,19.604629,-22.495247,0,0,0,0,0,0,0.891304,0,RED
2024-11-30T00:00:00+00:00,1.872906,-1.49023,19.242661,-20.732891,0,0,0,0,0,0,0.891304,0,RED
2024-12-01T00:00:00+00:00,-0.964673,-1.194029,18.779169,-19.973198,0,0,0,0,0,0,0.869565,0,RED
2024-12-02T00:00:00+00:00,0.827416,-0.718484,22.992897,-23.71138,0,0,0,0,0,0,0.891304,0,RED
2024-12-03T00:00:00+00:00,-1.519417,3.041175,25.690589,-22.649415,0,0,0,0,0,0,0.826087,0,RED
2024-12-04T00:00:00+00:00,0.207125,4.459609,31.865954,-27.406345,0,0,0,0,0,0,0.847826,0,RED
2024-12-05T00:00:00+00:00,2.967604,3.021727,22.914336,-19.892609,0,0,0,0,0,0,0.782609,0,RED
2024-12-06T00:00:00+00:00,-1.698973,1.609741,25.567195,-23.957454,0,0,0,0,0,0,0.87234,0,RED
2024-12-07T00:00:00+00:00,2.852169,2.586475,26.454285,-23.867809,0,0,0,0,0,0,0.808511,0,RED
2024-12-08T00:00:00+00:00,-0.192072,3.38678,19.627523,-16.240743,0,0,0,0,0,0,0.765957,0,RED
2024-12-09T00:00:00+00:00,1.45672,4.032058,17.979979,-13.947921,0,0,0,0,0,0,0.744681,0,RED
2024-12-10T00:00:00+00:00,-3.83406,1.586936,8.22078,-6.633844,0,0,0,0,0,0,0.319149,0,RED
2024-12-11T00:00:00+00:00,-0.723373,0.643625,-1.413315,2.05694,0,0,0,0,0,0,0.195652,99.021739,GREEN
2024-12-12T00:00:00+00:00,4.628988,2.267511,7.808139,-5.540627,0,0,0,0,0,0,0.326087,7.662791,RED
2024-12-13T00:00:00+00:00,-1.110334,2.879902,3.263283,-0.383381,0,0,0,0,0,0,0.361702,45.973546,YELLOW
2024-12-14T00:00:00+00:00,1.35141,1.378739,0.625907,0.752832,0,0,0,0,0,0,0.212766,58.030061,YELLOWGREEN
2024-12-15T00:00:00+00:00,0.014584,1.588647,-1.157157,2.745804,0,0,0,0,0,0,0.191489,77.830965,GREEN
2024-12-16T00:00:00+00:00,3.309253,3.443589,-1.685501,5.12909,0,0,0,0,0,0,0.255319,73.540541,GREEN
2024-12-17T00:00:00+00:00,1.291622,8.957172,9.051603,-0.094431,0,0,0,0,0,0,0.297872,48.334949,YELLOW
2024-12-18T00:00:00+00:00,-0.036949,9.710529,6.771273,2.939256,0,0,0,0,0,0,0.26087,53.739925,YELLOW
2024-12-19T00:00:00+00:00,-5.356101,-0.759508,-7.084074,6.324566,0,0,0,0,0,0,0.191489,99.042553,GREEN
2024-12-20T00:00:00+00:00,-2.49535,-2.149437,-12.424481,10.275044,0,0,0,0,0,0,0.12766,99.361702,GREEN
2024-12-21T00:00:00+00:00,-0.163431,-3.611953,-10.353536,6.741582,0,0,0,0,0,0,0.23913,79.903477,GREEN
2024-12-22T00:00:00+00:00,-0.500156,-4.108028,-12.778944,8.670915,0,0,0,0,0,0,0.152174,84.409305,GREEN
2024-12-23T00:00:00+00:00,-2.169228,-9.193172,-16.317335,7.124163,0,0,0,0,0,0,0.170213,62.06321,YELLOWGREEN
2024-12-24T00:00:00+00:00,-0.472545,-10.774728,-9.879194,-0.895534,0,0,0,0,0,0,0.659574,45.317018,YELLOW
2024-12-25T00:00:00+00:00,4.280001,-6.921493,-2.726129,-4.195365,0,0,0,0,0,0,0.489362,37.452388,ORANGE
2024-12-26T00:00:00+00:00,0.65782,-1.007041,1.24049,-2.247531,0,0,0,0,0,0,0.425532,10.712302,RED
2024-12-27T00:00:00+00:00,-3.690818,-2.220758,2.08515,-4.305907,0,0,0,0,0,0,0.489362,15.252134,RED
2024-12-28T00:00:00+00:00,-1.407179,-3.438876,0.363624,-3.802499,0,0,0,0,0,0,0.630435,28.424199,RED
2024-12-29T00:00:00+00:00,0.903906,-2.076283,7.13048,-9.206762,0,0,0,0,0,0,0.893617,0,RED
2024-12-30T00:00:00+00:00,-1.598128,-1.50464,4.831175,-6.335815,0,0,0,0,0,0,0.531915,0,RED
2024-12-31T00:00:00+00:00,-1.106264,-2.131788,-2.699521,0.567733,0,0,0,0,0,0,0.276596,53.053569,YELLOW
2025-01-01T00:00:00+00:00,0.950667,-5.256414,-7.628632,2.372218,0,0,0,0,0,0,0.234043,56.350019,YELLOWGREEN
2025-01-02T00:00:00+00:00,0.937159,-4.993488,-3.41925,-1.574238,0,0,0,0,0,0,0.744681,41.023344,ORANGE
2025-01-03T00:00:00+00:00,2.614814,1.226855,5.744034,-4.517179,0,0,0,0,0,0,0.723404,0,RED
2025-01-04T00:00:00+00:00,1.272244,3.977863,10.472536,-6.494673,0,0,0,0,0,0,0.787234,18.858935,RED
2025-01-05T00:00:00+00:00,0.175763,3.227538,7.282669,-4.055131,0,0,0,0,0,0,0.638298,25.874722,RED
2025-01-06T00:00:00+00:00,0.109764,5.019185,10.443247,-5.424062,0,0,0,0,0,0,0.680851,28.588235,RED
2025-01-07T00:00:00+00:00,3.929061,10.366398,12.319578,-1.95318,0,0,0,0,0,0,0.510638,44.306869,ORANGE
2025-01-08T00:00:00+00:00,-5.16221,3.68337,4.930237,-1.246867,0,0,0,0,0,0,0.425532,42.231995,ORANGE
2025-01-09T00:00:00+00:00,-1.996227,0.670174,-0.353514,1.023688,0,0,0,0,0,0,0.319149,73.824585,GREEN
2025-01-10T00:00:00+00:00,-2.77892,-4.621344,-6.577512,1.956168,0,0,0,0,0,0,0.173913,56.183739,YELLOWGREEN
2025-01-11T00:00:00+00:00,2.555148,-3.413099,-9.902251,6.489152,0,0,0,0,0,0,0.086957,81.243421,GREEN
2025-01-12T00:00:00+00:00,-0.186913,-3.762782,-8.432271,4.669488,0.008498,0.008811,-0.000313,-0.000016,0,0,0.173913,69.807722,YELLOWGREEN
2025-01-13T00:00:00+00:00,-0.110809,-3.974823,-10.622051,6.647228,0.002699,0.008646,-0.005947,-0.000313,0,0,0.170213,77.014141,GREEN
2025-01-14T00:00:00+00:00,0.001671,-7.603532,-12.667512,5.063979,0.004793,0.00796,-0.003167,-0.000471,0,0,0.234043,59.928386,YELLOWGREEN
2025-01-15T00:00:00+00:00,2.242018,-0.389905,-2.149904,1.759999,0.008486,0.005588,0.002898,-0.000326,0,6.497087,0.404255,97.00416,GREEN
2025-01-16T00:00:00+00:00,3.871717,5.574217,6.565632,-0.991415,0.009827,0.009413,0.000414,-0.000306,0,6.278435,0.617021,43.009373,ORANGE
2025-01-17T00:00:00+00:00,-0.267735,8.301161,10.483211,-2.18205,0.010855,0.008253,0.002602,-0.000176,0,11.72161,0.521739,41.252577,ORANGE
2025-01-18T00:00:00+00:00,4.11428,9.947649,15.228913,-5.281264,0.009264,0.011659,-0.002394,-0.000295,0,5.64182,0.695652,36.827927,ORANGE
2025-01-19T00:00:00+00:00,0.166975,10.337469,5.354828,4.98264,0.015264,0.013652,0.001612,-0.000215,0,3.837242,0.234043,56.286726,YELLOWGREEN
2025-01-20T00:00:00+00:00,-2.93218,7.220986,0.768147,6.452839,0.010946,0.019757,-0.008812,-0.000655,0,-1.915424,0.212766,63.827823,YELLOWGREEN
2025-01-21T00:00:00+00:00,0.483406,7.737499,4.719184,3.018315,0.008028,0.009912,-0.001884,-0.00075,0,2.846503,0.297872,54.584309,YELLOW
2025-01-22T00:00:00+00:00,4.340719,9.949004,3.754711,6.194293,0.00791,0.007097,0.000812,-0.000678,0,2.116914,0.26087,58.753811,YELLOWGREEN
2025-01-23T00:00:00+00:00,-2.362638,3.349892,-5.586757,8.936649,0.007667,0.007188,0.000479,-0.000059,0,1.152848,0.217391,93.189216,GREEN
2025-01-24T00:00:00+00:00,0.380111,4.021238,-5.321855,9.343093,0.007779,0.006168,0.001611,0.000338,0.676382,-3.370799,0.195652,79.281292,GREEN
2025-01-25T00:00:00+00:00,0.737581,0.647556,-11.052102,11.699658,0.00788,0.009325,-0.001445,-0.000024,0,-2.908519,0.06383,99.680851,GREEN
2025-01-26T00:00:00+00:00,-0.037346,0.442255,-7.123507,7.565762,0.006233,0.009605,-0.003373,-0.000234,0,-3.691276,0.191489,99.042553,GREEN
2025-01-27T00:00:00+00:00,-2.141104,1.260832,9.329673,-8.068842,0.003398,0.00523,-0.001831,-0.000586,0,-1.531159,0.276596,0,RED
2025-01-28T00:00:00+00:00,-0.579002,0.190204,-6.045642,6.235846,0.004269,0.007748,-0.003479,-0.00052,0,-4.020608,0.208333,98.958333,GREEN
2025-01-29T00:00:00+00:00,-0.632961,-4.58563,-8.134742,3.549113,0.005687,0.008258,-0.002571,-0.00081,0,-0.944051,0.234043,61.726376,YELLOWGREEN
2025-01-30T00:00:00+00:00,2.374684,0.043834,-4.273082,4.316916,0.0073,0.008087,-0.000786,0.000032,0.063865,-1.482606,0.170213,98.35062,GREEN
2025-01-31T00:00:00+00:00,1.024436,0.686,-0.104672,0.790671,0.00826,0.00739,0.00087,0.000264,0.527665,4.174767,0.404255,59.938446,YELLOWGREEN
2025-02-01T00:00:00+00:00,-2.28964,-2.339671,0.469998,-2.809669,0.006407,0.005933,0.000473,0.000191,0.381268,-1.193814,0.553191,22.46204,RED
2025-02-02T00:00:00+00:00,-1.667871,-3.932642,4.141639,-8.074281,0.002051,0.004513,-0.002462,-0.000278,0,-3.656576,0.085106,15.364096,RED
2025-02-03T00:00:00+00:00,-3.08565,-4.859896,-14.5129,9.653005,-0.014933,0.000032,-0.014965,-0.001345,0,-4.177412,0.104167,82.57665,GREEN
2025-02-04T00:00:00+00:00,3.995707,-0.482166,-9.538538,9.056372,-0.004478,0.005942,-0.01042,-0.001577,0,-7.717573,0.125,99.375,GREEN
2025-02-05T00:00:00+00:00,-3.300015,-3.153267,-14.069506,10.916239,-0.000517,0.005719,-0.006236,-0.001531,0,-6.687035,0.170213,99.148936,GREEN
2025-02-06T00:00:00+00:00,-1.564999,-6.880219,-17.324114,10.443896,-0.00331,0.005654,-0.008965,-0.001666,0,-6.724637,0.148936,74.550973,GREEN
2025-02-07T00:00:00+00:00,0.054391,-7.774363,-24.555533,16.78117,-0.004164,0.0039,-0.008065,-0.001841,0,-0.655233,0.083333,85.554154,GREEN
2025-02-08T00:00:00+00:00,-0.079642,-5.688417,-24.517521,18.829104,-0.000973,0.003598,-0.004571,-0.001732,0,-0.879777,0.020833,99.895833,GREEN
2025-02-09T00:00:00+00:00,-0.000226,-4.088958,-14.717872,10.628914,-0.000387,0.005318,-0.005705,-0.002379,0,-0.355822,0.148936,92.56837,GREEN
2025-02-10T00:00:00+00:00,-0.010003,-1.045153,-5.4341,4.388947,0.002518,0.007492,-0.004975,-0.002809,0,1.996255,0.297872,98.360919,GREEN
2025-02-11T00:00:00+00:00,0.881839,-4.008086,-8.39766,4.389574,0.010864,0.004729,0.006135,-0.002509,0,4.647667,0.276596,66.516887,YELLOWGREEN
2025-02-12T00:00:00+00:00,-1.704317,-2.424072,-2.891105,0.467032,0.009009,0.006868,0.002141,-0.002132,0,5.132376,0.531915,50.165247,YELLOW
2025-02-13T00:00:00+00:00,2.189484,1.297644,3.869946,-2.572302,-0.037699,0.007512,-0.045211,-0.002815,0,1.949721,0.75,12.94487,RED
2025-02-14T00:00:00+00:00,-1.302713,-0.076323,6.475147,-6.55147,0.002796,0.005125,-0.00233,-0.001962,0,0.397919,0.8125,0,RED
2025-02-15T00:00:00+00:00,0.959819,0.963173,11.16722,-10.204047,-0.002217,0.005965,-0.008181,-0.001916,0,-1.703979,0.916667,0,RED
2025-02-16T00:00:00+00:00,0.083569,1.047776,3.537741,-2.489965,-0.005648,0.00586,-0.011508,-0.001686,0,-1.326895,0.531915,7.771045,RED
2025-02-17T00:00:00+00:00,-1.455984,-0.413502,2.483996,-2.897498,-0.007278,0.006855,-0.014133,-0.001761,0,-0.288473,0.702128,0,RED
2025-02-18T00:00:00+00:00,-0.388137,-1.667171,1.645559,-3.31273,-0.01122,0.009258,-0.020479,-0.002456,0,3.226965,0.659574,13.362684,RED
2025-02-19T00:00:00+00:00,-0.292626,-0.254947,-1.933359,1.678413,-0.008088,0.006207,-0.014295,-0.00264,0,2.419572,0.255319,98.541936,GREEN
2025-02-20T00:00:00+00:00,1.108927,-1.309655,-2.436668,1.127012,-0.014753,0.001905,-0.016658,-0.002932,0,5.705034,0.425532,61.775872,YELLOWGREEN
2025-02-21T00:00:00+00:00,1.894721,1.887554,2.947787,-1.060233,-0.000775,0.010105,-0.01088,-0.004065,0,-3.138133,0.458333,38.351677,ORANGE
2025-02-22T00:00:00+00:00,-2.286098,-1.388191,-3.30463,1.916439,0.000349,0.007695,-0.007346,-0.00477,0,-4.78794,0.291667,71.533942,GREEN
2025-02-23T00:00:00+00:00,0.446245,-1.030848,0.705956,-1.736803,0.000977,0.007407,-0.006429,-0.001318,0,-8.634477,0.574468,19.074368,RED
2025-02-24T00:00:00+00:00,-0.245113,0.185248,0.631945,-0.446697,-0.001576,0.009031,-0.010608,-0.002137,0,-2.229513,0.446809,7.792605,RED
2025-02-25T00:00:00+00:00,-5.118682,-4.572527,-8.864715,4.292188,-0.004038,0.008664,-0.012702,-0.002266,0,-2.249057,0.106383,65.109508,YELLOWGREEN
2025-02-26T00:00:00+00:00,-2.889596,-7.058023,-2.610357,-4.447666,0.002016,0.008454,-0.006437,-0.001885,0,-9.465492,0.680851,36.094608,ORANGE
2025-02-27T00:00:00+00:00,-5.470804,-13.106285,-4.259583,-8.846701,0.002927,0.007746,-0.004819,-0.001116,0,-10.72838,0.673469,35.383563,ORANGE
2025-02-28T00:00:00+00:00,0.964277,-13.899748,-7.838399,-6.061349,0.001478,0.005355,-0.003877,0.00051,1,-11.527814,0.591837,27.273402,RED
2025-03-01T00:00:00+00:00,-0.315484,-12.163349,-5.774797,-6.388552,0.002316,0.001511,0.000805,0.001694,1,-3.839874,0.591837,25.787707,RED
2025-03-02T00:00:00+00:00,1.851397,-10.934594,-10.869306,-0.065288,0.004193,0.001026,0.003168,0.00327,1,5.551811,0.416667,34.900777,ORANGE
2025-03-03T00:00:00+00:00,9.599735,-2.144695,-0.312095,-1.8326,0.000867,0.006496,-0.005629,0.004383,1,-1.726033,0.604167,20.244461,RED
2025-03-04T00:00:00+00:00,-8.632173,-5.768314,-4.906657,-0.861657,-0.005231,0.002047,-0.007278,0.004861,1,-7.640991,0.395833,33.031638,ORANGE
2025-03-05T00:00:00+00:00,1.377179,-1.628023,-6.742103,5.114081,-0.001294,0.00374,-0.005034,0.002991,1,-10.0624,0.270833,86.145833,GREEN
2025-03-06T00:00:00+00:00,3.771899,7.990413,-2.968411,10.958824,-0.000734,0.005508,-0.006242,0.003624,1,0.34093,0.145833,59.575109,YELLOWGREEN
2025-03-07T00:00:00+00:00,-0.66518,6.247562,-2.928169,9.175731,0.000897,0.004047,-0.00315,0.004327,1,2.828755,0.166667,60.716601,YELLOWGREEN
2025-03-08T00:00:00+00:00,-3.586683,2.760993,-4.543787,7.304779,-0.001594,0.001296,-0.002891,0.004251,1,-4.090343,0.229167,80.433329,GREEN
2025-03-09T00:00:00+00:00,-0.726436,0.160138,-5.316433,5.476571,-0.007447,0.004112,-0.011559,0.003448,1,-5.914715,0.25,86.25,GREEN
2025-03-10T00:00:00+00:00,-6.25918,-14.332882,-24.215973,9.883091,-0.003318,0.0034,-0.006718,0.002476,1,-5.955104,0.145833,48.26236,YELLOW
2025-03-11T00:00:00+00:00,-2.436125,-8.523423,-13.587228,5.063805,-0.001037,0.003737,-0.004774,0.001442,1,-2.879878,0.208333,46.358915,YELLOW
2025-03-12T00:00:00+00:00,5.096429,-5.167399,-10.55334,5.385941,-0.000284,0.003764,-0.004048,0.00009,0.180289,0.450193,0.208333,64.039142,YELLOWGREEN
2025-03-13T00:00:00+00:00,1.310567,-7.416703,-12.824271,5.407569,-0.000609,0.003446,-0.004055,-0.000094,0,3.377792,0.208333,60.855142,YELLOWGREEN
2025-03-14T00:00:00+00:00,-3.320463,-9.891513,-14.818323,4.92681,-0.003224,0.001724,-0.004949,0.000019,0.038679,6.025773,0.3125,55.802654,YELLOWGREEN
2025-03-15T00:00:00+00:00,3.542352,-3.228672,-7.929916,4.701244,-0.002495,0.000833,-0.003328,0.000035,0.069705,5.481518,0.270833,71.624094,GREEN
2025-03-16T00:00:00+00:00,0.500147,-2.033007,-4.86948,2.836473,-0.002394,0.00072,-0.003114,-0.000027,0,1.945467,0.354167,71.325342,GREEN
2025-03-17T00:00:00+00:00,-2.110484,2.302727,10.599306,-8.296579,0.002003,0.00191,0.000093,-0.000342,0,-0.137581,0.270833,0,RED
2025-03-18T00:00:00+00:00,1.773075,6.716375,8.940931,-2.224556,-0.000001,0.004489,-0.00449,-0.0006,0,-2.014579,0.645833,41.251426,ORANGE
2025-03-19T00:00:00+00:00,-1.540683,-0.023041,2.986205,-3.009245,0.003564,0.001993,0.001571,0.000394,0.787501,8.032022,0.708333,0,RED
2025-03-20T00:00:00+00:00,4.87486,3.494334,8.059474,-4.56514,0.002234,0.004275,-0.002041,0.00077,1,-0.739029,0.75,11.982213,RED
2025-03-21T00:00:00+00:00,-2.931043,3.911204,7.37537,-3.464166,-0.000308,0.002802,-0.00311,0.001132,1,8.529536,0.666667,18.129285,RED
2025-03-22T00:00:00+00:00,-0.310084,0.045043,1.408256,-1.363212,0.00148,0.001316,0.000164,0.001703,1,-0.338916,0.416667,0,RED
2025-03-23T00:00:00+00:00,-0.257381,-0.709054,-0.796171,0.087117,0.002539,0.000889,0.00165,0.00191,1,11.326052,0.541667,35.987064,ORANGE
2025-03-24T00:00:00+00:00,2.380143,3.845864,4.537488,-0.691625,0.004796,-0.001268,0.006064,0.002344,1,9.015909,0.5,30.651126,ORANGE
2025-03-25T00:00:00+00:00,1.795153,3.868391,5.521705,-1.653313,0.003584,-0.000286,0.003871,0.002619,1,8.764923,0.604167,26.043095,RED
2025-03-26T00:00:00+00:00,0.22084,5.726687,8.36094,-2.634253,0.004835,0.00207,0.002765,0.002756,1,0.249113,0.604167,26.776539,RED
2025-03-27T00:00:00+00:00,-0.639539,0.167498,0.845938,-0.67844,0.00309,0.000248,0.002843,0.002731,1,-4.978108,0.44898,0,RED
2025-03-28T00:00:00+00:00,0.306363,3.508245,5.467147,-1.958902,-0.000063,0.006476,-0.006539,0.002709,1,0.448033,0.604167,25.108433,RED
2025-03-29T00:00:00+00:00,-3.287736,0.416543,-0.741551,1.158094,-0.003454,0.003649,-0.007103,0.001619,1,-0.981952,0.270833,82.372334,GREEN
2025-03-30T00:00:00+00:00,-1.991829,-1.329624,-5.547703,4.218079,-0.002758,0.002364,-0.005122,0.001231,1,-2.76804,0.191489,86.542553,GREEN
2025-03-31T00:00:00+00:00,-0.390414,-3.99979,-7.870808,3.871018,-0.003671,0.004363,-0.008034,0.000901,1,-7.74533,0.212766,52.562228,YELLOW
2025-04-01T00:00:00+00:00,0.1915,-5.512151,-11.143776,5.631625,-0.016829,0.003155,-0.019984,-0.000317,0,1.935404,0.191489,65.922221,YELLOWGREEN
2025-04-02T00:00:00+00:00,3.300641,-2.608525,-9.288326,6.679801,-0.014066,0.003882,-0.017948,-0.001582,0,-2.686758,0.148936,91.91826,GREEN
2025-04-03T00:00:00+00:00,-3.180716,-5.099344,-14.682832,9.583487,-0.005126,0.007275,-0.012402,-0.003056,0,0.657192,0.085106,80.841651,GREEN
2025-04-04T00:00:00+00:00,0.772559,-4.658273,-14.856521,10.198249,-0.002384,0.007886,-0.01027,-0.004123,0,-2.916973,0.06383,86.160969,GREEN
2025-04-05T00:00:00+00:00,0.827305,-0.601547,-8.126972,7.525425,-0.002059,0.006375,-0.008433,-0.004976,0,1.100774,0.085106,99.409352,GREEN
2025-04-06T00:00:00+00:00,-0.305445,1.108759,-4.182457,5.291216,-0.009412,0.0048,-0.014212,-0.005967,0,-1.415069,0.170213,99.148936,GREEN
2025-04-07T00:00:00+00:00,-6.440989,-5.03288,-13.473776,8.440897,-0.022495,0.004043,-0.026538,-0.006864,0,-4.880107,0.085106,77.521424,GREEN
2025-04-08T00:00:00+00:00,1.237425,-4.041493,-11.522601,7.481108,-0.016132,0.006797,-0.022929,-0.007222,0,-3.022862,0.148936,80.098943,GREEN
2025-04-09T00:00:00+00:00,-3.599681,-10.451372,-18.291576,7.840204,-0.000912,0.005634,-0.006546,-0.007139,0,7.324348,0.106383,61.420235,YELLOWGREEN
2025-04-10T00:00:00+00:00,8.244668,0.116021,-1.301761,1.417782,-0.011492,0.004248,-0.01574,-0.007278,0,1.519735,0.510638,97.218848,GREEN
2025-04-11T00:00:00+00:00,-3.662229,-4.289874,-5.406245,1.116371,-0.005747,0.002928,-0.008675,-0.005705,0,10.649752,0.340426,51.835362,YELLOW
2025-04-12T00:00:00+00:00,4.828024,-0.4922,-2.342216,1.850017,-0.006689,0.00372,-0.010409,-0.004348,0,5.829534,0.304348,97.603831,GREEN
2025-04-13T00:00:00+00:00,2.236128,2.044612,3.146986,-1.102374,-0.014241,0.006214,-0.020455,-0.003828,0,7.734743,0.565217,37.032088,ORANGE
2025-04-14T00:00:00+00:00,-1.997861,6.890723,11.875576,-4.984853,-0.00567,0.002735,-0.008405,-0.003027,0,-0.098198,0.617021,34.859725,ORANGE
2025-04-15T00:00:00+00:00,1.103616,6.749442,9.721708,-2.972266,-0.004526,0.003481,-0.008007,-0.002446,0,-9.930894,0.510638,40.10836,ORANGE
2025-04-16T00:00:00+00:00,-1.025703,9.59975,10.438635,-0.838885,-0.004133,0.001703,-0.005836,-0.001175,0,-5.847053,0.361702,46.735206,YELLOW
2025-04-17T00:00:00+00:00,0.537062,1.795655,-0.73263,2.528285,-0.000596,0.002494,-0.00309,0.000998,1,-2.190883,0.255319,59.677034,YELLOWGREEN
2025-04-18T00:00:00+00:00,0.981061,6.702004,3.255703,3.446302,0.000512,0.003642,-0.00313,0.002779,1,7.592251,0.234043,43.759997,ORANGE
2025-04-19T00:00:00+00:00,-0.585368,1.191839,-0.351938,1.543777,0.001726,0.003433,-0.001707,0.003092,1,8.260107,0.565217,55.004963,YELLOWGREEN
2025-04-20T00:00:00+00:00,0.820658,-0.209173,-2.214281,2.005109,0.001819,0.002193,-0.000374,0.004246,1,1.713742,0.404255,85.221662,GREEN
2025-04-21T00:00:00+00:00,-0.062844,1.761161,0.974769,0.786393,0.003015,0.001628,0.001387,0.004183,1,2.381059,0.425532,42.452949,ORANGE
2025-04-22T00:00:00+00:00,2.796277,3.464831,0.763278,2.701552,0.00237,-0.006062,0.008432,0.004748,1,18.281911,0.170213,46.898014,YELLOW
2025-04-23T00:00:00+00:00,7.002831,11.857625,14.493569,-2.635944,0.003021,0.000999,0.002023,0.006275,1,15.509165,0.659574,28.171074,RED
2025-04-24T00:00:00+00:00,0.031297,11.294911,16.619648,-5.324737,0.000789,0.000507,0.000282,0.006616,1,11.71522,0.723404,24.269259,RED
2025-04-25T00:00:00+00:00,0.285626,10.528447,18.476422,-7.947975,0.005598,-0.003377,0.008975,0.007444,1,0.176994,0.702128,21.382261,RED
2025-04-26T00:00:00+00:00,0.959061,12.245532,20.347471,-8.101939,0.004878,0.002037,0.002841,0.007459,1,1.060652,0.680851,22.910478,RED
2025-04-27T00:00:00+00:00,-0.136163,11.180286,18.169242,-6.988956,0.004514,0.002906,0.001608,0.006521,1,-3.556655,0.553191,24.316402,RED
2025-04-28T00:00:00+00:00,-0.881966,10.269011,15.710167,-5.441157,0.000425,0.000922,-0.000497,0.005663,1,-5.538344,0.404255,26.648553,RED
2025-04-29T00:00:00+00:00,1.301863,8.66596,19.174634,-10.508674,0.003397,0.001371,0.002026,0.005608,1,-5.22953,0.744681,13.568292,RED
2025-04-30T00:00:00+00:00,-0.814734,0.726888,6.018624,-5.291736,0.004027,0.004096,-0.000069,0.004855,1,-2.364589,0.531915,0,RED
2025-05-01T00:00:00+00:00,-0.021862,0.673359,4.327102,-3.653743,0.005346,-0.004345,0.009691,0.004767,1,4.0034,0.404255,0,RED
2025-05-02T00:00:00+00:00,2.325224,2.720842,4.048672,-1.32783,0.004948,-0.004046,0.008994,0.003853,1,7.042363,0.276596,26.929961,RED
2025-05-03T00:00:00+00:00,0.444505,2.197307,2.233676,-0.036369,0.002165,0.001737,0.000428,0.002649,1,4.400527,0.319149,34.968438,ORANGE
2025-05-04T00:00:00+00:00,-0.96298,1.35117,-1.8052,3.15637,0.000206,0.003124,-0.002918,0.002055,1,-5.386918,0.234043,75.234781,GREEN
2025-05-05T00:00:00+00:00,-1.664095,0.551419,-1.501298,2.052717,0.002127,0.004185,-0.002058,0.000654,1,-4.792455,0.297872,86.010638,GREEN
2025-05-06T00:00:00+00:00,0.458199,-0.285995,-4.396128,4.110133,0.000726,0.003491,-0.002765,-0.00006,0,1.170852,0.340426,98.122245,GREEN
2025-05-07T00:00:00+00:00,2.211623,2.756496,-2.395115,5.151611,0.002589,0.001528,0.001061,-0.000322,0,3.666343,0.170213,79.735997,GREEN
2025-05-08T00:00:00+00:00,0.177546,2.961445,-2.457207,5.418653,0.006813,0.004898,0.001914,-0.000333,0,7.070892,0.191489,78.467164,GREEN
2025-05-09T00:00:00+00:00,6.235185,6.895718,7.09905,-0.203332,0.01106,0.00781,0.00325,-0.000459,0,1.605151,0.680851,45.863599,YELLOW
2025-05-10T00:00:00+00:00,-0.110341,6.305236,11.541076,-5.23584,0.012148,0.008551,0.003597,-0.000291,0,1.813112,0.744681,32.166898,ORANGE
2025-05-11T00:00:00+00:00,1.620336,9.078139,23.939526,-14.861387,0.009197,0.009676,-0.000479,-0.001214,0,-0.599726,0.87234,18.357098,RED
2025-05-12T00:00:00+00:00,-0.608633,10.2489,24.116503,-13.867603,0.010746,0.009374,0.001371,-0.001624,0,1.659626,0.791667,23.243555,RED
2025-05-13T00:00:00+00:00,-1.074322,8.567019,24.224636,-15.657617,0.009605,0.007271,0.002333,-0.001449,0,2.186487,0.895833,14.73538,RED
2025-05-14T00:00:00+00:00,1.271093,7.568008,28.683744,-21.115736,0.007898,0.004824,0.003074,-0.000989,0,-1.334096,0.916667,0,RED
2025-05-15T00:00:00+00:00,-0.566365,6.769215,22.866563,-16.097348,0.002801,0.004661,-0.001859,-0.000427,0,-0.416804,0.893617,5.904055,RED
2025-05-16T00:00:00+00:00,0.110455,0.613697,5.44201,-4.828313,0.005845,0.004044,0.001801,0.000081,0.162366,-1.179175,0.446809,0,RED
2025-05-17T00:00:00+00:00,-0.147351,0.576418,0.365743,0.210674,0.003509,0.004438,-0.000929,0.000009,0.018058,-0.497465,0.319149,54.259462,YELLOW
2025-05-18T00:00:00+00:00,-0.331869,-1.355732,-10.100115,8.744383,0.00561,0.007385,-0.001775,-0.000296,0,4.808666,0.085106,99.213818,GREEN
2025-05-19T00:00:00+00:00,2.730557,1.958358,-4.501769,6.460127,0.003656,0.006536,-0.002879,-0.000664,0,7.583044,0.170213,98.011479,GREEN
2025-05-20T00:00:00+00:00,-0.378402,2.675613,-5.704567,8.38018,0.005321,0.004849,0.000472,-0.001003,0,12.784735,0.12766,97.443992,GREEN
2025-05-21T00:00:00+00:00,1.095627,2.497713,-8.057219,10.554932,0.007949,0.010051,-0.002102,-0.000576,0,11.421217,0.085106,97.861286,GREEN
2025-05-22T00:00:00+00:00,2.696163,5.860777,-1.247813,7.10859,0.011589,0.008474,0.003116,-0.000108,0,11.742712,0.106383,67.918382,YELLOWGREEN
2025-05-23T00:00:00+00:00,1.727514,7.570719,6.087231,1.483488,0.008641,0.008291,0.00035,-0.000302,0,3.079765,0.510638,50.250259,YELLOW
2025-05-24T00:00:00+00:00,-3.893577,3.53493,1.344115,2.190815,0.005319,0.00517,0.000149,-0.000748,0,-4.013125,0.255319,59.049848,YELLOWGREEN
2025-05-25T00:00:00+00:00,0.573321,4.475238,5.716584,-1.241346,0.00326,0.005432,-0.002172,-0.000773,0,-5.501411,0.404255,43.356738,ORANGE
2025-05-26T00:00:00+00:00,0.955609,2.670146,2.501356,0.16879,0.006717,0.007965,-0.001248,-0.001154,0,1.546326,0.276596,49.438241,YELLOW
2025-05-27T00:00:00+00:00,0.473908,3.548537,3.297069,0.251468,0.007565,0.004058,0.003507,-0.000833,0,3.638399,0.361702,48.826486,YELLOW
2025-05-28T00:00:00+00:00,-0.282743,2.136724,3.672324,-1.5356,0.004794,0.005201,-0.000407,-0.00058,0,2.834313,0.595745,34.62389,ORANGE
2025-05-29T00:00:00+00:00,-1.127982,-1.666589,0.048172,-1.714761,0.004741,0.006471,-0.001731,-0.000216,0,-1.225913,0.489362,30.415066,ORANGE
2025-05-30T00:00:00+00:00,-1.940656,-5.212372,-5.880231,0.667859,0.000096,0.007091,-0.006995,-0.000433,0,-7.38094,0.234043,50.964872,YELLOW
2025-05-31T00:00:00+00:00,-1.640257,-2.989973,-8.402167,5.412195,-0.001344,0.006185,-0.007529,-0.000623,0,-7.868411,0.191489,79.201053,GREEN
2025-06-01T00:00:00+00:00,0.650497,-2.915531,-7.74398,4.828449,0.001469,0.005402,-0.003934,-0.001063,0,-5.574848,0.255319,76.315831,GREEN
2025-06-02T00:00:00+00:00,0.976715,-2.895234,-7.460938,4.565704,0.00532,0.006227,-0.000907,-0.001027,0,0.539193,0.212766,75.169524,GREEN
2025-06-03T00:00:00+00:00,0.165298,-3.193496,-5.375802,2.182306,0.005452,0.004288,0.001164,-0.00083,0,-1.214544,0.340426,59.683634,YELLOWGREEN
2025-06-04T00:00:00+00:00,-0.425241,-3.331834,-7.120925,3.789091,0.003747,0.003779,-0.000032,-0.000707,0,-3.294564,0.276596,67.565318,YELLOWGREEN
2025-06-05T00:00:00+00:00,-0.589522,-2.805376,-9.046791,6.241416,0.000127,0.004983,-0.004856,-0.000735,0,-2.345085,0.212766,86.003052,GREEN
2025-06-06T00:00:00+00:00,-3.016975,-3.872204,-11.329404,7.4572,-0.00066,-0.00293,0.00227,-0.001019,0,0.378166,0.170213,81.20943,GREEN
2025-06-07T00:00:00+00:00,2.714206,0.38345,-1.995494,2.378944,0.003782,0.00039,0.003392,-0.000897,0,2.52877,0.255319,98.344089,GREEN
2025-06-08T00:00:00+00:00,1.217994,0.949442,0.128161,0.821281,0.003725,-0.001881,0.005605,-0.000588,0,1.864684,0.468085,61.781609,YELLOWGREEN
2025-06-09T00:00:00+00:00,0.010213,-0.016799,-1.242075,1.225275,0.003792,0.00133,0.002462,0.000258,0.516914,8.110594,0.276596,91.547305,GREEN
2025-06-10T00:00:00+00:00,4.323238,4.133582,1.560631,2.572951,0.008388,0.008386,0.000003,0.000906,1,4.832084,0.340426,45.44473,YELLOW
2025-06-11T00:00:00+00:00,-0.044297,4.531966,5.709687,-1.177721,0.008187,0.006772,0.001415,0.001526,1,2.742432,0.617021,29.673321,RED
2025-06-12T00:00:00+00:00,-1.390725,3.689486,6.268575,-2.579089,0.002772,0.005474,-0.002703,0.001499,1,-7.672772,0.531915,23.192959,RED
2025-06-13T00:00:00+00:00,-2.485046,4.258199,7.939842,-3.681644,0.00187,0.003565,-0.001695,0.001306,1,-7.019593,0.361702,21.284852,RED
2025-06-14T00:00:00+00:00,0.062593,1.566726,2.904243,-1.337517,0.005821,0.001724,0.004098,0.001405,1,-6.579117,0.212766,22.216878,RED
2025-06-15T00:00:00+00:00,-0.530582,-0.187874,-1.577333,1.389459,0.007058,0.006613,0.000445,0.001851,1,-2.316091,0.195652,86.521739,GREEN
2025-06-16T00:00:00+00:00,0.067867,-0.130335,1.019755,-1.15009,0.009874,0.002635,0.007239,0.002161,1,3.167151,0.217391,0,RED
2025-06-17T00:00:00+00:00,1.323277,-3.002227,-4.388779,1.386552,0.008883,0.004764,0.004119,0.002007,1,1.772698,0.26087,43.757487,ORANGE
2025-06-18T00:00:00+00:00,-2.120449,-5.016941,-10.684301,5.66736,0.003278,0.004418,-0.001139,0.001303,1,-0.058239,0.130435,55.671485,YELLOWGREEN
2025-06-19T00:00:00+00:00,0.037513,-3.641224,-8.416861,4.775637,0.001607,0.00433,-0.002723,0.000571,1,-4.245399,0.12766,58.714824,YELLOWGREEN
2025-06-20T00:00:00+00:00,-0.0306,-1.215879,-6.046479,4.8306,0.002102,0.006521,-0.004419,-0.000027,0,-0.828528,0.148936,99.255319,GREEN
2025-06-21T00:00:00+00:00,-1.337794,-2.598373,-7.315288,4.716915,0.00192,0.004608,-0.002688,-0.000499,0,-2.243897,0.191489,79.286484,GREEN
2025-06-22T00:00:00+00:00,-1.701554,-3.745003,-9.939069,6.194067,0.00361,0.004643,-0.001033,-0.000326,0,-2.268676,0.173913,76.688995,GREEN
2025-06-23T00:00:00+00:00,-0.669722,-4.454487,-13.093466,8.638979,0.004325,0.000596,0.003729,0.000088,0.176357,-1.536182,0.043478,79.894028,GREEN
2025-06-24T00:00:00+00:00,4.619655,-1.346078,-5.554722,4.208644,0.004973,0.001266,0.003707,-0.000138,0,2.511481,0.434783,97.449365,GREEN
2025-06-25T00:00:00+00:00,0.440184,1.234813,-1.398262,2.633075,0.005716,-0.000123,0.005839,-0.000133,0,8.192353,0.255319,83.005252,GREEN
2025-06-26T00:00:00+00:00,1.19127,2.402378,-2.553942,4.956321,0.005366,0.001158,0.004208,-0.000533,0,6.614503,0.106383,82.84642,GREEN
2025-06-27T00:00:00+00:00,-0.237338,2.190609,-4.063139,6.253747,0.004231,0.000022,0.00421,-0.000565,0,1.877266,0.06383,96.957532,GREEN
2025-06-28T00:00:00+00:00,0.088708,3.668125,0.856421,2.811705,0.00518,0.003619,0.00156,-0.000093,0,-3.152701,0.282609,61.358868,YELLOWGREEN
2025-06-29T00:00:00+00:00,0.235966,5.711485,7.904135,-2.19265,0.006832,0.004892,0.001941,0.0004,0.799437,-0.610808,0.608696,30.566318,ORANGE
2025-06-30T00:00:00+00:00,0.992281,7.480258,12.912205,-5.431947,0.005422,0.004046,0.001376,0.000911,1,0.967987,0.723404,21.636548,RED
2025-07-01T00:00:00+00:00,-1.165919,1.536489,0.436429,1.10006,0.005338,0.004408,0.00093,0.001297,1,-2.771767,0.382979,47.50996,YELLOW
2025-07-02T00:00:00+00:00,-1.418239,-0.342218,-4.659411,4.317193,0.008779,0.002018,0.006761,0.001603,1,3.285652,0.148936,86.508895,GREEN
2025-07-03T00:00:00+00:00,3.040376,1.478866,1.862487,-0.383621,0.010011,0.004767,0.005244,0.001407,1,7.304224,0.744681,28.360509,RED
2025-07-04T00:00:00+00:00,0.714693,2.447274,5.645248,-3.197974,-0.006704,0.005586,-0.012289,0.000627,1,6.294292,0.782609,10.872556,RED
2025-07-05T00:00:00+00:00,-1.424527,0.898381,1.545024,-0.646644,-0.005867,0.003662,-0.009529,-0.000411,0,-3.140212,0.347826,36.27774,ORANGE
2025-07-06T00:00:00+00:00,0.163435,0.82537,-0.209669,1.035039,-0.004121,0.004653,-0.008774,-0.000908,0,-3.551479,0.369565,69.027387,YELLOWGREEN
2025-07-07T00:00:00+00:00,0.921967,0.755172,-1.637739,2.392912,0.00277,0.00604,-0.00327,-0.001287,0,0.761809,0.304348,98.36399,GREEN
2025-07-08T00:00:00+00:00,-0.83732,1.090159,0.092588,0.997571,0.003163,0.004332,-0.001169,-0.001558,0,1.621504,0.282609,63.580906,YELLOWGREEN
2025-07-09T00:00:00+00:00,0.602466,3.162281,5.874558,-2.712277,0.004471,0.005247,-0.000776,-0.001927,0,6.368713,0.652174,31.493401,ORANGE
2025-07-10T00:00:00+00:00,2.179228,2.300114,14.064033,-11.763919,0.004486,0.004132,0.000354,-0.002268,0,10.259171,0.708333,0,RED
2025-07-11T00:00:00+00:00,4.088943,5.727481,24.974857,-19.247376,-0.007335,0.009872,-0.017207,-0.003356,0,12.994988,0.723404,0,RED
2025-07-12T00:00:00+00:00,1.459596,8.820858,42.222151,-33.401293,0.00839,0.008211,0.000179,-0.004075,0,4.693949,0.617021,0,RED
2025-07-13T00:00:00+00:00,-0.129341,8.502776,31.782282,-23.279506,0.005661,0.007426,-0.001766,-0.004501,0,4.489885,0.680851,0.296441,RED
2025-07-14T00:00:00+00:00,1.446614,9.066832,27.618964,-18.552131,0.012456,0.012468,-0.000012,-0.003087,0,5.272965,0.659574,11.812385,RED
2025-07-15T00:00:00+00:00,0.601186,10.649013,20.327316,-9.678303,0.012031,0.011967,0.000064,-0.001839,0,4.543796,0.680851,30.768181,ORANGE
2025-07-16T00:00:00+00:00,-1.798726,8.008029,20.48187,-12.473841,0.016445,0.012862,0.003583,-0.000572,0,2.066664,0.791667,19.773795,RED
2025-07-17T00:00:00+00:00,0.909232,6.665586,16.535454,-9.869868,0.018434,0.011561,0.006873,0.000309,0.617552,-1.015252,0.791667,13.647296,RED
2025-07-18T00:00:00+00:00,0.587127,3.077085,11.994418,-8.917333,0.023889,0.01086,0.013029,0.001155,1,-0.41032,0.770833,0,RED
2025-07-19T00:00:00+00:00,-1.219318,0.355463,10.646208,-10.290745,0.01194,0.010285,0.001655,0.001413,1,-2.816264,0.854167,0,RED
2025-07-20T00:00:00+00:00,-0.074007,0.411066,13.092094,-12.681029,0.017633,0.01092,0.006713,0.001782,1,-3.133493,0.893617,0,RED
2025-07-21T00:00:00+00:00,-0.546817,-1.562016,13.14999,-14.712006,0.023862,0.010829,0.013033,0.0042,1,-0.40671,0.87234,0,RED
2025-07-22T00:00:00+00:00,0.192354,-1.962057,14.779276,-16.741333,0.017905,0.01417,0.003736,0.004707,1,2.956001,0.914894,0,RED
2025-07-23T00:00:00+00:00,2.105272,1.935448,14.42837,-12.492922,0.013694,0.011665,0.002029,0.005248,1,-0.055581,0.829787,0,RED
2025-07-24T00:00:00+00:00,-1.106024,-0.100302,4.914656,-5.014958,0.006852,0.011161,-0.004309,0.004419,1,-2.249538,0.404255,0,RED
2025-07-25T00:00:00+00:00,-0.231495,-0.91333,0.61235,-1.52568,0.009337,0.014153,-0.004816,0.003695,1,0.64474,0.361702,7.832603,RED
2025-07-26T00:00:00+00:00,-0.687449,-0.379814,0.846449,-1.226262,0.010934,0.011602,-0.000668,0.002865,1,0.140649,0.617021,0,RED
2025-07-27T00:00:00+00:00,0.356246,0.049122,2.396378,-2.347256,0.011551,0.010051,0.001501,0.002089,1,2.993215,0.446809,0,RED
2025-07-28T00:00:00+00:00,1.23718,1.843809,1.66136,0.182449,0.010091,0.011405,-0.001314,0.000662,1,-2.971277,0.382979,37.233414,ORANGE
2025-07-29T00:00:00+00:00,-1.185417,0.443328,-3.912019,4.355346,0.006809,0.009807,-0.002998,0.000308,0.615299,-0.906713,0.191489,91.351319,GREEN
2025-07-30T00:00:00+00:00,-0.127109,-1.752718,-8.839781,7.087063,0.006008,0.008859,-0.002851,-0.000488,0,-2.185375,0.12766,99.361702,GREEN
2025-07-31T00:00:00+00:00,-0.017028,-0.670843,-4.193996,3.523153,0.004644,0.007447,-0.002804,-0.002792,0,-1.357716,0.255319,98.723404,GREEN
2025-08-01T00:00:00+00:00,-1.810388,-2.242783,-5.817409,3.574626,0.004193,0.005816,-0.001623,-0.003238,0,-1.040046,0.191489,75.594634,GREEN
2025-08-02T00:00:00+00:00,-2.130853,-3.663581,15.737495,-19.401077,0.004163,0.006293,-0.00213,-0.003636,0,-5.280122,0.148936,0,RED
2025-08-03T00:00:00+00:00,-0.600261,-4.581774,-13.357527,8.775752,0.000224,0.0045,-0.004276,-0.003419,0,-4.87361,0.086957,81.480937,GREEN
2025-08-04T00:00:00+00:00,1.460805,-4.371003,-12.19221,7.821207,0.000803,0.007961,-0.007159,-0.003292,0,-4.179483,0.130435,79.163323,GREEN
2025-08-05T00:00:00+00:00,0.822753,-2.427573,-3.397858,0.970286,0.003299,0.008546,-0.005247,-0.003309,0,-0.773024,0.413043,54.593603,YELLOW
2025-08-06T00:00:00+00:00,-0.877491,-3.160671,-5.363208,2.202538,0.004995,0.007339,-0.002345,-0.003232,0,-1.443132,0.191489,60.653175,YELLOWGREEN
2025-08-07T00:00:00+00:00,0.783102,-2.385698,-3.128266,0.742568,0.00719,0.005157,0.002033,-0.002348,0,2.459288,0.276596,53.618037,YELLOW
2025-08-08T00:00:00+00:00,2.12253,1.524176,5.974565,-4.450389,0.007798,0.008304,-0.000505,-0.001991,0,0.251017,0.875,0,RED
2025-08-09T00:00:00+00:00,-0.659871,3.050094,10.899891,-7.849797,0.009058,0.009805,-0.000747,-0.001407,0,0.974515,0.914894,2.399663,RED
2025-08-10T00:00:00+00:00,-0.152785,3.514002,17.143988,-13.629986,0.009041,0.011906,-0.002865,-0.000619,0,-1.365409,0.934783,0,RED
2025-08-11T00:00:00+00:00,2.366183,4.437701,12.085361,-7.647659,0.007031,0.009721,-0.00269,-0.000404,0,1.198732,0.73913,17.408709,RED
2025-08-12T00:00:00+00:00,-0.413464,3.157161,3.396701,-0.23954,0.008685,0.010069,-0.001383,-0.000159,0,1.913224,0.297872,46.959522,YELLOW
2025-08-13T00:00:00+00:00,1.202904,5.322236,10.349603,-5.027367,0.013478,0.012554,0.000924,0.0001,0.199478,5.19351,0.87234,26.625481,RED
2025-08-14T00:00:00+00:00,2.794,7.423702,14.91133,-7.487628,0.009726,0.010575,-0.000849,0.000532,1,3.448053,0.787234,16.238702,RED
2025-08-15T00:00:00+00:00,-4.172351,0.802055,2.062726,-1.260671,0.005548,0.008479,-0.002931,0.000877,1,1.35094,0.382979,9.319708,RED
2025-08-16T00:00:00+00:00,-0.90013,0.558261,-0.922183,1.480444,0.009251,0.005954,0.003297,0.001352,1,-2.480271,0.319149,80.023324,GREEN
2025-08-17T00:00:00+00:00,0.13757,0.850684,-2.821543,3.672227,0.011294,0.006222,0.005071,0.001336,1,-0.265688,0.319149,85.904255,GREEN
2025-08-18T00:00:00+00:00,0.035421,-1.445571,-2.627342,1.18177,0.004019,0.004336,-0.000317,0.001221,1,0.346008,0.510638,48.536623,YELLOW
2025-08-19T00:00:00+00:00,-1.09443,-2.11948,-2.404501,0.285021,-0.00131,0.006422,-0.007731,0.000767,1,-2.391167,0.340426,38.038097,ORANGE
2025-08-20T00:00:00+00:00,-2.991721,-6.176401,-8.157269,1.980868,0.001417,0.007114,-0.005697,0.000628,1,-2.319842,0.255319,41.5678,ORANGE
2025-08-21T00:00:00+00:00,1.307035,-7.533604,-10.833234,3.29963,0.002736,0.010145,-0.007409,0.000445,0.890713,-1.111206,0.489362,43.718118,ORANGE
2025-08-22T00:00:00+00:00,-1.608717,-5.059893,-7.759304,2.699411,0.00562,0.009756,-0.004136,0.00027,0.540742,4.651835,0.404255,49.760334,YELLOW
2025-08-23T00:00:00+00:00,3.931747,-0.430836,4.669125,-5.099962,0.006654,0.011116,-0.004462,-0.000259,0,3.214481,0.893617,0,RED
2025-08-24T00:00:00+00:00,-1.261844,-1.822307,2.804204,-4.626511,0.001465,0.012055,-0.010591,-0.001062,0,4.659654,0.744681,3.636653,RED
2025-08-25T00:00:00+00:00,-1.699406,-3.524918,22.358765,-25.883683,0.001205,0.009842,-0.008638,-0.001463,0,-2.395007,0.659574,0,RED
2025-08-26T00:00:00+00:00,-2.834398,-5.222128,15.96594,-21.188068,0.003718,0.007168,-0.00345,-0.002082,0,-1.2134,0.297872,0,RED
2025-08-27T00:00:00+00:00,1.504152,-0.829623,32.87453,-33.704153,0.00618,0.006798,-0.000618,-0.002519,0,-5.3014,0.87234,0,RED
2025-08-28T00:00:00+00:00,-0.560274,-2.657548,22.4693,-25.126848,0.007714,0.008323,-0.000609,-0.002543,0,-0.93827,0.404255,0,RED
2025-08-29T00:00:00+00:00,1.177449,0.098918,38.312051,-38.213134,-0.000663,0.007429,-0.008092,-0.002211,0,-2.06447,0.659574,0,RED
2025-08-30T00:00:00+00:00,-3.594996,-7.150252,-9.561259,2.411008,-0.012501,0.007554,-0.020055,-0.002788,0,-0.74955,0.282609,54.206038,YELLOW
2025-08-31T00:00:00+00:00,0.278069,-5.702173,-8.0168,2.314627,0.002661,0.007469,-0.004808,-0.002422,0,-2.044474,0.326087,55.133715,YELLOWGREEN
2025-09-01T00:00:00+00:00,-0.485923,-4.538102,-6.08002,1.541917,-0.004956,0.009074,-0.01403,-0.002779,0,-1.126258,0.282609,54.248566,YELLOW
2025-09-02T00:00:00+00:00,0.839997,-0.928135,-1.186134,0.257999,0.005256,0.007442,-0.002186,-0.002396,0,2.558646,0.173913,53.566483,YELLOW
2025-09-03T00:00:00+00:00,1.857316,-0.583434,-1.361183,0.777749,0.006036,0.004718,0.001318,-0.001313,0,1.558982,0.319149,70.349975,GREEN
2025-09-04T00:00:00+00:00,0.46887,0.445471,3.008845,-2.563374,0.000972,0.006509,-0.005537,-0.000873,0,-0.75664,0.404255,0,RED
2025-09-05T00:00:00+00:00,-0.883332,-1.600401,-0.726043,-0.874358,-0.001474,0.007844,-0.009318,-0.000829,0,-2.539276,0.106383,40.368159,ORANGE
2025-09-06T00:00:00+00:00,-0.056496,2.011309,5.382365,-3.371056,0.001581,0.006906,-0.005325,-0.00078,0,-2.355028,0.478261,19.688404,RED
2025-09-07T00:00:00+00:00,-0.409347,1.312011,3.278175,-1.966164,0.005196,0.008246,-0.00305,-0.000887,0,-0.550125,0.26087,23.738215,RED
2025-09-08T00:00:00+00:00,0.83732,2.659161,6.297554,-3.638393,0.007564,0.007165,0.000399,-0.000444,0,1.471412,0.553191,24.217765,RED
2025-09-09T00:00:00+00:00,0.803672,2.622181,10.898718,-8.276537,0.008675,0.009024,-0.000349,0.001259,1,4.80439,0.787234,0,RED
2025-09-10T00:00:00+00:00,-0.426413,0.321303,7.052922,-6.731619,0.008153,0.00729,0.000863,0.001412,1,6.440213,0.708333,0,RED
2025-09-11T00:00:00+00:00,2.17655,2.026474,7.108323,-5.081848,0.007887,0.004463,0.003423,0.00278,1,6.137791,0.604167,0,RED
2025-09-12T00:00:00+00:00,1.340502,4.315594,11.571077,-7.255483,0.009882,0.004172,0.00571,0.003061,1,3.987992,0.75,5.137883,RED
2025-09-13T00:00:00+00:00,0.568795,4.96824,11.876925,-6.908686,0.013599,0.00665,0.006949,0.002747,1,0.004534,0.854167,10.056982,RED
2025-09-14T00:00:00+00:00,-0.163187,5.227691,13.714623,-8.486932,0.011032,0.007595,0.003437,0.00304,1,-3.693908,0.851064,6.192239,RED
2025-09-15T00:00:00+00:00,-0.514811,3.81669,7.059078,-3.242389,0.007063,0.007405,-0.000342,0.003782,1,-3.460158,0.468085,21.004465,RED
2025-09-16T00:00:00+00:00,0.02054,3.01015,2.705559,0.304591,0.005929,0.006213,-0.000284,0.00427,1,1.223135,0.291667,37.544101,ORANGE
2025-09-17T00:00:00+00:00,1.183388,4.675509,3.817671,0.857838,0.00731,0.007023,0.000287,0.004559,1,1.395223,0.3125,38.785475,ORANGE
2025-09-18T00:00:00+00:00,-0.262843,2.176455,4.430329,-2.253874,0.011113,0.007138,0.003974,0.004313,1,3.439008,0.770833,15.878387,RED
2025-09-19T00:00:00+00:00,0.592111,1.42189,3.610989,-2.189099,0.013101,0.007214,0.005888,0.00364,1,0.033465,0.5625,9.041028,RED
2025-09-20T00:00:00+00:00,-1.271653,-0.43417,-3.417476,2.983306,0.013903,0.004542,0.009361,0.003781,1,-0.215405,0.125,86.875,GREEN
2025-09-21T00:00:00+00:00,0.051623,-0.219943,-4.204182,3.984239,0.013134,0.006284,0.006851,0.00308,1,-3.12569,0.208333,86.458333,GREEN
2025-09-22T00:00:00+00:00,-0.355212,-0.059871,-2.668582,2.608711,0.004881,0.005368,-0.000486,0.002375,1,-3.315767,0.145833,86.770833,GREEN
2025-09-23T00:00:00+00:00,-2.261611,-2.340187,-5.771794,3.431607,0.007241,0.006382,0.000859,0.001789,1,-2.459142,0.145833,61.200085,YELLOWGREEN
2025-09-24T00:00:00+00:00,-0.598576,-4.060096,-8.25727,4.197174,0.007126,0.004592,0.002534,0.001295,1,-2.191244,0.145833,53.995964,YELLOW
2025-09-25T00:00:00+00:00,1.159059,-2.692329,-9.867618,7.175289,0.005975,0.007173,-0.001198,0.000804,1,-5.060205,0.1875,80.964109,GREEN
2025-09-26T00:00:00+00:00,-3.844879,-6.984447,-16.260398,9.275951,0.005933,0.005061,0.000872,0.000609,1,-4.303758,0.125,59.00661,YELLOWGREEN
2025-09-27T00:00:00+00:00,0.685256,-5.140772,-9.023553,3.882781,0.006183,0.004815,0.001368,0.000497,0.99301,-5.00598,0.3125,48.610619,YELLOW
2025-09-28T00:00:00+00:00,-0.050495,-5.237591,-10.499293,5.261702,0.005306,0.004694,0.000612,0.00015,0.299197,1.578739,0.145833,62.15266,YELLOWGREEN
2025-09-29T00:00:00+00:00,2.268723,-2.742223,-6.856387,4.114164,0.004696,0.003396,0.0013,-0.000392,0,5.845307,0.104167,74.036689,GREEN
2025-09-30T00:00:00+00:00,1.931984,1.430751,-1.552524,2.983274,0.000843,0.006206,-0.005363,-0.001553,0,4.098189,0.148936,83.368173,GREEN
2025-10-01T00:00:00+00:00,-0.249256,1.787202,-0.745537,2.532739,0.006016,0.005596,0.00042,-0.002046,0,8.62288,0.191489,71.355139,GREEN
2025-10-02T00:00:00+00:00,3.928127,4.573464,6.034362,-1.460898,0.007874,0.006103,0.00177,-0.001623,0,7.004127,0.479167,41.23089,ORANGE
2025-10-03T00:00:00+00:00,1.779255,10.689989,17.520636,-6.830648,0.008221,0.006406,0.001816,-0.001271,0,10.775215,0.680851,34.330856,ORANGE
2025-10-04T00:00:00+00:00,1.358436,11.43006,12.399188,-0.969127,0.00628,0.008097,-0.001817,-0.001443,0,3.317681,0.212766,47.025515,YELLOW
2025-10-05T00:00:00+00:00,0.106982,11.605626,13.889706,-2.28408,0.007511,0.009465,-0.001953,-0.001438,0,4.095234,0.291667,44.64753,ORANGE
2025-10-06T00:00:00+00:00,0.919464,10.133182,13.852581,-3.719399,0.009779,0.00675,0.003028,-0.001388,0,5.704812,0.208333,41.985692,ORANGE
2025-10-07T00:00:00+00:00,1.026121,9.154436,14.982959,-5.828523,0.007524,0.007606,-0.000082,-0.001515,0,1.493889,0.617021,36.080496,ORANGE
2025-10-08T00:00:00+00:00,-2.608528,6.572751,10.271362,-3.698611,0.007278,0.006498,0.000779,-0.001338,0,-1.8385,0.291667,39.164445,ORANGE
2025-10-09T00:00:00+00:00,1.509025,4.092091,5.815331,-1.72324,0.006291,0.005977,0.000314,-0.001158,0,-4.12779,0.333333,41.316466,ORANGE
2025-10-10T00:00:00+00:00,-1.341257,0.900668,-1.997347,2.898015,-0.059983,0.00133,-0.061313,-0.003219,0,-21.811887,0.191489,99.042553,GREEN
2025-10-11T00:00:00+00:00,-6.981452,-7.401554,-16.584036,9.182481,-0.010831,0.00699,-0.017821,-0.00381,0,-22.852257,0.166667,69.840795,YELLOWGREEN
2025-10-12T00:00:00+00:00,-2.074724,-9.419621,-18.100839,8.681218,-0.010024,0.002279,-0.012303,-0.004626,0,-17.183588,0.229167,64.212704,YELLOWGREEN
2025-10-13T00:00:00+00:00,3.911893,-6.733763,-10.257334,3.523571,-0.004695,0.003615,-0.008311,-0.005181,0,6.206284,0.270833,56.900221,YELLOWGREEN
2025-10-14T00:00:00+00:00,0.028398,-7.65485,-11.846024,4.191174,-0.008598,0.003068,-0.011666,-0.005455,0,5.086157,0.291667,57.284326,YELLOWGREEN
2025-10-15T00:00:00+00:00,-1.792807,-6.881396,-9.722236,2.84084,-0.003849,0.005007,-0.008856,-0.005763,0,-4.029002,0.229167,55.733652,YELLOWGREEN
2025-10-16T00:00:00+00:00,-2.163286,-10.250165,-17.240146,6.989981,-0.003402,0.004245,-0.007647,-0.006404,0,-2.253886,0.166667,60.531197,YELLOWGREEN
2025-10-17T00:00:00+00:00,-2.377358,-11.192705,-18.197948,7.005242,-0.004122,0.002206,-0.006328,-0.006644,0,-5.314085,0.25,59.180329,YELLOWGREEN
2025-10-18T00:00:00+00:00,-1.511072,-5.969987,-3.549797,-2.42019,-0.005685,0.002047,-0.007732,-0.007078,0,-4.187277,0.625,40.119584,ORANGE
2025-10-19T00:00:00+00:00,0.669266,-3.335146,-2.651074,-0.684072,-0.002703,0.002704,-0.005407,-0.007315,0,-4.017605,0.708333,43.040857,ORANGE
2025-10-20T00:00:00+00:00,1.367288,-5.702284,-7.39642,1.694136,-0.001777,0.004896,-0.006673,-0.001785,0,3.706746,0.458333,52.381088,YELLOW
2025-10-21T00:00:00+00:00,1.829696,-4.004183,-8.717163,4.71298,-0.004652,0.004751,-0.009403,-0.000452,0,1.231649,0.166667,68.686293,YELLOWGREEN
2025-10-22T00:00:00+00:00,-1.918901,-4.127438,-8.750972,4.623534,-0.007505,0.00641,-0.013915,0.000171,0.341324,-3.628868,0.145833,63.66968,YELLOWGREEN
2025-10-23T00:00:00+00:00,-0.799804,-2.791329,-6.315808,3.524479,-0.003906,0.004988,-0.008894,0.000648,1,-3.990565,0.145833,57.807511,YELLOWGREEN
2025-10-24T00:00:00+00:00,2.258063,1.824435,0.68862,1.135815,-0.002406,0.004501,-0.006907,0.001378,1,2.282036,0.375,45.652963,YELLOW
2025-10-25T00:00:00+00:00,0.862607,4.278502,5.977894,-1.699392,-0.003655,0.004501,-0.008156,0.001758,1,5.431576,0.645833,26.837757,RED
2025-10-26T00:00:00+00:00,0.560826,4.166174,31.508972,-27.342798,-0.000898,0.006583,-0.007481,0.0023,1,7.349689,0.354167,0,RED
2025-10-27T00:00:00+00:00,2.558408,5.390183,8.369412,-2.979229,-0.000639,0.006904,-0.007544,0.002552,1,5.020563,0.708333,23.995058,RED
2025-10-28T00:00:00+00:00,-0.256139,3.231416,5.15287,-1.921454,-0.005285,0.005648,-0.010933,0.002818,1,2.998481,0.354167,25.37218,RED
2025-10-29T00:00:00+00:00,-1.079362,4.11504,6.783088,-2.668048,-0.003372,0.004714,-0.008086,0.00297,1,-0.352808,0.270833,25.342374,RED
2025-10-30T00:00:00+00:00,-2.570757,2.256345,10.458242,-8.201898,-0.013539,0.00498,-0.018518,-0.000355,0,-1.786111,0.875,0,RED
2025-10-31T00:00:00+00:00,-1.641035,-1.642687,1.002577,-2.645265,-0.006362,0.007289,-0.013652,-0.000988,0,-3.387287,0.3125,21.615035,RED
2025-11-01T00:00:00+00:00,1.231643,-1.282817,0.163171,-1.445988,-0.003695,0.007249,-0.010944,-0.000759,0,-4.999053,0.375,29.353015,RED
2025-11-02T00:00:00+00:00,0.401765,-1.438962,2.376159,-3.815121,-0.007344,0.007351,-0.014695,-0.00102,0,-4.444319,0.458333,3.550673,RED
2025-11-03T00:00:00+00:00,0.578175,-3.342013,-2.102989,-1.239024,-0.012154,0.007104,-0.019258,-0.001875,0,-2.057147,0.354167,42.051985,ORANGE
2025-11-04T00:00:00+00:00,-3.73169,-6.710037,-10.21802,3.507983,-0.010298,0.006579,-0.016877,-0.002346,0,-4.111437,0.229167,57.566142,YELLOWGREEN
2025-11-05T00:00:00+00:00,-4.586709,-10.017742,-10.523934,0.506192,-0.005735,0.004061,-0.009796,-0.00247,0,-1.156193,0.25,49.592075,YELLOW
2025-11-06T00:00:00+00:00,2.206602,-5.60554,-8.057821,2.452281,-0.024108,0.006189,-0.030296,-0.003547,0,-1.07621,0.229167,56.14411,YELLOWGREEN
2025-11-07T00:00:00+00:00,-2.459924,-6.391423,-3.546213,-2.84521,-0.013312,0.006275,-0.019587,-0.00382,0,5.08547,0.333333,40.53374,ORANGE
2025-11-08T00:00:00+00:00,2.046378,-5.638041,5.360024,-10.998065,0.000028,0.004855,-0.004827,-0.003523,0,-1.213975,0.729167,13.848446,RED
2025-11-09T00:00:00+00:00,-1.069622,-7.020915,-1.32587,-5.695045,0.000596,0.005655,-0.00506,-0.002258,0,-0.661136,0.5625,33.670187,ORANGE
2025-11-10T00:00:00+00:00,2.365371,-5.368748,-0.60611,-4.762638,0.002228,0.005048,-0.00282,-0.001504,0,-2.58748,0.5625,32.405185,ORANGE
2025-11-11T00:00:00+00:00,1.145447,-0.574547,12.694915,-13.269463,-0.001406,0.005883,-0.007289,-0.001469,0,-0.730793,0.833333,0,RED
2025-11-12T00:00:00+00:00,-2.7838,1.304175,8.755951,-7.451776,-0.003213,0.004883,-0.008096,-0.000849,0,-2.395242,0.702128,0,RED
2025-11-13T00:00:00+00:00,-1.397685,-2.268288,2.708877,-4.977165,-0.009773,0.006656,-0.016429,-0.000091,0,-0.928207,0.723404,9.828447,RED
2025-11-14T00:00:00+00:00,-1.764406,-1.571403,2.290714,-3.862117,-0.003131,0.008216,-0.011347,0.000622,1,-2.09529,0.659574,0,RED
2025-11-15T00:00:00+00:00,-5.288314,-8.646063,-10.812436,2.166373,-0.012729,0.006154,-0.018883,0.000283,0.56691,-0.65605,0.3125,45.526674,YELLOW
2025-11-16T00:00:00+00:00,1.113653,-6.629991,-6.58205,-0.047941,-0.016833,0.007894,-0.024727,0.0017,1,-2.51945,0.458333,35.087837,ORANGE
2025-11-17T00:00:00+00:00,-1.148571,-9.835145,-11.113938,1.278792,-0.013684,0.00937,-0.023054,0.001959,1,0.157586,0.367347,37.818271,ORANGE
2025-11-18T00:00:00+00:00,-2.515168,-13.098356,-15.157073,2.058717,0.00295,0.006667,-0.003717,0.001851,1,-0.455865,0.306122,38.588749,ORANGE
2025-11-19T00:00:00+00:00,0.850784,-9.849398,-7.024933,-2.824464,-0.002506,0.006235,-0.008741,0.000994,1,0.578658,0.6875,29.240166,RED
2025-11-20T00:00:00+00:00,-1.56915,-10.006166,-7.996733,-2.009433,-0.002683,0.00786,-0.010543,0.000067,0.133332,-2.221238,0.520833,42.382532,ORANGE
2025-11-21T00:00:00+00:00,-5.158862,-13.115834,25.698077,-38.813911,-0.00318,0.005212,-0.008392,-0.000171,0,-10.911754,0.645833,0,RED
2025-11-22T00:00:00+00:00,-1.844398,-9.956543,-12.021945,2.065402,-0.002557,0.005035,-0.007592,-0.000476,0,-13.329875,0.22449,52.334565,YELLOW
2025-11-23T00:00:00+00:00,-0.434062,-11.33481,-14.507802,3.172991,-0.007732,0.001334,-0.009066,-0.000249,0,-8.15269,0.306122,53.134532,YELLOW
2025-11-24T00:00:00+00:00,2.481292,-8.07899,-10.451567,2.372577,-0.00094,0.000239,-0.001178,-0.000017,0,2.959761,0.408163,52.631136,YELLOW
2025-11-25T00:00:00+00:00,1.665644,-4.136792,-4.018414,-0.118378,-0.001153,0.002097,-0.00325,0.001219,1,2.032978,0.55102,34.115609,ORANGE
2025-11-26T00:00:00+00:00,-1.041633,-5.935619,-5.711059,-0.22456,-0.010537,0.001742,-0.012279,0.001563,1,1.79453,0.571429,33.87783,ORANGE
2025-11-27T00:00:00+00:00,3.623735,-0.973095,-2.918391,1.945295,-0.010389,0.002357,-0.012745,0.002251,1,-1.017509,0.375,68.908803,YELLOWGREEN
2025-11-28T00:00:00+00:00,0.889572,5.342284,-0.800736,6.14302,-0.011287,0.00129,-0.012577,0.001753,1,0.516091,0.326531,54.95112,YELLOW
2025-11-29T00:00:00+00:00,-0.360087,6.935273,5.785065,1.150208,-0.002458,0.004751,-0.007209,0.002014,1,-3.653461,0.44898,38.018854,ORANGE
2025-11-30T00:00:00+00:00,-0.119762,7.272836,6.543552,0.729283,-0.004346,0.004407,-0.008753,0.002489,1,-1.308085,0.395833,37.191853,ORANGE
2025-12-01T00:00:00+00:00,-0.479041,4.174091,3.131429,1.042662,-0.004033,0.003071,-0.007104,0.002609,1,-3.120139,0.404255,39.640957,ORANGE
2025-12-02T00:00:00+00:00,-4.562503,-2.207726,-8.103778,5.896053,-0.002186,0.00116,-0.003346,0.002796,1,0.272349,0.1875,81.032679,GREEN
2025-12-03T00:00:00+00:00,5.868277,4.62076,-4.014056,8.634817,0.000234,0.002207,-0.001973,0.002782,1,1.380625,0.166667,67.59784,YELLOWGREEN
2025-12-04T00:00:00+00:00,2.490242,3.476361,-0.761879,4.23824,0.000884,0.003271,-0.002387,0.002213,1,2.998989,0.346939,55.628948,YELLOWGREEN
2025-12-05T00:00:00+00:00,-1.579515,0.943966,-2.235837,3.179804,-0.005646,0.004561,-0.010207,0.001084,1,-2.60663,0.1875,86.5625,GREEN
2025-12-06T00:00:00+00:00,-3.07531,-1.806793,-6.534986,4.728193,-0.005857,0.002182,-0.008038,0.000674,1,-6.066009,0.229167,79.944996,GREEN
2025-12-07T00:00:00+00:00,-0.069792,-1.757667,-4.727851,2.970184,-0.003974,0.003315,-0.007289,0.000431,0.862007,-4.161421,0.354167,65.602132,YELLOWGREEN
2025-12-08T00:00:00+00:00,1.028794,-0.269204,-5.491559,5.222355,0.00185,0.003892,-0.002042,0.001401,1,0.40614,0.229167,86.293246,GREEN
2025-12-09T00:00:00+00:00,0.504804,5.026058,3.675023,1.351035,0.001659,0.003497,-0.001838,0.001593,1,3.954126,0.553191,38.620134,ORANGE
2025-12-10T00:00:00+00:00,2.323113,1.509097,1.839883,-0.330786,-0.003462,0.004976,-0.008438,0.001519,1,3.287018,0.520833,30.751956,ORANGE
2025-12-11T00:00:00+00:00,-3.36383,-4.288933,-7.863938,3.575005,-0.007495,0.003549,-0.011044,0.001258,1,0.907486,0.1875,50.383563,YELLOW
2025-12-12T00:00:00+00:00,0.531535,0.383623,-2.180853,2.564476,-0.003239,0.004855,-0.008094,0.000808,1.000000,0.205869,0.212766,86.405290,GREEN
2025-12-13T00:00:00+00:00,-2.364383,1.119921,0.671957,0.447964,0.000202,0.006976,-0.006774,0.000213,0.426364,1.562387,0.361702,49.405416,YELLOW
2025-12-14T00:00:00+00:00,-0.055179,1.134708,1.260904,-0.126196,-0.004297,0.004397,-0.008694,-0.000042,0.000000,2.675212,0.361702,45.938258,YELLOW
2025-12-15T00:00:00+00:00,-2.245416,-2.142936,1.744396,-3.887332,-0.004529,0.004306,-0.008835,0.000375,0.749303,4.152951,0.375000,8.227647,RED
2025-12-16T00:00:00+00:00,-2.059208,-4.639401,-2.981181,-1.658220,-0.001112,0.004637,-0.005749,0.000277,0.554254,-1.431512,0.255319,35.839494,ORANGE
2025-12-17T00:00:00+00:00,1.629333,-5.285974,-7.624843,2.338869,-0.001097,0.007119,-0.008217,-0.000042,0.000000,-6.685839,0.166667,56.539723,YELLOWGREEN
2025-12-18T00:00:00+00:00,-2.000574,-6.456368,-10.658957,4.202589,-0.002425,0.006240,-0.008665,-0.000900,0.000000,-6.664605,0.229167,59.701180,YELLOWGREEN
2025-12-19T00:00:00+00:00,-0.714130,-7.615448,-12.255553,4.640105,0.001440,0.008668,-0.007228,-0.001438,0.000000,0.330936,0.212766,59.065044,YELLOWGREEN
2025-12-20T00:00:00+00:00,3.105347,-2.439892,-5.105794,2.665902,0.000246,0.004815,-0.004569,-0.001260,0.000000,2.136411,0.361702,66.234319,YELLOWGREEN
2025-12-21T00:00:00+00:00,0.277039,-2.115600,-3.792984,1.677384,-0.002242,0.006232,-0.008474,-0.000935,0.000000,1.994428,0.276596,61.675607,YELLOWGREEN
2025-12-22T00:00:00+00:00,0.259743,0.392886,-3.092854,3.485740,-0.001085,0.005579,-0.006664,-0.000626,0.000000,0.209966,0.234043,98.798292,GREEN
2025-12-23T00:00:00+00:00,-0.097429,2.403781,-2.333956,4.737737,-0.000890,0.006349,-0.007239,-0.000409,0.000000,-0.308446,0.250000,81.585542,GREEN
2025-12-24T00:00:00+00:00,-1.331311,-0.579424,-4.262562,3.683138,-0.001977,0.006540,-0.008517,-0.000085,0.000000,-0.130797,0.229167,98.854167,GREEN
2025-12-25T00:00:00+00:00,0.270200,1.833106,1.491090,0.342016,0.001010,0.006803,-0.005793,-0.000001,0.000000,-4.343854,0.282609,51.694879,YELLOW
2025-12-26T00:00:00+00:00,1.289054,3.887684,5.875030,-1.987347,0.003259,0.008688,-0.005429,-0.000100,0.000000,-2.049097,0.543478,38.764959,ORANGE
2025-12-26T10:23:41.133899+00:00,1.473445,0.672354,1.205130,-0.532776,-0.011068,0.006248,-0.017316,-0.000508,0.000000,-2.311995,0.422764,34.699042,ORANGE
2025-12-27T12:02:41.717214+00:00,-1.224165,-0.772733,-1.480085,0.707352,-0.012193,0.003529,-0.015722,-0.000530,0.000000,-1.789266,0.504065,62.716437,YELLOWGREEN
2026-01-02T06:28:04.382651+00:00,1.463145,-0.150126,2.930585,-3.080711,0.000432,0.003429,-0.002997,-0.000049,0.000000,-2.783083,0.772358,0.000000,RED
2025-12-28T00:00:00+00:00,0.573897,-0.612284,0.148904,-0.761188,0.003308,0.007791,-0.004483,-0.000483,0.000000,1.497745,0.666667,25.868202,RED
2025-12-29T00:00:00+00:00,0.018114,-0.851811,1.255216,-2.107027,-0.000391,0.008200,-0.008591,-0.000282,0.000000,2.539628,0.583333,5.714772,RED
2025-12-30T00:00:00+00:00,-0.758738,-1.508126,0.876552,-2.384678,0.001610,0.007234,-0.005624,-0.000528,0.000000,0.205921,0.500000,21.148364,RED
2025-12-31T00:00:00+00:00,1.443455,1.153453,1.635047,-0.481594,0.002015,0.008663,-0.006648,-0.000565,0.000000,-4.903106,0.270833,41.693131,ORANGE
2026-01-01T00:00:00+00:00,-1.011652,-0.139690,0.220133,-0.359824,0.002290,0.007590,-0.005300,-0.000568,0.000000,-3.808317,0.391304,5.417556,RED
