asset_id,recent_unique_dates,recent_start,recent_end
$1,429,2023-03-06,2026-03-05
$BEAR,358,2023-03-06,2026-03-05
$BORGY,364,2023-03-06,2026-03-05
$CPT,82,2023-03-06,2026-03-05
$FARTBOY,373,2023-03-06,2026-03-05
$HACHI,43,2023-03-06,2026-03-05
$JIM,458,2023-03-06,2026-03-05
$MICHI,646,2023-03-06,2026-03-05
$MYRO,754,2023-03-06,2026-03-05
$NAP,684,2023-03-06,2026-03-05
0G,130,2023-03-06,2026-03-05
0X0,754,2023-03-06,2026-03-05
0XY,186,2023-03-06,2026-03-05
1-COIN-CAN-CHANGE-YOUR-LIFE,150,2023-03-06,2026-03-05
10SET,754,2023-03-06,2026-03-05
1GUY,300,2023-03-06,2026-03-05
1INCH,754,2023-03-06,2026-03-05
1R0R,245,2023-03-06,2026-03-05
1USDC,714,2023-03-06,2026-03-05
2Z,120,2023-03-06,2026-03-05
3ULL,754,2023-03-06,2026-03-05
4,598,2023-03-06,2026-03-05
401JK,185,2023-03-06,2026-03-05
42,95,2023-03-06,2026-03-05
4CHAN,754,2023-03-06,2026-03-05
67,132,2023-03-06,2026-03-05
69420,639,2023-03-06,2026-03-05
A,247,2023-03-06,2026-03-05
A0T,291,2023-03-06,2026-03-05
A1C,343,2023-03-06,2026-03-05
A2Z,184,2023-03-06,2026-03-05
A47,365,2023-03-06,2026-03-05
A8,562,2023-03-06,2026-03-05
AAPLON,150,2023-03-06,2026-03-05
AAPLX,217,2023-03-06,2026-03-05
AAVE,754,2023-03-06,2026-03-05
AB,754,2023-03-06,2026-03-05
ABEL,754,2023-03-06,2026-03-05
ABSTER,372,2023-03-06,2026-03-05
ABT,754,2023-03-06,2026-03-05
ABX,401,2023-03-06,2026-03-05
ACA,754,2023-03-06,2026-03-05
ACE,36,2023-03-06,2026-03-05
ACH,754,2023-03-06,2026-03-05
ACM,754,2023-03-06,2026-03-05
ACRED,322,2023-03-06,2026-03-05
ACS,754,2023-03-06,2026-03-05
ACT,754,2023-03-06,2026-03-05
ACX,754,2023-03-06,2026-03-05
ADA,754,2023-03-06,2026-03-05
ADCO,752,2023-03-06,2026-03-05
ADI,52,2023-03-06,2026-03-05
ADO,592,2023-03-06,2026-03-05
ADP,754,2023-03-06,2026-03-05
ADS,754,2023-03-06,2026-03-05
ADX,491,2023-03-06,2026-03-05
AE,754,2023-03-06,2026-03-05
AERGO,754,2023-03-06,2026-03-05
AERO,754,2023-03-06,2026-03-05
AEROBUD,648,2023-03-06,2026-03-05
AEVO,688,2023-03-06,2026-03-05
AFC,754,2023-03-06,2026-03-05
AFR,734,2023-03-06,2026-03-05
AFSUI,749,2023-03-06,2026-03-05
AGENTFUN,430,2023-03-06,2026-03-05
AGETH,512,2023-03-06,2026-03-05
AGGON,122,2023-03-06,2026-03-05
AGI,754,2023-03-06,2026-03-05
AGIALPHA,364,2023-03-06,2026-03-05
AGIX,752,2023-03-06,2026-03-05
AGLD,754,2023-03-06,2026-03-05
AGRS,754,2023-03-06,2026-03-05
AGVE,754,2023-03-06,2026-03-05
AHT,754,2023-03-06,2026-03-05
AI,754,2023-03-06,2026-03-05
AI16Z,495,2023-03-06,2026-03-05
AI3,156,2023-03-06,2026-03-05
AIA,169,2023-03-06,2026-03-05
AIAT,743,2023-03-06,2026-03-05
AIC,507,2023-03-06,2026-03-05
AIDAUSDC,63,2023-03-06,2026-03-05
AIDOGE,754,2023-03-06,2026-03-05
AIKEK,708,2023-03-06,2026-03-05
AIN,754,2023-03-06,2026-03-05
AINTI,379,2023-03-06,2026-03-05
AIO,181,2023-03-06,2026-03-05
AIOT,280,2023-03-06,2026-03-05
AIOZ,754,2023-03-06,2026-03-05
AISM,221,2023-03-06,2026-03-05
AITECH,754,2023-03-06,2026-03-05
AITV,213,2023-03-06,2026-03-05
AIX,58,2023-03-06,2026-03-05
AIXBT,472,2023-03-06,2026-03-05
AJNA,742,2023-03-06,2026-03-05
AKE,162,2023-03-06,2026-03-05
AKITA,754,2023-03-06,2026-03-05
AKT,754,2023-03-06,2026-03-05
ALB,754,2023-03-06,2026-03-05
ALCH,425,2023-03-06,2026-03-05
ALCX,754,2023-03-06,2026-03-05
ALD,754,2023-03-06,2026-03-05
ALEO,533,2023-03-06,2026-03-05
ALEPH,754,2023-03-06,2026-03-05
ALGO,754,2023-03-06,2026-03-05
ALI,754,2023-03-06,2026-03-05
ALICE,754,2023-03-06,2026-03-05
ALKIMI,721,2023-03-06,2026-03-05
ALLINDOGE,236,2023-03-06,2026-03-05
ALLO,288,2023-03-06,2026-03-05
ALMANAK,85,2023-03-06,2026-03-05
ALOT,754,2023-03-06,2026-03-05
ALPH,754,2023-03-06,2026-03-05
ALPHA,754,2023-03-06,2026-03-05
ALPINE,754,2023-03-06,2026-03-05
ALT,735,2023-03-06,2026-03-05
ALTT,422,2023-03-06,2026-03-05
ALU,754,2023-03-06,2026-03-05
ALUSD,754,2023-03-06,2026-03-05
ALVA,696,2023-03-06,2026-03-05
AMAPT,754,2023-03-06,2026-03-05
AMETA,355,2023-03-06,2026-03-05
AMIKO,274,2023-03-06,2026-03-05
AMO,754,2023-03-06,2026-03-05
AMP,754,2023-03-06,2026-03-05
AMPL,754,2023-03-06,2026-03-05
AMPLUNA,247,2023-03-06,2026-03-05
AMZNON,150,2023-03-06,2026-03-05
AMZNX,210,2023-03-06,2026-03-05
ANA,201,2023-03-06,2026-03-05
ANDY,723,2023-03-06,2026-03-05
ANDY70B,440,2023-03-06,2026-03-05
ANGLE,754,2023-03-06,2026-03-05
ANIME,407,2023-03-06,2026-03-05
ANKR,754,2023-03-06,2026-03-05
ANKRETH,754,2023-03-06,2026-03-05
ANON,588,2023-03-06,2026-03-05
ANT,716,2023-03-06,2026-03-05
ANVL,461,2023-03-06,2026-03-05
ANY,754,2023-03-06,2026-03-05
ANYONE,754,2023-03-06,2026-03-05
AO,317,2023-03-06,2026-03-05
AOL,138,2023-03-06,2026-03-05
AOP,133,2023-03-06,2026-03-05
AP3X,294,2023-03-06,2026-03-05
APE,754,2023-03-06,2026-03-05
APEPE,540,2023-03-06,2026-03-05
APEX,754,2023-03-06,2026-03-05
APFC,754,2023-03-06,2026-03-05
API3,754,2023-03-06,2026-03-05
APL,216,2023-03-06,2026-03-05
APR,99,2023-03-06,2026-03-05
APRA,420,2023-03-06,2026-03-05
APT,754,2023-03-06,2026-03-05
APTM,300,2023-03-06,2026-03-05
APU,688,2023-03-06,2026-03-05
APX,754,2023-03-06,2026-03-05
AQT,754,2023-03-06,2026-03-05
AQUA,754,2023-03-06,2026-03-05
AR,754,2023-03-06,2026-03-05
ARA,161,2023-03-06,2026-03-05
ARARA,320,2023-03-06,2026-03-05
ARB,754,2023-03-06,2026-03-05
ARC,723,2023-03-06,2026-03-05
ARDR,754,2023-03-06,2026-03-05
ARENA,457,2023-03-06,2026-03-05
ARG,754,2023-03-06,2026-03-05
ARIA,417,2023-03-06,2026-03-05
ARIA20,754,2023-03-06,2026-03-05
ARIAIP,84,2023-03-06,2026-03-05
ARIO,317,2023-03-06,2026-03-05
ARK,754,2023-03-06,2026-03-05
ARKM,754,2023-03-06,2026-03-05
ARMY,456,2023-03-06,2026-03-05
ARPA,754,2023-03-06,2026-03-05
ARRR,754,2023-03-06,2026-03-05
ARTDRA,95,2023-03-06,2026-03-05
ARTY,754,2023-03-06,2026-03-05
ARW,211,2023-03-06,2026-03-05
ARX,754,2023-03-06,2026-03-05
ASBNB,342,2023-03-06,2026-03-05
ASD,754,2023-03-06,2026-03-05
ASIA,754,2023-03-06,2026-03-05
ASK,754,2023-03-06,2026-03-05
ASKJ,265,2023-03-06,2026-03-05
ASM,754,2023-03-06,2026-03-05
ASONUSDC,265,2023-03-06,2026-03-05
ASP,190,2023-03-06,2026-03-05
ASR,754,2023-03-06,2026-03-05
AST,754,2023-03-06,2026-03-05
ASTER,514,2023-03-06,2026-03-05
ASTR,754,2023-03-06,2026-03-05
ASTRA,754,2023-03-06,2026-03-05
ASUSDF,345,2023-03-06,2026-03-05
AT,98,2023-03-06,2026-03-05
ATA,754,2023-03-06,2026-03-05
ATETH,434,2023-03-06,2026-03-05
ATH,597,2023-03-06,2026-03-05
ATLAS,754,2023-03-06,2026-03-05
ATM,754,2023-03-06,2026-03-05
ATOM,754,2023-03-06,2026-03-05
ATONE,343,2023-03-06,2026-03-05
ATOS,280,2023-03-06,2026-03-05
ATR,750,2023-03-06,2026-03-05
ATS,654,2023-03-06,2026-03-05
ATTN,114,2023-03-06,2026-03-05
AU79,217,2023-03-06,2026-03-05
AUBRAI,155,2023-03-06,2026-03-05
AUCTION,754,2023-03-06,2026-03-05
AUDD,754,2023-03-06,2026-03-05
AUDIO,754,2023-03-06,2026-03-05
AUDM,59,2023-03-06,2026-03-05
AUKI,520,2023-03-06,2026-03-05
AURA,754,2023-03-06,2026-03-05
AURABAL,752,2023-03-06,2026-03-05
AURORA,754,2023-03-06,2026-03-05
AURY,754,2023-03-06,2026-03-05
AUSD,538,2023-03-06,2026-03-05
AUX,261,2023-03-06,2026-03-05
AVA,435,2023-03-06,2026-03-05
AVAIL,591,2023-03-06,2026-03-05
AVAX,754,2023-03-06,2026-03-05
AVICI,139,2023-03-06,2026-03-05
AVL,352,2023-03-06,2026-03-05
AVNT,143,2023-03-06,2026-03-05
AVO,280,2023-03-06,2026-03-05
AVT,754,2023-03-06,2026-03-05
AVUSD,382,2023-03-06,2026-03-05
AWE,754,2023-03-06,2026-03-05
AXCNH,115,2023-03-06,2026-03-05
AXEL,748,2023-03-06,2026-03-05
AXGT,714,2023-03-06,2026-03-05
AXL,754,2023-03-06,2026-03-05
AXS,754,2023-03-06,2026-03-05
AZEN,301,2023-03-06,2026-03-05
AZERO,754,2023-03-06,2026-03-05
AZIT,754,2023-03-06,2026-03-05
B,288,2023-03-06,2026-03-05
B2,275,2023-03-06,2026-03-05
B2M,753,2023-03-06,2026-03-05
B3,389,2023-03-06,2026-03-05
B3TR,424,2023-03-06,2026-03-05
B4FWX,553,2023-03-06,2026-03-05
BABY,712,2023-03-06,2026-03-05
BABYDOGE,754,2023-03-06,2026-03-05
BABYSHIBAINU,754,2023-03-06,2026-03-05
BADGER,754,2023-03-06,2026-03-05
BAKE,754,2023-03-06,2026-03-05
BAL,754,2023-03-06,2026-03-05
BAN,459,2023-03-06,2026-03-05
BANANA,754,2023-03-06,2026-03-05
BANANAS31,428,2023-03-06,2026-03-05
BAND,754,2023-03-06,2026-03-05
BANK,659,2023-03-06,2026-03-05
BAR,754,2023-03-06,2026-03-05
BARD,134,2023-03-06,2026-03-05
BAS,199,2023-03-06,2026-03-05
BASEDAI,702,2023-03-06,2026-03-05
BAT,754,2023-03-06,2026-03-05
BAY,90,2023-03-06,2026-03-05
BB,417,2023-03-06,2026-03-05
BBB,465,2023-03-06,2026-03-05
BBSOL,511,2023-03-06,2026-03-05
BBT,464,2023-03-06,2026-03-05
BBTC,754,2023-03-06,2026-03-05
BBUSD,62,2023-03-06,2026-03-05
BC,395,2023-03-06,2026-03-05
BCAP,246,2023-03-06,2026-03-05
BCD,754,2023-03-06,2026-03-05
BCE,98,2023-03-06,2026-03-05
BCH,754,2023-03-06,2026-03-05
BCHEM,310,2023-03-06,2026-03-05
BCN,528,2023-03-06,2026-03-05
BCT,753,2023-03-06,2026-03-05
BCUT,710,2023-03-06,2026-03-05
BDC,606,2023-03-06,2026-03-05
BDCA,338,2023-03-06,2026-03-05
BDX,754,2023-03-06,2026-03-05
BDXN,241,2023-03-06,2026-03-05
BEAM,754,2023-03-06,2026-03-05
BEAR,754,2023-03-06,2026-03-05
BEAT,90,2023-03-06,2026-03-05
BEL,754,2023-03-06,2026-03-05
BELIEVE,370,2023-03-06,2026-03-05
BELLS,754,2023-03-06,2026-03-05
BENJI,675,2023-03-06,2026-03-05
BERA,358,2023-03-06,2026-03-05
BERASTONE,377,2023-03-06,2026-03-05
BERT,478,2023-03-06,2026-03-05
BEST,98,2023-03-06,2026-03-05
BETA,747,2023-03-06,2026-03-05
BFC,754,2023-03-06,2026-03-05
BFG,754,2023-03-06,2026-03-05
BFUSD,204,2023-03-06,2026-03-05
BGB,754,2023-03-06,2026-03-05
BGSC,417,2023-03-06,2026-03-05
BGSOL,341,2023-03-06,2026-03-05
BIC,300,2023-03-06,2026-03-05
BICO,754,2023-03-06,2026-03-05
BID,372,2023-03-06,2026-03-05
BIDZ,723,2023-03-06,2026-03-05
BIFI,754,2023-03-06,2026-03-05
BIG,431,2023-03-06,2026-03-05
BIGTIME,754,2023-03-06,2026-03-05
BIM,688,2023-03-06,2026-03-05
BIO,392,2023-03-06,2026-03-05
BIT,754,2023-03-06,2026-03-05
BITCOIN,754,2023-03-06,2026-03-05
BKN,754,2023-03-06,2026-03-05
BKS,86,2023-03-06,2026-03-05
BLACK,416,2023-03-06,2026-03-05
BLAST,618,2023-03-06,2026-03-05
BLD,754,2023-03-06,2026-03-05
BLESS,128,2023-03-06,2026-03-05
BLK,751,2023-03-06,2026-03-05
BLND,434,2023-03-06,2026-03-05
BLOCK,704,2023-03-06,2026-03-05
BLOK,754,2023-03-06,2026-03-05
BLUAI,101,2023-03-06,2026-03-05
BLUE,415,2023-03-06,2026-03-05
BLUM,252,2023-03-06,2026-03-05
BLUR,754,2023-03-06,2026-03-05
BLZ,754,2023-03-06,2026-03-05
BMC,752,2023-03-06,2026-03-05
BMEX,754,2023-03-06,2026-03-05
BMMF,156,2023-03-06,2026-03-05
BMT,325,2023-03-06,2026-03-05
BMX,754,2023-03-06,2026-03-05
BNB,754,2023-03-06,2026-03-05
BNBHOLDER,107,2023-03-06,2026-03-05
BNBX,754,2023-03-06,2026-03-05
BNC,754,2023-03-06,2026-03-05
BNKR,416,2023-03-06,2026-03-05
BNSOL,505,2023-03-06,2026-03-05
BNT,754,2023-03-06,2026-03-05
BNUSD,754,2023-03-06,2026-03-05
BOB,723,2023-03-06,2026-03-05
BOBA,754,2023-03-06,2026-03-05
BOBO,754,2023-03-06,2026-03-05
BOLD,249,2023-03-06,2026-03-05
BOME,687,2023-03-06,2026-03-05
BONE,754,2023-03-06,2026-03-05
BONK,754,2023-03-06,2026-03-05
BONKSOL,640,2023-03-06,2026-03-05
BONZO,341,2023-03-06,2026-03-05
BOOE,643,2023-03-06,2026-03-05
BOOM,206,2023-03-06,2026-03-05
BOOP,706,2023-03-06,2026-03-05
BORA,754,2023-03-06,2026-03-05
BORG,754,2023-03-06,2026-03-05
BOS,93,2023-03-06,2026-03-05
BOSON,754,2023-03-06,2026-03-05
BOTT,103,2023-03-06,2026-03-05
BOTTO,754,2023-03-06,2026-03-05
BOTX,725,2023-03-06,2026-03-05
BOUNTY,754,2023-03-06,2026-03-05
BOX,501,2023-03-06,2026-03-05
BPT,376,2023-03-06,2026-03-05
BPX,709,2023-03-06,2026-03-05
BR,316,2023-03-06,2026-03-05
BRACKY,212,2023-03-06,2026-03-05
BRBTC,328,2023-03-06,2026-03-05
BRETT,734,2023-03-06,2026-03-05
BRIDGE,136,2023-03-06,2026-03-05
BRISE,754,2023-03-06,2026-03-05
BRLA,513,2023-03-06,2026-03-05
BRN,754,2023-03-06,2026-03-05
BROCCOLI,347,2023-03-06,2026-03-05
BSC-USD,725,2023-03-06,2026-03-05
BSDETH,672,2023-03-06,2026-03-05
BSOL,754,2023-03-06,2026-03-05
BSU,174,2023-03-06,2026-03-05
BSV,754,2023-03-06,2026-03-05
BT365,184,2023-03-06,2026-03-05
BTC,754,2023-03-06,2026-03-05
BTC.B,754,2023-03-06,2026-03-05
BTC.Z,231,2023-03-06,2026-03-05
BTC.ℏ,299,2023-03-06,2026-03-05
BTCB,584,2023-03-06,2026-03-05
BTCK,168,2023-03-06,2026-03-05
BTCLE,166,2023-03-06,2026-03-05
BTCMT,754,2023-03-06,2026-03-05
BTCUSD,567,2023-03-06,2026-03-05
BTG,754,2023-03-06,2026-03-05
BTR,156,2023-03-06,2026-03-05
BTS,754,2023-03-06,2026-03-05
BTSE,753,2023-03-06,2026-03-05
BTT,754,2023-03-06,2026-03-05
BTU,512,2023-03-06,2026-03-05
BTX,49,2023-03-06,2026-03-05
BTY,625,2023-03-06,2026-03-05
BUCK,754,2023-03-06,2026-03-05
BUCKY,587,2023-03-06,2026-03-05
BUIDL,387,2023-03-06,2026-03-05
BULLA,358,2023-03-06,2026-03-05
BULLISH,581,2023-03-06,2026-03-05
BUNDLE,143,2023-03-06,2026-03-05
BURN,737,2023-03-06,2026-03-05
BUSD,754,2023-03-06,2026-03-05
BXN,701,2023-03-06,2026-03-05
BXX,754,2023-03-06,2026-03-05
BYUSD,182,2023-03-06,2026-03-05
BZZ,754,2023-03-06,2026-03-05
C,219,2023-03-06,2026-03-05
C98,754,2023-03-06,2026-03-05
CA,754,2023-03-06,2026-03-05
CACAO,752,2023-03-06,2026-03-05
CAESAR,200,2023-03-06,2026-03-05
CAKE,754,2023-03-06,2026-03-05
CAL50,196,2023-03-06,2026-03-05
CAM,378,2023-03-06,2026-03-05
CAMP,156,2023-03-06,2026-03-05
CAOCAO,164,2023-03-06,2026-03-05
CAPX,86,2023-03-06,2026-03-05
CAR,354,2023-03-06,2026-03-05
CARDS,153,2023-03-06,2026-03-05
CARV,512,2023-03-06,2026-03-05
CASH,114,2023-03-06,2026-03-05
CAT,754,2023-03-06,2026-03-05
CATE,754,2023-03-06,2026-03-05
CATI,499,2023-03-06,2026-03-05
CAW,687,2023-03-06,2026-03-05
CBADA,218,2023-03-06,2026-03-05
CBAT,754,2023-03-06,2026-03-05
CBBTC,505,2023-03-06,2026-03-05
CBDOGE,239,2023-03-06,2026-03-05
CBETH,754,2023-03-06,2026-03-05
CBK,754,2023-03-06,2026-03-05
CBLTC,219,2023-03-06,2026-03-05
CBXRP,239,2023-03-06,2026-03-05
CC,81,2023-03-06,2026-03-05
CCD,754,2023-03-06,2026-03-05
CDAI,754,2023-03-06,2026-03-05
CDCBTC,230,2023-03-06,2026-03-05
CDCETH,754,2023-03-06,2026-03-05
CDCSOL,279,2023-03-06,2026-03-05
CDL,148,2023-03-06,2026-03-05
CDP,43,2023-03-06,2026-03-05
CDR,230,2023-03-06,2026-03-05
CDX,346,2023-03-06,2026-03-05
CEEK,754,2023-03-06,2026-03-05
CEL,754,2023-03-06,2026-03-05
CELL,754,2023-03-06,2026-03-05
CELO,754,2023-03-06,2026-03-05
CELR,754,2023-03-06,2026-03-05
CERE,754,2023-03-06,2026-03-05
CESS,218,2023-03-06,2026-03-05
CET,752,2023-03-06,2026-03-05
CETH,754,2023-03-06,2026-03-05
CETUS,754,2023-03-06,2026-03-05
CEUR,754,2023-03-06,2026-03-05
CFG,255,2023-03-06,2026-03-05
CFX,754,2023-03-06,2026-03-05
CGN,99,2023-03-06,2026-03-05
CGO,754,2023-03-06,2026-03-05
CGPT,754,2023-03-06,2026-03-05
CHAIN,754,2023-03-06,2026-03-05
CHDD,254,2023-03-06,2026-03-05
CHECK,261,2023-03-06,2026-03-05
CHEEMS,754,2023-03-06,2026-03-05
CHEQ,754,2023-03-06,2026-03-05
CHESS,754,2023-03-06,2026-03-05
CHEX,754,2023-03-06,2026-03-05
CHI,85,2023-03-06,2026-03-05
CHILLGUY,437,2023-03-06,2026-03-05
CHILLHOUSE,269,2023-03-06,2026-03-05
CHMPSTR,104,2023-03-06,2026-03-05
CHOG,95,2023-03-06,2026-03-05
CHR,754,2023-03-06,2026-03-05
CHZ,754,2023-03-06,2026-03-05
CINO,173,2023-03-06,2026-03-05
CITY,754,2023-03-06,2026-03-05
CJL,222,2023-03-06,2026-03-05
CKB,754,2023-03-06,2026-03-05
CKBTC,754,2023-03-06,2026-03-05
CKP,749,2023-03-06,2026-03-05
CL8Y,233,2023-03-06,2026-03-05
CLANKER,463,2023-03-06,2026-03-05
CLASH,125,2023-03-06,2026-03-05
CLBTC,390,2023-03-06,2026-03-05
CLEAR,380,2023-03-06,2026-03-05
CLO,108,2023-03-06,2026-03-05
CLORE,754,2023-03-06,2026-03-05
CLOUD,561,2023-03-06,2026-03-05
CLV,754,2023-03-06,2026-03-05
CLY,754,2023-03-06,2026-03-05
CMC20,41,2023-03-06,2026-03-05
CMETH,459,2023-03-06,2026-03-05
CNX,123,2023-03-06,2026-03-05
COAI,126,2023-03-06,2026-03-05
COCA,458,2023-03-06,2026-03-05
COCO,50,2023-03-06,2026-03-05
CODEC,252,2023-03-06,2026-03-05
COINX,214,2023-03-06,2026-03-05
COL,754,2023-03-06,2026-03-05
COLLAT,361,2023-03-06,2026-03-05
COLLECT,32,2023-03-06,2026-03-05
COMMON,95,2023-03-06,2026-03-05
COMP,754,2023-03-06,2026-03-05
CONAN,703,2023-03-06,2026-03-05
CONCILIUM,154,2023-03-06,2026-03-05
CONSCIOUS,301,2023-03-06,2026-03-05
CONX,754,2023-03-06,2026-03-05
COOK,723,2023-03-06,2026-03-05
COOKIE,631,2023-03-06,2026-03-05
COPI,754,2023-03-06,2026-03-05
COQ,754,2023-03-06,2026-03-05
COR,485,2023-03-06,2026-03-05
CORAL,283,2023-03-06,2026-03-05
CORE,754,2023-03-06,2026-03-05
COREUM,754,2023-03-06,2026-03-05
CORGIAI,754,2023-03-06,2026-03-05
CORN,661,2023-03-06,2026-03-05
COS,754,2023-03-06,2026-03-05
COTI,754,2023-03-06,2026-03-05
COW,754,2023-03-06,2026-03-05
CPH,733,2023-03-06,2026-03-05
CPOOL,754,2023-03-06,2026-03-05
CRCLON,150,2023-03-06,2026-03-05
CRCLX,214,2023-03-06,2026-03-05
CREPE,370,2023-03-06,2026-03-05
CRMC,212,2023-03-06,2026-03-05
CRO,754,2023-03-06,2026-03-05
CROC,174,2023-03-06,2026-03-05
CROSS,223,2023-03-06,2026-03-05
CROWN,754,2023-03-06,2026-03-05
CRT,484,2023-03-06,2026-03-05
CRTS,754,2023-03-06,2026-03-05
CRV,754,2023-03-06,2026-03-05
CRVUSD,754,2023-03-06,2026-03-05
CRYPTO,259,2023-03-06,2026-03-05
CSPR,754,2023-03-06,2026-03-05
CSWAP,723,2023-03-06,2026-03-05
CTA,625,2023-03-06,2026-03-05
CTC,754,2023-03-06,2026-03-05
CTF,653,2023-03-06,2026-03-05
CTK,754,2023-03-06,2026-03-05
CTM,287,2023-03-06,2026-03-05
CTOC,227,2023-03-06,2026-03-05
CTSI,754,2023-03-06,2026-03-05
CTX,754,2023-03-06,2026-03-05
CTY,65,2023-03-06,2026-03-05
CUBE,754,2023-03-06,2026-03-05
CUDIS,274,2023-03-06,2026-03-05
CUDOS,751,2023-03-06,2026-03-05
CULT,753,2023-03-06,2026-03-05
CUNI,754,2023-03-06,2026-03-05
CUSD,754,2023-03-06,2026-03-05
CUSDC,754,2023-03-06,2026-03-05
CUSDO,349,2023-03-06,2026-03-05
CVC,754,2023-03-06,2026-03-05
CVX,754,2023-03-06,2026-03-05
CWBTC,754,2023-03-06,2026-03-05
CWEB,754,2023-03-06,2026-03-05
CX,339,2023-03-06,2026-03-05
CXO,734,2023-03-06,2026-03-05
CXT,566,2023-03-06,2026-03-05
CYBER,754,2023-03-06,2026-03-05
CYPR,117,2023-03-06,2026-03-05
CYS,50,2023-03-06,2026-03-05
D,56,2023-03-06,2026-03-05
DADDY,595,2023-03-06,2026-03-05
DADDYDOGE,754,2023-03-06,2026-03-05
DAG,754,2023-03-06,2026-03-05
DAI,723,2023-03-06,2026-03-05
DAKU,204,2023-03-06,2026-03-05
DAM,395,2023-03-06,2026-03-05
DAO,754,2023-03-06,2026-03-05
DARKSTAR,214,2023-03-06,2026-03-05
DASH,754,2023-03-06,2026-03-05
DATA,754,2023-03-06,2026-03-05
DATOM,519,2023-03-06,2026-03-05
DAY,413,2023-03-06,2026-03-05
DBIT,114,2023-03-06,2026-03-05
DBR,470,2023-03-06,2026-03-05
DCR,754,2023-03-06,2026-03-05
DDX,695,2023-03-06,2026-03-05
DEEP,508,2023-03-06,2026-03-05
DEFI.SSI,400,2023-03-06,2026-03-05
DEFX,754,2023-03-06,2026-03-05
DEGEN,746,2023-03-06,2026-03-05
DEGO,754,2023-03-06,2026-03-05
DELABS,186,2023-03-06,2026-03-05
DENT,754,2023-03-06,2026-03-05
DEOD,754,2023-03-06,2026-03-05
DEP,754,2023-03-06,2026-03-05
DERO,754,2023-03-06,2026-03-05
DESO,754,2023-03-06,2026-03-05
DESU,754,2023-03-06,2026-03-05
DETH,121,2023-03-06,2026-03-05
DETO,717,2023-03-06,2026-03-05
DEURO,301,2023-03-06,2026-03-05
DEV,231,2023-03-06,2026-03-05
DEVVE,721,2023-03-06,2026-03-05
DEXE,754,2023-03-06,2026-03-05
DEXNET,692,2023-03-06,2026-03-05
DEXT,754,2023-03-06,2026-03-05
DEXTER,95,2023-03-06,2026-03-05
DEXTF,754,2023-03-06,2026-03-05
DF,754,2023-03-06,2026-03-05
DFDVSOL,171,2023-03-06,2026-03-05
DFDVX,209,2023-03-06,2026-03-05
DG,753,2023-03-06,2026-03-05
DGB,754,2023-03-06,2026-03-05
DGLD,44,2023-03-06,2026-03-05
DGNETH,384,2023-03-06,2026-03-05
DHB,701,2023-03-06,2026-03-05
DHC,149,2023-03-06,2026-03-05
DHT,754,2023-03-06,2026-03-05
DIA,754,2023-03-06,2026-03-05
DIAM,386,2023-03-06,2026-03-05
DIEM,198,2023-03-06,2026-03-05
DIGITS,618,2023-03-06,2026-03-05
DIMO,754,2023-03-06,2026-03-05
DINERO,552,2023-03-06,2026-03-05
DIONE,753,2023-03-06,2026-03-05
DIT,141,2023-03-06,2026-03-05
DIVER,754,2023-03-06,2026-03-05
DIVI,754,2023-03-06,2026-03-05
DJED,754,2023-03-06,2026-03-05
DJI6930,212,2023-03-06,2026-03-05
DKA,754,2023-03-06,2026-03-05
DL,133,2023-03-06,2026-03-05
DLC,754,2023-03-06,2026-03-05
DMC,220,2023-03-06,2026-03-05
DMD,754,2023-03-06,2026-03-05
DMT,754,2023-03-06,2026-03-05
DMTR,754,2023-03-06,2026-03-05
DNT,754,2023-03-06,2026-03-05
DNTRN,287,2023-03-06,2026-03-05
DNX,754,2023-03-06,2026-03-05
DOBO,754,2023-03-06,2026-03-05
DODO,754,2023-03-06,2026-03-05
DOG,754,2023-03-06,2026-03-05
DOGE,723,2023-03-06,2026-03-05
DOGE-1,673,2023-03-06,2026-03-05
DOGEKING,754,2023-03-06,2026-03-05
DOGINME,722,2023-03-06,2026-03-05
DOGS,522,2023-03-06,2026-03-05
DOLA,753,2023-03-06,2026-03-05
DOLO,281,2023-03-06,2026-03-05
DOLZ,754,2023-03-06,2026-03-05
DOOD,266,2023-03-06,2026-03-05
DOP2,118,2023-03-06,2026-03-05
DOPU,595,2023-03-06,2026-03-05
DORA,754,2023-03-06,2026-03-05
DOT,754,2023-03-06,2026-03-05
DOUBT,211,2023-03-06,2026-03-05
DOVU,754,2023-03-06,2026-03-05
DPHN,100,2023-03-06,2026-03-05
DPI,754,2023-03-06,2026-03-05
DRAGON,78,2023-03-06,2026-03-05
DRB,326,2023-03-06,2026-03-05
DREAM,39,2023-03-06,2026-03-05
DREAMS,372,2023-03-06,2026-03-05
DRESS,143,2023-03-06,2026-03-05
DRG,205,2023-03-06,2026-03-05
DRGN,754,2023-03-06,2026-03-05
DRIFT,624,2023-03-06,2026-03-05
DROP,678,2023-03-06,2026-03-05
DRV,380,2023-03-06,2026-03-05
DSOL,640,2023-03-06,2026-03-05
DSTRX,282,2023-03-06,2026-03-05
DSYNC,688,2023-03-06,2026-03-05
DUCK,411,2023-03-06,2026-03-05
DUPE,297,2023-03-06,2026-03-05
DUSD,478,2023-03-06,2026-03-05
DUSK,754,2023-03-06,2026-03-05
DXI,745,2023-03-06,2026-03-05
DXLM,749,2023-03-06,2026-03-05
DYDX,754,2023-03-06,2026-03-05
DYM,725,2023-03-06,2026-03-05
DZSOL,116,2023-03-06,2026-03-05
EAI,597,2023-03-06,2026-03-05
EARNAUSD,25,2023-03-06,2026-03-05
EAT,93,2023-03-06,2026-03-05
EBTC,655,2023-03-06,2026-03-05
ECHO,212,2023-03-06,2026-03-05
EDEL,113,2023-03-06,2026-03-05
EDEN,723,2023-03-06,2026-03-05
EDGE,732,2023-03-06,2026-03-05
EDGESOL,687,2023-03-06,2026-03-05
EDU,754,2023-03-06,2026-03-05
EDUM,754,2023-03-06,2026-03-05
EEG,577,2023-03-06,2026-03-05
EEMON,124,2023-03-06,2026-03-05
EETH,723,2023-03-06,2026-03-05
EFAON,116,2023-03-06,2026-03-05
EFI,735,2023-03-06,2026-03-05
EGL1,270,2023-03-06,2026-03-05
EGLD,754,2023-03-06,2026-03-05
EGN,141,2023-03-06,2026-03-05
EIGEN,486,2023-03-06,2026-03-05
EKUBO,625,2023-03-06,2026-03-05
EL,754,2023-03-06,2026-03-05
ELA,754,2023-03-06,2026-03-05
ELEPHANT,754,2023-03-06,2026-03-05
ELF,754,2023-03-06,2026-03-05
ELG,754,2023-03-06,2026-03-05
ELIZAOS,119,2023-03-06,2026-03-05
ELON,754,2023-03-06,2026-03-05
ELP,190,2023-03-06,2026-03-05
EMDR,155,2023-03-06,2026-03-05
EMP,754,2023-03-06,2026-03-05
EMT,425,2023-03-06,2026-03-05
ENA,668,2023-03-06,2026-03-05
ENG,172,2023-03-06,2026-03-05
ENJ,754,2023-03-06,2026-03-05
ENS,754,2023-03-06,2026-03-05
ENSO,143,2023-03-06,2026-03-05
EOS,754,2023-03-06,2026-03-05
EPIC,735,2023-03-06,2026-03-05
EPS,754,2023-03-06,2026-03-05
EPT,284,2023-03-06,2026-03-05
EQB,754,2023-03-06,2026-03-05
ERA,197,2023-03-06,2026-03-05
ERG,754,2023-03-06,2026-03-05
ES,198,2023-03-06,2026-03-05
ESPORTS,195,2023-03-06,2026-03-05
ESX,225,2023-03-06,2026-03-05
ETC,754,2023-03-06,2026-03-05
ETH,766,2023-03-06,2026-03-05
ETH+,617,2023-03-06,2026-03-05
ETH0,228,2023-03-06,2026-03-05
ETH2X-FLI,754,2023-03-06,2026-03-05
ETHDYDX,754,2023-03-06,2026-03-05
ETHFI,683,2023-03-06,2026-03-05
ETHIX,754,2023-03-06,2026-03-05
ETHW,754,2023-03-06,2026-03-05
ETHX,754,2023-03-06,2026-03-05
ETN,754,2023-03-06,2026-03-05
EUL,754,2023-03-06,2026-03-05
EURA,754,2023-03-06,2026-03-05
EURC,754,2023-03-06,2026-03-05
EURCV,690,2023-03-06,2026-03-05
EURE,347,2023-03-06,2026-03-05
EUROP,381,2023-03-06,2026-03-05
EURQ,435,2023-03-06,2026-03-05
EURR,378,2023-03-06,2026-03-05
EURS,754,2023-03-06,2026-03-05
EURT,754,2023-03-06,2026-03-05
EUSD,754,2023-03-06,2026-03-05
EUTBL,568,2023-03-06,2026-03-05
EVAA,119,2023-03-06,2026-03-05
EVER,754,2023-03-06,2026-03-05
EVR,704,2023-03-06,2026-03-05
EWT,754,2023-03-06,2026-03-05
EXC,118,2023-03-06,2026-03-05
EXCC,711,2023-03-06,2026-03-05
EXTRA,754,2023-03-06,2026-03-05
EZETH,736,2023-03-06,2026-03-05
EZSOL,451,2023-03-06,2026-03-05
F,441,2023-03-06,2026-03-05
FACY,173,2023-03-06,2026-03-05
FAF,289,2023-03-06,2026-03-05
FAI,425,2023-03-06,2026-03-05
FAIR3,301,2023-03-06,2026-03-05
FAR,738,2023-03-06,2026-03-05
FARM,754,2023-03-06,2026-03-05
FARTCOIN,501,2023-03-06,2026-03-05
FB,505,2023-03-06,2026-03-05
FBOMB,754,2023-03-06,2026-03-05
FBTC,566,2023-03-06,2026-03-05
FCT,754,2023-03-06,2026-03-05
FDIT,135,2023-03-06,2026-03-05
FDUSD,754,2023-03-06,2026-03-05
FEG,748,2023-03-06,2026-03-05
FEI,754,2023-03-06,2026-03-05
FELY,467,2023-03-06,2026-03-05
FET,754,2023-03-06,2026-03-05
FEUSD,303,2023-03-06,2026-03-05
FF,123,2023-03-06,2026-03-05
FHE,295,2023-03-06,2026-03-05
FIAS,342,2023-03-06,2026-03-05
FIDA,754,2023-03-06,2026-03-05
FIDU,556,2023-03-06,2026-03-05
FIGR_HELOC,156,2023-03-06,2026-03-05
FIH,85,2023-03-06,2026-03-05
FIL,754,2023-03-06,2026-03-05
FIO,754,2023-03-06,2026-03-05
FIRO,754,2023-03-06,2026-03-05
FIS,754,2023-03-06,2026-03-05
FITFI,754,2023-03-06,2026-03-05
FIUSD,374,2023-03-06,2026-03-05
FKH,57,2023-03-06,2026-03-05
FLAY,490,2023-03-06,2026-03-05
FLIP,754,2023-03-06,2026-03-05
FLIX,719,2023-03-06,2026-03-05
FLM,754,2023-03-06,2026-03-05
FLOCK,389,2023-03-06,2026-03-05
FLOKI,754,2023-03-06,2026-03-05
FLOW,754,2023-03-06,2026-03-05
FLP.1,218,2023-03-06,2026-03-05
FLR,754,2023-03-06,2026-03-05
FLRETH,328,2023-03-06,2026-03-05
FLT,679,2023-03-06,2026-03-05
FLUID,754,2023-03-06,2026-03-05
FLUX,754,2023-03-06,2026-03-05
FLUXB,754,2023-03-06,2026-03-05
FLX,745,2023-03-06,2026-03-05
FM,176,2023-03-06,2026-03-05
FNCT,754,2023-03-06,2026-03-05
FOLKS,120,2023-03-06,2026-03-05
FOOM,749,2023-03-06,2026-03-05
FOREST,499,2023-03-06,2026-03-05
FORM,337,2023-03-06,2026-03-05
FORT,754,2023-03-06,2026-03-05
FORTH,754,2023-03-06,2026-03-05
FOX,754,2023-03-06,2026-03-05
FOXSY,617,2023-03-06,2026-03-05
FOXY,691,2023-03-06,2026-03-05
FPIS,754,2023-03-06,2026-03-05
FRAX,723,2023-03-06,2026-03-05
FREYA,423,2023-03-06,2026-03-05
FRIEND,635,2023-03-06,2026-03-05
FROGE,557,2023-03-06,2026-03-05
FROGGIE,171,2023-03-06,2026-03-05
FROK,687,2023-03-06,2026-03-05
FROTH,409,2023-03-06,2026-03-05
FRXETH,754,2023-03-06,2026-03-05
FRXUSD,348,2023-03-06,2026-03-05
FTMX,144,2023-03-06,2026-03-05
FTN,754,2023-03-06,2026-03-05
FTRB,754,2023-03-06,2026-03-05
FUEL,509,2023-03-06,2026-03-05
FUKU,511,2023-03-06,2026-03-05
FUL,754,2023-03-06,2026-03-05
FUN,754,2023-03-06,2026-03-05
FUSD,262,2023-03-06,2026-03-05
FUSE,754,2023-03-06,2026-03-05
FUST,188,2023-03-06,2026-03-05
FUZZY,352,2023-03-06,2026-03-05
FWETH,176,2023-03-06,2026-03-05
FWOG,582,2023-03-06,2026-03-05
FWSTETH,111,2023-03-06,2026-03-05
FXRP,120,2023-03-06,2026-03-05
FXSAVE,197,2023-03-06,2026-03-05
FXUSD,680,2023-03-06,2026-03-05
G,561,2023-03-06,2026-03-05
GAFI,754,2023-03-06,2026-03-05
GAI,196,2023-03-06,2026-03-05
GAIA,184,2023-03-06,2026-03-05
GAIB,105,2023-03-06,2026-03-05
GAIX,62,2023-03-06,2026-03-05
GAL,754,2023-03-06,2026-03-05
GALA,754,2023-03-06,2026-03-05
GALEON,754,2023-03-06,2026-03-05
GAMA,206,2023-03-06,2026-03-05
GAME,690,2023-03-06,2026-03-05
GAS,754,2023-03-06,2026-03-05
GBACK,95,2023-03-06,2026-03-05
GBYTE,754,2023-03-06,2026-03-05
GCB,571,2023-03-06,2026-03-05
GDOT,247,2023-03-06,2026-03-05
GEAR,754,2023-03-06,2026-03-05
GEL,754,2023-03-06,2026-03-05
GEM,129,2023-03-06,2026-03-05
GEMS,594,2023-03-06,2026-03-05
GEOD,754,2023-03-06,2026-03-05
GET,260,2023-03-06,2026-03-05
GETH,203,2023-03-06,2026-03-05
GF,528,2023-03-06,2026-03-05
GFAL,754,2023-03-06,2026-03-05
GFI,754,2023-03-06,2026-03-05
GGUSD,225,2023-03-06,2026-03-05
GH,82,2023-03-06,2026-03-05
GHO,754,2023-03-06,2026-03-05
GHST,754,2023-03-06,2026-03-05
GHUB,754,2023-03-06,2026-03-05
GHX,754,2023-03-06,2026-03-05
GIGA,739,2023-03-06,2026-03-05
GIGGLE,130,2023-03-06,2026-03-05
GIGL,102,2023-03-06,2026-03-05
GIZA,288,2023-03-06,2026-03-05
GLADIUS,127,2023-03-06,2026-03-05
GLC,752,2023-03-06,2026-03-05
GLDX,201,2023-03-06,2026-03-05
GLEEC,749,2023-03-06,2026-03-05
GLIDR,211,2023-03-06,2026-03-05
GLM,754,2023-03-06,2026-03-05
GLMR,754,2023-03-06,2026-03-05
GM,681,2023-03-06,2026-03-05
GME,729,2023-03-06,2026-03-05
GMEE,754,2023-03-06,2026-03-05
GMT,754,2023-03-06,2026-03-05
GMX,754,2023-03-06,2026-03-05
GNO,754,2023-03-06,2026-03-05
GNS,754,2023-03-06,2026-03-05
GNUS,658,2023-03-06,2026-03-05
GOAT,502,2023-03-06,2026-03-05
GOATED,370,2023-03-06,2026-03-05
GOCHU,566,2023-03-06,2026-03-05
GODS,754,2023-03-06,2026-03-05
GOG,754,2023-03-06,2026-03-05
GOHOME,349,2023-03-06,2026-03-05
GOLDAO,632,2023-03-06,2026-03-05
GOLDN,182,2023-03-06,2026-03-05
GOMINING,754,2023-03-06,2026-03-05
GOOGLON,150,2023-03-06,2026-03-05
GOOGLX,213,2023-03-06,2026-03-05
GOR,224,2023-03-06,2026-03-05
GP,754,2023-03-06,2026-03-05
GPCX,679,2023-03-06,2026-03-05
GPS,379,2023-03-06,2026-03-05
GPT,194,2023-03-06,2026-03-05
GPU,708,2023-03-06,2026-03-05
GRAIL,754,2023-03-06,2026-03-05
GRAM,724,2023-03-06,2026-03-05
GRASS,492,2023-03-06,2026-03-05
GRC,751,2023-03-06,2026-03-05
GRDM,66,2023-03-06,2026-03-05
GREEN,240,2023-03-06,2026-03-05
GRIFFAIN,452,2023-03-06,2026-03-05
GRIN,754,2023-03-06,2026-03-05
GRND,754,2023-03-06,2026-03-05
GROK,754,2023-03-06,2026-03-05
GROW,754,2023-03-06,2026-03-05
GRP,667,2023-03-06,2026-03-05
GRPH,389,2023-03-06,2026-03-05
GRS,754,2023-03-06,2026-03-05
GRT,754,2023-03-06,2026-03-05
GRX,53,2023-03-06,2026-03-05
GS,498,2023-03-06,2026-03-05
GST-SOL,754,2023-03-06,2026-03-05
GT,754,2023-03-06,2026-03-05
GT3,193,2023-03-06,2026-03-05
GTBTC,160,2023-03-06,2026-03-05
GTC,754,2023-03-06,2026-03-05
GTCBBTCC,448,2023-03-06,2026-03-05
GTETH,167,2023-03-06,2026-03-05
GTUSDC,428,2023-03-06,2026-03-05
GUA,563,2023-03-06,2026-03-05
GUD,387,2023-03-06,2026-03-05
GUILD,741,2023-03-06,2026-03-05
GUN,305,2023-03-06,2026-03-05
GUSD,754,2023-03-06,2026-03-05
GXA,754,2023-03-06,2026-03-05
GXC,745,2023-03-06,2026-03-05
GYD,754,2023-03-06,2026-03-05
GYEN,754,2023-03-06,2026-03-05
H,381,2023-03-06,2026-03-05
HABITAT,141,2023-03-06,2026-03-05
HAEDAL,309,2023-03-06,2026-03-05
HAHYPE,211,2023-03-06,2026-03-05
HAI,754,2023-03-06,2026-03-05
HAIO,231,2023-03-06,2026-03-05
HAIR,734,2023-03-06,2026-03-05
HAKHYPE,132,2023-03-06,2026-03-05
HANA,513,2023-03-06,2026-03-05
HANDY,748,2023-03-06,2026-03-05
HANU,754,2023-03-06,2026-03-05
HAROLD,700,2023-03-06,2026-03-05
HART,753,2023-03-06,2026-03-05
HASH,246,2023-03-06,2026-03-05
HASHAI,699,2023-03-06,2026-03-05
HASUI,754,2023-03-06,2026-03-05
HATCH,259,2023-03-06,2026-03-05
HBAR,754,2023-03-06,2026-03-05
HBD,744,2023-03-06,2026-03-05
HBHYPE,206,2023-03-06,2026-03-05
HBUSDT,206,2023-03-06,2026-03-05
HDN,754,2023-03-06,2026-03-05
HDX,754,2023-03-06,2026-03-05
HEART,754,2023-03-06,2026-03-05
HEGIC,754,2023-03-06,2026-03-05
HEI,351,2023-03-06,2026-03-05
HEMI,187,2023-03-06,2026-03-05
HEMIBTC,211,2023-03-06,2026-03-05
HERA,754,2023-03-06,2026-03-05
HERB,525,2023-03-06,2026-03-05
HERO,754,2023-03-06,2026-03-05
HEU,417,2023-03-06,2026-03-05
HEZ,754,2023-03-06,2026-03-05
HFT,754,2023-03-06,2026-03-05
HFUN,606,2023-03-06,2026-03-05
HGPT,754,2023-03-06,2026-03-05
HI,754,2023-03-06,2026-03-05
HIFI,754,2023-03-06,2026-03-05
HIPPO,486,2023-03-06,2026-03-05
HIVE,754,2023-03-06,2026-03-05
HLDR,259,2023-03-06,2026-03-05
HLN,754,2023-03-06,2026-03-05
HLSCOPE,315,2023-03-06,2026-03-05
HMSTR,491,2023-03-06,2026-03-05
HMT,754,2023-03-06,2026-03-05
HNS,754,2023-03-06,2026-03-05
HNT,754,2023-03-06,2026-03-05
HOGE,753,2023-03-06,2026-03-05
HOLD,754,2023-03-06,2026-03-05
HOLLAR,125,2023-03-06,2026-03-05
HOLO,183,2023-03-06,2026-03-05
HOME,267,2023-03-06,2026-03-05
HONEY,723,2023-03-06,2026-03-05
HOODX,212,2023-03-06,2026-03-05
HOOK,754,2023-03-06,2026-03-05
HOPPY,689,2023-03-06,2026-03-05
HOPR,754,2023-03-06,2026-03-05
HOSKY,754,2023-03-06,2026-03-05
HOT,754,2023-03-06,2026-03-05
HOUSE,464,2023-03-06,2026-03-05
HP,264,2023-03-06,2026-03-05
HPO,428,2023-03-06,2026-03-05
HSK,430,2023-03-06,2026-03-05
HSOL,640,2023-03-06,2026-03-05
HSUITE,754,2023-03-06,2026-03-05
HT,754,2023-03-06,2026-03-05
HTR,754,2023-03-06,2026-03-05
HTX,704,2023-03-06,2026-03-05
HUMA,249,2023-03-06,2026-03-05
HUNT,754,2023-03-06,2026-03-05
HUSD,737,2023-03-06,2026-03-05
HUSTLE,205,2023-03-06,2026-03-05
HWHLP,221,2023-03-06,2026-03-05
HWHYPE,135,2023-03-06,2026-03-05
HXRO,752,2023-03-06,2026-03-05
HYBUX,92,2023-03-06,2026-03-05
HYDRA,754,2023-03-06,2026-03-05
HYDX,137,2023-03-06,2026-03-05
HYLOSOL,88,2023-03-06,2026-03-05
HYPE,153,2023-03-06,2026-03-05
HYPER,283,2023-03-06,2026-03-05
HYUSD,135,2023-03-06,2026-03-05
IAG,754,2023-03-06,2026-03-05
IAUON,149,2023-03-06,2026-03-05
IBERA,333,2023-03-06,2026-03-05
IBEUR,748,2023-03-06,2026-03-05
IBGT,336,2023-03-06,2026-03-05
IBMON,147,2023-03-06,2026-03-05
IBS,676,2023-03-06,2026-03-05
ICE,742,2023-03-06,2026-03-05
ICECREAM,723,2023-03-06,2026-03-05
ICNT,211,2023-03-06,2026-03-05
ICP,754,2023-03-06,2026-03-05
ICX,754,2023-03-06,2026-03-05
ID,754,2023-03-06,2026-03-05
IDEX,754,2023-03-06,2026-03-05
IDIA,754,2023-03-06,2026-03-05
IDLE,588,2023-03-06,2026-03-05
IDOL,233,2023-03-06,2026-03-05
IDRT,750,2023-03-06,2026-03-05
IEFAON,144,2023-03-06,2026-03-05
IEMGON,121,2023-03-06,2026-03-05
IJHON,100,2023-03-06,2026-03-05
IKA,218,2023-03-06,2026-03-05
ILV,754,2023-03-06,2026-03-05
IMAGE,213,2023-03-06,2026-03-05
IMO,748,2023-03-06,2026-03-05
IMPT,754,2023-03-06,2026-03-05
IMX,754,2023-03-06,2026-03-05
IN,176,2023-03-06,2026-03-05
INALPHA,204,2023-03-06,2026-03-05
INC,253,2023-03-06,2026-03-05
INCO,445,2023-03-06,2026-03-05
INDEX,754,2023-03-06,2026-03-05
INDY,754,2023-03-06,2026-03-05
INF,754,2023-03-06,2026-03-05
INFRA,78,2023-03-06,2026-03-05
INI,242,2023-03-06,2026-03-05
INIT,281,2023-03-06,2026-03-05
INJ,754,2023-03-06,2026-03-05
INSP,754,2023-03-06,2026-03-05
INTCON,150,2023-03-06,2026-03-05
INTER,754,2023-03-06,2026-03-05
INV,754,2023-03-06,2026-03-05
IO,631,2023-03-06,2026-03-05
IOST,754,2023-03-06,2026-03-05
IOT,754,2023-03-06,2026-03-05
IOTA,754,2023-03-06,2026-03-05
IOTX,754,2023-03-06,2026-03-05
IOUSDT,751,2023-03-06,2026-03-05
IP,351,2023-03-06,2026-03-05
IQ,754,2023-03-06,2026-03-05
IR,44,2023-03-06,2026-03-05
IRON,754,2023-03-06,2026-03-05
IRYS,99,2023-03-06,2026-03-05
ISC,753,2023-03-06,2026-03-05
ISLM,754,2023-03-06,2026-03-05
ITA,754,2023-03-06,2026-03-05
ITOTON,128,2023-03-06,2026-03-05
IUSD,753,2023-03-06,2026-03-05
IVT,395,2023-03-06,2026-03-05
IVVON,144,2023-03-06,2026-03-05
IWFON,108,2023-03-06,2026-03-05
IWMON,130,2023-03-06,2026-03-05
IWNON,94,2023-03-06,2026-03-05
IXS,754,2023-03-06,2026-03-05
IXT,754,2023-03-06,2026-03-05
IZI,754,2023-03-06,2026-03-05
J,373,2023-03-06,2026-03-05
JAAA,78,2023-03-06,2026-03-05
JAGER,269,2023-03-06,2026-03-05
JASMY,754,2023-03-06,2026-03-05
JCT,81,2023-03-06,2026-03-05
JELLYJELLY,365,2023-03-06,2026-03-05
JESSE,103,2023-03-06,2026-03-05
JEST,540,2023-03-06,2026-03-05
JESUS,754,2023-03-06,2026-03-05
JETT,321,2023-03-06,2026-03-05
JETTON,754,2023-03-06,2026-03-05
JITOSOL,754,2023-03-06,2026-03-05
JLP,754,2023-03-06,2026-03-05
JMPT,754,2023-03-06,2026-03-05
JOBCOIN,277,2023-03-06,2026-03-05
JOE,754,2023-03-06,2026-03-05
JOJO,651,2023-03-06,2026-03-05
JOKE,62,2023-03-06,2026-03-05
JOULE,543,2023-03-06,2026-03-05
JOVJOU,729,2023-03-06,2026-03-05
JPMON,144,2023-03-06,2026-03-05
JPYC,723,2023-03-06,2026-03-05
JRUSDE,33,2023-03-06,2026-03-05
JSOL,754,2023-03-06,2026-03-05
JST,754,2023-03-06,2026-03-05
JTO,754,2023-03-06,2026-03-05
JTRSY,78,2023-03-06,2026-03-05
JUNO,754,2023-03-06,2026-03-05
JUP,730,2023-03-06,2026-03-05
JUPSOL,640,2023-03-06,2026-03-05
JUV,754,2023-03-06,2026-03-05
JYAI,357,2023-03-06,2026-03-05
KAG,754,2023-03-06,2026-03-05
KAI,754,2023-03-06,2026-03-05
KAIA,492,2023-03-06,2026-03-05
KAITO,377,2023-03-06,2026-03-05
KAN,754,2023-03-06,2026-03-05
KAPT,234,2023-03-06,2026-03-05
KARAT,454,2023-03-06,2026-03-05
KARMA,63,2023-03-06,2026-03-05
KARRAT,647,2023-03-06,2026-03-05
KAS,754,2023-03-06,2026-03-05
KAU,754,2023-03-06,2026-03-05
KAVA,754,2023-03-06,2026-03-05
KAVAUSDT,597,2023-03-06,2026-03-05
KBTC,311,2023-03-06,2026-03-05
KCS,754,2023-03-06,2026-03-05
KCT,753,2023-03-06,2026-03-05
KDA,754,2023-03-06,2026-03-05
KDK,37,2023-03-06,2026-03-05
KEEP,753,2023-03-06,2026-03-05
KEKIUS,410,2023-03-06,2026-03-05
KENDU,662,2023-03-06,2026-03-05
KERNEL,443,2023-03-06,2026-03-05
KET,408,2023-03-06,2026-03-05
KEYCAT,669,2023-03-06,2026-03-05
KGEN,148,2023-03-06,2026-03-05
KGST,35,2023-03-06,2026-03-05
KHYPE,198,2023-03-06,2026-03-05
KIBSHI,754,2023-03-06,2026-03-05
KIMA,463,2023-03-06,2026-03-05
KING,462,2023-03-06,2026-03-05
KISHU,754,2023-03-06,2026-03-05
KIT,754,2023-03-06,2026-03-05
KITE,722,2023-03-06,2026-03-05
KLED,252,2023-03-06,2026-03-05
KLV,754,2023-03-06,2026-03-05
KMD,754,2023-03-06,2026-03-05
KMHYPE,51,2023-03-06,2026-03-05
KMNO,640,2023-03-06,2026-03-05
KNCL,754,2023-03-06,2026-03-05
KNDX,754,2023-03-06,2026-03-05
KNTQ,64,2023-03-06,2026-03-05
KO,67,2023-03-06,2026-03-05
KOGE,754,2023-03-06,2026-03-05
KOMA,466,2023-03-06,2026-03-05
KONET,559,2023-03-06,2026-03-05
KOON,154,2023-03-06,2026-03-05
KORI,290,2023-03-06,2026-03-05
KRAV,734,2023-03-06,2026-03-05
KRL,754,2023-03-06,2026-03-05
KSM,754,2023-03-06,2026-03-05
KTA,330,2023-03-06,2026-03-05
KUB,754,2023-03-06,2026-03-05
KUJI,754,2023-03-06,2026-03-05
KUMA,498,2023-03-06,2026-03-05
KWENTA,754,2023-03-06,2026-03-05
KYSOL,437,2023-03-06,2026-03-05
KYVE,754,2023-03-06,2026-03-05
L3,549,2023-03-06,2026-03-05
LA,240,2023-03-06,2026-03-05
LAB,141,2023-03-06,2026-03-05
LADYS,754,2023-03-06,2026-03-05
LANTERNSOL,592,2023-03-06,2026-03-05
LAT,754,2023-03-06,2026-03-05
LAVA,712,2023-03-06,2026-03-05
LAYER,353,2023-03-06,2026-03-05
LAZIO,754,2023-03-06,2026-03-05
LBT,754,2023-03-06,2026-03-05
LBTC,519,2023-03-06,2026-03-05
LC,367,2023-03-06,2026-03-05
LCAP,134,2023-03-06,2026-03-05
LCAT,450,2023-03-06,2026-03-05
LCS,699,2023-03-06,2026-03-05
LCX,754,2023-03-06,2026-03-05
LDO,754,2023-03-06,2026-03-05
LEADBTC,46,2023-03-06,2026-03-05
LEDGER,495,2023-03-06,2026-03-05
LEO,754,2023-03-06,2026-03-05
LFT,624,2023-03-06,2026-03-05
LGCT,373,2023-03-06,2026-03-05
LHYPE,323,2023-03-06,2026-03-05
LIBERTY,185,2023-03-06,2026-03-05
LIGHT,125,2023-03-06,2026-03-05
LIKE,105,2023-03-06,2026-03-05
LIME,754,2023-03-06,2026-03-05
LINEA,175,2023-03-06,2026-03-05
LINGO,447,2023-03-06,2026-03-05
LINK,1058,2023-03-06,2026-03-05
LION,424,2023-03-06,2026-03-05
LIQ,557,2023-03-06,2026-03-05
LIQUIDETH,100,2023-03-06,2026-03-05
LIQUIDHYPE,160,2023-03-06,2026-03-05
LISA,43,2023-03-06,2026-03-05
LISTA,622,2023-03-06,2026-03-05
LISUSD,754,2023-03-06,2026-03-05
LIT,754,2023-03-06,2026-03-05
LITKEY,92,2023-03-06,2026-03-05
LIUSD,118,2023-03-06,2026-03-05
LKY,460,2023-03-06,2026-03-05
LL,646,2023-03-06,2026-03-05
LLD,660,2023-03-06,2026-03-05
LLYON,150,2023-03-06,2026-03-05
LM,754,2023-03-06,2026-03-05
LMAO!,103,2023-03-06,2026-03-05
LMEOW,694,2023-03-06,2026-03-05
LMTON,131,2023-03-06,2026-03-05
LMTS,100,2023-03-06,2026-03-05
LMWR,754,2023-03-06,2026-03-05
LOAN,754,2023-03-06,2026-03-05
LOCK,721,2023-03-06,2026-03-05
LOCKIN,597,2023-03-06,2026-03-05
LODE,57,2023-03-06,2026-03-05
LOFI,510,2023-03-06,2026-03-05
LON,754,2023-03-06,2026-03-05
LOOK,177,2023-03-06,2026-03-05
LOOPIN,431,2023-03-06,2026-03-05
LORDS,754,2023-03-06,2026-03-05
LOYAL,131,2023-03-06,2026-03-05
LPT,754,2023-03-06,2026-03-05
LQ,753,2023-03-06,2026-03-05
LQR,697,2023-03-06,2026-03-05
LQTY,754,2023-03-06,2026-03-05
LRC,754,2023-03-06,2026-03-05
LRDS,554,2023-03-06,2026-03-05
LSETH,754,2023-03-06,2026-03-05
LSK,754,2023-03-06,2026-03-05
LSTHYPE,99,2023-03-06,2026-03-05
LTAI,526,2023-03-06,2026-03-05
LTC,754,2023-03-06,2026-03-05
LTCIC,188,2023-03-06,2026-03-05
LUCIC,80,2023-03-06,2026-03-05
LUCK,137,2023-03-06,2026-03-05
LUCKY,124,2023-03-06,2026-03-05
LUMIA,501,2023-03-06,2026-03-05
LUNA,467,2023-03-06,2026-03-05
LUNARBITS,161,2023-03-06,2026-03-05
LUNC,754,2023-03-06,2026-03-05
LUSD,754,2023-03-06,2026-03-05
LUSH,710,2023-03-06,2026-03-05
LUX,59,2023-03-06,2026-03-05
LVVA,325,2023-03-06,2026-03-05
LWA,754,2023-03-06,2026-03-05
LYN,199,2023-03-06,2026-03-05
LYNK,357,2023-03-06,2026-03-05
LYX,754,2023-03-06,2026-03-05
LYXE,754,2023-03-06,2026-03-05
LZUSDC,728,2023-03-06,2026-03-05
M,211,2023-03-06,2026-03-05
M.USDC,119,2023-03-06,2026-03-05
M87,754,2023-03-06,2026-03-05
MAG7.SSI,404,2023-03-06,2026-03-05
MAGIC,754,2023-03-06,2026-03-05
MAGMA,358,2023-03-06,2026-03-05
MAIGA,168,2023-03-06,2026-03-05
MAMA,29,2023-03-06,2026-03-05
MAMO,287,2023-03-06,2026-03-05
MANA,754,2023-03-06,2026-03-05
MANEKI,679,2023-03-06,2026-03-05
MANTA,743,2023-03-06,2026-03-05
MANYU,351,2023-03-06,2026-03-05
MAPO,754,2023-03-06,2026-03-05
MAPOLLO,140,2023-03-06,2026-03-05
MARSMI,225,2023-03-06,2026-03-05
MASK,754,2023-03-06,2026-03-05
MATH,754,2023-03-06,2026-03-05
MATICX,754,2023-03-06,2026-03-05
MAUSDC,754,2023-03-06,2026-03-05
MAV,754,2023-03-06,2026-03-05
MAVIA,724,2023-03-06,2026-03-05
MAX,754,2023-03-06,2026-03-05
MB,114,2023-03-06,2026-03-05
MBASIS,460,2023-03-06,2026-03-05
MBC,658,2023-03-06,2026-03-05
MBG,192,2023-03-06,2026-03-05
MBL,754,2023-03-06,2026-03-05
MBOX,754,2023-03-06,2026-03-05
MBTC,428,2023-03-06,2026-03-05
MBX,754,2023-03-06,2026-03-05
MCADE,754,2023-03-06,2026-03-05
MCB,754,2023-03-06,2026-03-05
MCDON,150,2023-03-06,2026-03-05
MCDULL,490,2023-03-06,2026-03-05
MCOIN,754,2023-03-06,2026-03-05
MDT,754,2023-03-06,2026-03-05
ME,416,2023-03-06,2026-03-05
MEA,266,2023-03-06,2026-03-05
MED,754,2023-03-06,2026-03-05
MEDGE,331,2023-03-06,2026-03-05
MEDXT,210,2023-03-06,2026-03-05
MEED,702,2023-03-06,2026-03-05
MELANIA,376,2023-03-06,2026-03-05
MEME,754,2023-03-06,2026-03-05
MEMEFI,548,2023-03-06,2026-03-05
MEMS,78,2023-03-06,2026-03-05
MEOW,752,2023-03-06,2026-03-05
MERC,753,2023-03-06,2026-03-05
MERL,651,2023-03-06,2026-03-05
MERY,669,2023-03-06,2026-03-05
MESO,188,2023-03-06,2026-03-05
MET,754,2023-03-06,2026-03-05
META,754,2023-03-06,2026-03-05
METAL,754,2023-03-06,2026-03-05
METAON,150,2023-03-06,2026-03-05
METAV,397,2023-03-06,2026-03-05
METAX,213,2023-03-06,2026-03-05
METFI,754,2023-03-06,2026-03-05
METH,522,2023-03-06,2026-03-05
METIS,754,2023-03-06,2026-03-05
MEUSD,408,2023-03-06,2026-03-05
MEW,675,2023-03-06,2026-03-05
MEX,754,2023-03-06,2026-03-05
MEY,428,2023-03-06,2026-03-05
MF-ONE,193,2023-03-06,2026-03-05
MFER,670,2023-03-06,2026-03-05
MFT,684,2023-03-06,2026-03-05
MGG,233,2023-03-06,2026-03-05
MGO,220,2023-03-06,2026-03-05
MGP,754,2023-03-06,2026-03-05
MHNA,172,2023-03-06,2026-03-05
MHYPER,140,2023-03-06,2026-03-05
MIA,595,2023-03-06,2026-03-05
MIDAS,155,2023-03-06,2026-03-05
MIGGLES,561,2023-03-06,2026-03-05
MILK,690,2023-03-06,2026-03-05
MIM,355,2023-03-06,2026-03-05
MIMATIC,754,2023-03-06,2026-03-05
MIN,754,2023-03-06,2026-03-05
MINA,754,2023-03-06,2026-03-05
MINI,690,2023-03-06,2026-03-05
MINIDOGE,205,2023-03-06,2026-03-05
MINIMA,469,2023-03-06,2026-03-05
MIRA,126,2023-03-06,2026-03-05
MITO,271,2023-03-06,2026-03-05
MIU,627,2023-03-06,2026-03-05
MK,365,2023-03-06,2026-03-05
MKL,465,2023-03-06,2026-03-05
MLC,584,2023-03-06,2026-03-05
MLG,460,2023-03-06,2026-03-05
MLK,754,2023-03-06,2026-03-05
MLN,754,2023-03-06,2026-03-05
MLT,754,2023-03-06,2026-03-05
MMEV,331,2023-03-06,2026-03-05
MMT,87,2023-03-06,2026-03-05
MMUI,754,2023-03-06,2026-03-05
MMX,739,2023-03-06,2026-03-05
MNDE,754,2023-03-06,2026-03-05
MNEE,544,2023-03-06,2026-03-05
MNFT,493,2023-03-06,2026-03-05
MNGO,754,2023-03-06,2026-03-05
MNSRY,319,2023-03-06,2026-03-05
MNT,465,2023-03-06,2026-03-05
MNTX,290,2023-03-06,2026-03-05
MNW,754,2023-03-06,2026-03-05
MOBILE,754,2023-03-06,2026-03-05
MOBY,723,2023-03-06,2026-03-05
MOC,754,2023-03-06,2026-03-05
MOCA,568,2023-03-06,2026-03-05
MOCHI,754,2023-03-06,2026-03-05
MODE,666,2023-03-06,2026-03-05
MOE,751,2023-03-06,2026-03-05
MOEW,699,2023-03-06,2026-03-05
MOG,754,2023-03-06,2026-03-05
MOMO,203,2023-03-06,2026-03-05
MON,613,2023-03-06,2026-03-05
MONEY,547,2023-03-06,2026-03-05
MONKY,634,2023-03-06,2026-03-05
MOODENG,492,2023-03-06,2026-03-05
MOOLAH,270,2023-03-06,2026-03-05
MOON,754,2023-03-06,2026-03-05
MOR,620,2023-03-06,2026-03-05
MORI,218,2023-03-06,2026-03-05
MORPHO,469,2023-03-06,2026-03-05
MOTHER,610,2023-03-06,2026-03-05
MOVE,417,2023-03-06,2026-03-05
MOVR,754,2023-03-06,2026-03-05
MPC,682,2023-03-06,2026-03-05
MPLX,754,2023-03-06,2026-03-05
MPS,754,2023-03-06,2026-03-05
MPST,285,2023-03-06,2026-03-05
MPT,754,2023-03-06,2026-03-05
MRE7YIELD,331,2023-03-06,2026-03-05
MSETH,194,2023-03-06,2026-03-05
MSFTON,150,2023-03-06,2026-03-05
MSHD,154,2023-03-06,2026-03-05
MSOL,754,2023-03-06,2026-03-05
MSTRX,214,2023-03-06,2026-03-05
MSUSD,203,2023-03-06,2026-03-05
MSYRUPUSDP,133,2023-03-06,2026-03-05
MTBILL,454,2023-03-06,2026-03-05
MTL,754,2023-03-06,2026-03-05
MTO,752,2023-03-06,2026-03-05
MUBARAK,353,2023-03-06,2026-03-05
MUMU,723,2023-03-06,2026-03-05
MUON,321,2023-03-06,2026-03-05
MUSD,726,2023-03-06,2026-03-05
MVC,754,2023-03-06,2026-03-05
MVL,754,2023-03-06,2026-03-05
MVRK,174,2023-03-06,2026-03-05
MWC,742,2023-03-06,2026-03-05
MWETH,323,2023-03-06,2026-03-05
MWUSDC,174,2023-03-06,2026-03-05
MX,754,2023-03-06,2026-03-05
MXNB,319,2023-03-06,2026-03-05
MXRP,38,2023-03-06,2026-03-05
MXT,166,2023-03-06,2026-03-05
MY,380,2023-03-06,2026-03-05
MYRIA,754,2023-03-06,2026-03-05
MYST,407,2023-03-06,2026-03-05
MYTH,754,2023-03-06,2026-03-05
MYX,269,2023-03-06,2026-03-05
MZC,748,2023-03-06,2026-03-05
MZR,749,2023-03-06,2026-03-05
NACHO,465,2023-03-06,2026-03-05
NAKA,754,2023-03-06,2026-03-05
NALPHA,267,2023-03-06,2026-03-05
NAM,225,2023-03-06,2026-03-05
NAN,246,2023-03-06,2026-03-05
NAORIS,216,2023-03-06,2026-03-05
NAP,754,2023-03-06,2026-03-05
NATI,754,2023-03-06,2026-03-05
NATIX,577,2023-03-06,2026-03-05
NAV,754,2023-03-06,2026-03-05
NAVI,754,2023-03-06,2026-03-05
NAVX,723,2023-03-06,2026-03-05
NBASIS,267,2023-03-06,2026-03-05
NBLU,754,2023-03-06,2026-03-05
NBT,754,2023-03-06,2026-03-05
NCT,754,2023-03-06,2026-03-05
NEAR,1061,2023-03-06,2026-03-05
NECT,358,2023-03-06,2026-03-05
NEET,310,2023-03-06,2026-03-05
NEIRO,584,2023-03-06,2026-03-05
NEMESIS,91,2023-03-06,2026-03-05
NEO,754,2023-03-06,2026-03-05
NEON,754,2023-03-06,2026-03-05
NERO,186,2023-03-06,2026-03-05
NETX,173,2023-03-06,2026-03-05
NEURAL,678,2023-03-06,2026-03-05
NEWT,679,2023-03-06,2026-03-05
NEX,168,2023-03-06,2026-03-05
NEXA,754,2023-03-06,2026-03-05
NEXO,754,2023-03-06,2026-03-05
NFD,754,2023-03-06,2026-03-05
NFLXX,177,2023-03-06,2026-03-05
NFP,754,2023-03-06,2026-03-05
NFT,754,2023-03-06,2026-03-05
NFTX,736,2023-03-06,2026-03-05
NIBI,689,2023-03-06,2026-03-05
NIGHT,52,2023-03-06,2026-03-05
NIL,312,2023-03-06,2026-03-05
NILA,273,2023-03-06,2026-03-05
NIM,754,2023-03-06,2026-03-05
NINSTO,267,2023-03-06,2026-03-05
NIZA,131,2023-03-06,2026-03-05
NKN,754,2023-03-06,2026-03-05
NKP,244,2023-03-06,2026-03-05
NKYC,754,2023-03-06,2026-03-05
NLS,754,2023-03-06,2026-03-05
NMR,754,2023-03-06,2026-03-05
NMT,712,2023-03-06,2026-03-05
NOBODY,276,2023-03-06,2026-03-05
NODE,214,2023-03-06,2026-03-05
NOICE,286,2023-03-06,2026-03-05
NOM,121,2023-03-06,2026-03-05
NOMU,115,2023-03-06,2026-03-05
NOS,754,2023-03-06,2026-03-05
NOT,624,2023-03-06,2026-03-05
NOTHING,60,2023-03-06,2026-03-05
NOW,751,2023-03-06,2026-03-05
NOX,402,2023-03-06,2026-03-05
NPC,754,2023-03-06,2026-03-05
NPXS,706,2023-03-06,2026-03-05
NRG,754,2023-03-06,2026-03-05
NRN,585,2023-03-06,2026-03-05
NRS,442,2023-03-06,2026-03-05
NS,442,2023-03-06,2026-03-05
NST,739,2023-03-06,2026-03-05
NTBILL,267,2023-03-06,2026-03-05
NTRN,754,2023-03-06,2026-03-05
NTX,754,2023-03-06,2026-03-05
NUB,676,2023-03-06,2026-03-05
NUIT,403,2023-03-06,2026-03-05
NUM,754,2023-03-06,2026-03-05
NUMI,305,2023-03-06,2026-03-05
NUTS,678,2023-03-06,2026-03-05
NVDAON,150,2023-03-06,2026-03-05
NVDAX,217,2023-03-06,2026-03-05
NVL,645,2023-03-06,2026-03-05
NVM,707,2023-03-06,2026-03-05
NVOON,147,2023-03-06,2026-03-05
NXM,754,2023-03-06,2026-03-05
NXPC,46,2023-03-06,2026-03-05
NXRA,754,2023-03-06,2026-03-05
NYA,545,2023-03-06,2026-03-05
NYM,754,2023-03-06,2026-03-05
OAS,754,2023-03-06,2026-03-05
OBOL,268,2023-03-06,2026-03-05
OBSR,754,2023-03-06,2026-03-05
OBT,375,2023-03-06,2026-03-05
OCEAN,754,2023-03-06,2026-03-05
OCT,754,2023-03-06,2026-03-05
OCTA,754,2023-03-06,2026-03-05
ODOS,439,2023-03-06,2026-03-05
OETH,754,2023-03-06,2026-03-05
OFT,567,2023-03-06,2026-03-05
OG,754,2023-03-06,2026-03-05
OGN,754,2023-03-06,2026-03-05
OGY,754,2023-03-06,2026-03-05
OHM,754,2023-03-06,2026-03-05
OHO,754,2023-03-06,2026-03-05
OI,358,2023-03-06,2026-03-05
OJEE,433,2023-03-06,2026-03-05
OKB,754,2023-03-06,2026-03-05
OL,437,2023-03-06,2026-03-05
OLAS,754,2023-03-06,2026-03-05
OM,754,2023-03-06,2026-03-05
OMFG,163,2023-03-06,2026-03-05
OMG,754,2023-03-06,2026-03-05
OMI,754,2023-03-06,2026-03-05
OMIKAMI,754,2023-03-06,2026-03-05
OMNI,701,2023-03-06,2026-03-05
ON,131,2023-03-06,2026-03-05
ONDO,743,2023-03-06,2026-03-05
ONE,754,2023-03-06,2026-03-05
ONG,754,2023-03-06,2026-03-05
ONO,189,2023-03-06,2026-03-05
ONT,754,2023-03-06,2026-03-05
ONYC,243,2023-03-06,2026-03-05
OOB,79,2023-03-06,2026-03-05
OORT,746,2023-03-06,2026-03-05
OP,754,2023-03-06,2026-03-05
OPEN,144,2023-03-06,2026-03-05
OPN,669,2023-03-06,2026-03-05
OPT,333,2023-03-06,2026-03-05
OPUL,754,2023-03-06,2026-03-05
OPUS,442,2023-03-06,2026-03-05
ORAI,754,2023-03-06,2026-03-05
ORBS,754,2023-03-06,2026-03-05
ORCA,754,2023-03-06,2026-03-05
ORDER,522,2023-03-06,2026-03-05
ORDI,754,2023-03-06,2026-03-05
ORE,694,2023-03-06,2026-03-05
ORGO,225,2023-03-06,2026-03-05
ORI,174,2023-03-06,2026-03-05
ORIBGT,133,2023-03-06,2026-03-05
ORN,754,2023-03-06,2026-03-05
ORNG,581,2023-03-06,2026-03-05
OSAK,754,2023-03-06,2026-03-05
OSETH,754,2023-03-06,2026-03-05
OSMO,754,2023-03-06,2026-03-05
OUSD,754,2023-03-06,2026-03-05
OUSDT,754,2023-03-06,2026-03-05
OUSG,754,2023-03-06,2026-03-05
OVER,309,2023-03-06,2026-03-05
OVPP,159,2023-03-06,2026-03-05
OVR,754,2023-03-06,2026-03-05
OWBTC,728,2023-03-06,2026-03-05
OXT,754,2023-03-06,2026-03-05
OZA,117,2023-03-06,2026-03-05
OZO,754,2023-03-06,2026-03-05
P,119,2023-03-06,2026-03-05
P2P,754,2023-03-06,2026-03-05
P33,105,2023-03-06,2026-03-05
PAAL,754,2023-03-06,2026-03-05
PACK,617,2023-03-06,2026-03-05
PAI,452,2023-03-06,2026-03-05
PAIN,377,2023-03-06,2026-03-05
PALM,754,2023-03-06,2026-03-05
PALMO,147,2023-03-06,2026-03-05
PALU,148,2023-03-06,2026-03-05
PANDORA,725,2023-03-06,2026-03-05
PAPARAZZI,242,2023-03-06,2026-03-05
PAR,754,2023-03-06,2026-03-05
PART,742,2023-03-06,2026-03-05
PARTI,311,2023-03-06,2026-03-05
PATIENCE,193,2023-03-06,2026-03-05
PATRIOT,484,2023-03-06,2026-03-05
PAW,754,2023-03-06,2026-03-05
PAXG,754,2023-03-06,2026-03-05
PAYAI,72,2023-03-06,2026-03-05
PBTC,192,2023-03-06,2026-03-05
PC,147,2023-03-06,2026-03-05
PC0000023,211,2023-03-06,2026-03-05
PC0000031,246,2023-03-06,2026-03-05
PCI,754,2023-03-06,2026-03-05
PCOCK,177,2023-03-06,2026-03-05
PCULE,255,2023-03-06,2026-03-05
PDT,754,2023-03-06,2026-03-05
PEAQ,444,2023-03-06,2026-03-05
PEAR,485,2023-03-06,2026-03-05
PEAS,754,2023-03-06,2026-03-05
PEIPEI,602,2023-03-06,2026-03-05
PENDLE,754,2023-03-06,2026-03-05
PENGU,409,2023-03-06,2026-03-05
PEOPLE,754,2023-03-06,2026-03-05
PEP,668,2023-03-06,2026-03-05
PEPE,754,2023-03-06,2026-03-05
PEPECOIN,754,2023-03-06,2026-03-05
PEPENODE,67,2023-03-06,2026-03-05
PEPEONTRON,261,2023-03-06,2026-03-05
PEPON,150,2023-03-06,2026-03-05
PEPPER,510,2023-03-06,2026-03-05
PEPU,225,2023-03-06,2026-03-05
PERP,754,2023-03-06,2026-03-05
PFEON,148,2023-03-06,2026-03-05
PGOLD,92,2023-03-06,2026-03-05
PGON,144,2023-03-06,2026-03-05
PHA,754,2023-03-06,2026-03-05
PHB,551,2023-03-06,2026-03-05
PHNIX,431,2023-03-06,2026-03-05
PHT,158,2023-03-06,2026-03-05
PI,344,2023-03-06,2026-03-05
PIB,754,2023-03-06,2026-03-05
PIEVERSE,110,2023-03-06,2026-03-05
PIKA,694,2023-03-06,2026-03-05
PIN,442,2023-03-06,2026-03-05
PING,131,2023-03-06,2026-03-05
PINGO,460,2023-03-06,2026-03-05
PINKSALE,569,2023-03-06,2026-03-05
PINTO,378,2023-03-06,2026-03-05
PIPE,362,2023-03-06,2026-03-05
PIPPIN,475,2023-03-06,2026-03-05
PIRATE,596,2023-03-06,2026-03-05
PIT,754,2023-03-06,2026-03-05
PIVX,754,2023-03-06,2026-03-05
PIXEL,711,2023-03-06,2026-03-05
PIXL,754,2023-03-06,2026-03-05
PKOIN,754,2023-03-06,2026-03-05
PLAY,74,2023-03-06,2026-03-05
PLI,754,2023-03-06,2026-03-05
PLLD,190,2023-03-06,2026-03-05
PLT,747,2023-03-06,2026-03-05
PLUME,407,2023-03-06,2026-03-05
PLUSD,48,2023-03-06,2026-03-05
PM,170,2023-03-06,2026-03-05
PMT,724,2023-03-06,2026-03-05
PMUSD,37,2023-03-06,2026-03-05
PND,747,2023-03-06,2026-03-05
PNDC,754,2023-03-06,2026-03-05
PNG,754,2023-03-06,2026-03-05
PNIC,631,2023-03-06,2026-03-05
PNK,754,2023-03-06,2026-03-05
PNKSTR,137,2023-03-06,2026-03-05
PNP,754,2023-03-06,2026-03-05
PNUT,686,2023-03-06,2026-03-05
POFU,124,2023-03-06,2026-03-05
POKT,754,2023-03-06,2026-03-05
POL,754,2023-03-06,2026-03-05
POLA,754,2023-03-06,2026-03-05
POLIS,754,2023-03-06,2026-03-05
POLS,754,2023-03-06,2026-03-05
POLY,754,2023-03-06,2026-03-05
POLYFACTS,149,2023-03-06,2026-03-05
POLYX,754,2023-03-06,2026-03-05
POND,754,2023-03-06,2026-03-05
PONKE,754,2023-03-06,2026-03-05
POPCAT,754,2023-03-06,2026-03-05
POR,754,2023-03-06,2026-03-05
PORK,731,2023-03-06,2026-03-05
PORTAL,701,2023-03-06,2026-03-05
PORTALS,169,2023-03-06,2026-03-05
PORTO,754,2023-03-06,2026-03-05
POWER,409,2023-03-06,2026-03-05
POWR,754,2023-03-06,2026-03-05
POX,519,2023-03-06,2026-03-05
PP,158,2023-03-06,2026-03-05
PPC,754,2023-03-06,2026-03-05
PRCL,654,2023-03-06,2026-03-05
PRDT,90,2023-03-06,2026-03-05
PRE,754,2023-03-06,2026-03-05
PREMIA,754,2023-03-06,2026-03-05
PRIME,754,2023-03-06,2026-03-05
PRO,754,2023-03-06,2026-03-05
PROJECT89,495,2023-03-06,2026-03-05
PROM,754,2023-03-06,2026-03-05
PROMPT,294,2023-03-06,2026-03-05
PROPC,754,2023-03-06,2026-03-05
PROPS,754,2023-03-06,2026-03-05
PROS,154,2023-03-06,2026-03-05
PROVE,178,2023-03-06,2026-03-05
PRXVT,80,2023-03-06,2026-03-05
PSC,220,2023-03-06,2026-03-05
PSG,754,2023-03-06,2026-03-05
PSOL,272,2023-03-06,2026-03-05
PSP,754,2023-03-06,2026-03-05
PSTUSDC,135,2023-03-06,2026-03-05
PTB,149,2023-03-06,2026-03-05
PTGC,754,2023-03-06,2026-03-05
PUBLIC,168,2023-03-06,2026-03-05
PUFF,723,2023-03-06,2026-03-05
PUFFER,473,2023-03-06,2026-03-05
PUMP,706,2023-03-06,2026-03-05
PUMPBTC,576,2023-03-06,2026-03-05
PUMPCADE,113,2023-03-06,2026-03-05
PUNDIAI,335,2023-03-06,2026-03-05
PUNDIX,754,2023-03-06,2026-03-05
PUNDU,690,2023-03-06,2026-03-05
PUP,187,2023-03-06,2026-03-05
PUPDOGE,708,2023-03-06,2026-03-05
PUPPIES,696,2023-03-06,2026-03-05
PUPS,612,2023-03-06,2026-03-05
PURPE,579,2023-03-06,2026-03-05
PURR,637,2023-03-06,2026-03-05
PUSD,721,2023-03-06,2026-03-05
PUSS,501,2023-03-06,2026-03-05
PVS,349,2023-03-06,2026-03-05
PX,373,2023-03-06,2026-03-05
PXETH,680,2023-03-06,2026-03-05
PYBOBO,70,2023-03-06,2026-03-05
PYR,754,2023-03-06,2026-03-05
PYTH,754,2023-03-06,2026-03-05
PYTHIA,423,2023-03-06,2026-03-05
PYUSD,754,2023-03-06,2026-03-05
PZETH,569,2023-03-06,2026-03-05
Q,325,2023-03-06,2026-03-05
QACE,135,2023-03-06,2026-03-05
QAI,709,2023-03-06,2026-03-05
QANX,754,2023-03-06,2026-03-05
QBIT,216,2023-03-06,2026-03-05
QBX,445,2023-03-06,2026-03-05
QI,701,2023-03-06,2026-03-05
QKA,329,2023-03-06,2026-03-05
QKC,754,2023-03-06,2026-03-05
QNT,754,2023-03-06,2026-03-05
QORPO,701,2023-03-06,2026-03-05
QQQON,150,2023-03-06,2026-03-05
QQQX,213,2023-03-06,2026-03-05
QRL,754,2023-03-06,2026-03-05
QST,332,2023-03-06,2026-03-05
QTC,177,2023-03-06,2026-03-05
QTUM,754,2023-03-06,2026-03-05
QUACK,754,2023-03-06,2026-03-05
QUAI,344,2023-03-06,2026-03-05
QUBIC,754,2023-03-06,2026-03-05
QUICK,754,2023-03-06,2026-03-05
QUIL,620,2023-03-06,2026-03-05
QUP,265,2023-03-06,2026-03-05
QUQ,347,2023-03-06,2026-03-05
QUSDT,418,2023-03-06,2026-03-05
RACA,754,2023-03-06,2026-03-05
RAD,754,2023-03-06,2026-03-05
RADR,142,2023-03-06,2026-03-05
RAIL,754,2023-03-06,2026-03-05
RAIN,754,2023-03-06,2026-03-05
RAMP,754,2023-03-06,2026-03-05
RARE,754,2023-03-06,2026-03-05
RARI,754,2023-03-06,2026-03-05
RAVE,49,2023-03-06,2026-03-05
RAY,754,2023-03-06,2026-03-05
RBN,754,2023-03-06,2026-03-05
RBNT,409,2023-03-06,2026-03-05
RBTC,754,2023-03-06,2026-03-05
RCH,599,2023-03-06,2026-03-05
RDNT,754,2023-03-06,2026-03-05
RE7WBTC,428,2023-03-06,2026-03-05
RE7WETH,408,2023-03-06,2026-03-05
REACT,331,2023-03-06,2026-03-05
READY,463,2023-03-06,2026-03-05
REAL,750,2023-03-06,2026-03-05
RECALL,140,2023-03-06,2026-03-05
RED,670,2023-03-06,2026-03-05
REDO,743,2023-03-06,2026-03-05
REE,166,2023-03-06,2026-03-05
REEF,754,2023-03-06,2026-03-05
REF,754,2023-03-06,2026-03-05
REG,627,2023-03-06,2026-03-05
REI,754,2023-03-06,2026-03-05
REKT,434,2023-03-06,2026-03-05
REN,754,2023-03-06,2026-03-05
RENDER,754,2023-03-06,2026-03-05
RENTA,303,2023-03-06,2026-03-05
REP,754,2023-03-06,2026-03-05
REPPO,102,2023-03-06,2026-03-05
REQ,754,2023-03-06,2026-03-05
RESOLV,267,2023-03-06,2026-03-05
REST,77,2023-03-06,2026-03-05
RETARDIO,728,2023-03-06,2026-03-05
RETH,754,2023-03-06,2026-03-05
REUSD,298,2023-03-06,2026-03-05
REUSDE,233,2023-03-06,2026-03-05
REX33,168,2023-03-06,2026-03-05
REZ,640,2023-03-06,2026-03-05
RFD,754,2023-03-06,2026-03-05
RHEA,184,2023-03-06,2026-03-05
RICH,341,2023-03-06,2026-03-05
RIF,754,2023-03-06,2026-03-05
RIFT,351,2023-03-06,2026-03-05
RIO,754,2023-03-06,2026-03-05
RION,198,2023-03-06,2026-03-05
RISE,754,2023-03-06,2026-03-05
RIVER,163,2023-03-06,2026-03-05
RIZE,293,2023-03-06,2026-03-05
RLB,754,2023-03-06,2026-03-05
RLC,754,2023-03-06,2026-03-05
RLP,498,2023-03-06,2026-03-05
RLS,60,2023-03-06,2026-03-05
RLUSD,409,2023-03-06,2026-03-05
RNT,651,2023-03-06,2026-03-05
ROA,754,2023-03-06,2026-03-05
ROAM,330,2023-03-06,2026-03-05
ROAR,598,2023-03-06,2026-03-05
ROCK,427,2023-03-06,2026-03-05
ROCK.RETH,28,2023-03-06,2026-03-05
RON,754,2023-03-06,2026-03-05
ROSE,754,2023-03-06,2026-03-05
RPL,754,2023-03-06,2026-03-05
RSC,754,2023-03-06,2026-03-05
RSERG,497,2023-03-06,2026-03-05
RSETH,188,2023-03-06,2026-03-05
RSR,754,2023-03-06,2026-03-05
RSS3,754,2023-03-06,2026-03-05
RSTETH,119,2023-03-06,2026-03-05
RSUP,316,2023-03-06,2026-03-05
RSWETH,731,2023-03-06,2026-03-05
RT,193,2023-03-06,2026-03-05
RUBY,143,2023-03-06,2026-03-05
RUJI,219,2023-03-06,2026-03-05
RUNE,754,2023-03-06,2026-03-05
RUSDC,234,2023-03-06,2026-03-05
RUSDC-HYPER,227,2023-03-06,2026-03-05
RUSSELL,507,2023-03-06,2026-03-05
RVF,754,2023-03-06,2026-03-05
RVN,754,2023-03-06,2026-03-05
RVV,104,2023-03-06,2026-03-05
RWA,412,2023-03-06,2026-03-05
RXRC,214,2023-03-06,2026-03-05
RYZE,456,2023-03-06,2026-03-05
RZR,263,2023-03-06,2026-03-05
S,492,2023-03-06,2026-03-05
SACHI,110,2023-03-06,2026-03-05
SAD,31,2023-03-06,2026-03-05
SAFE,680,2023-03-06,2026-03-05
SAFEMARS,754,2023-03-06,2026-03-05
SAGA,315,2023-03-06,2026-03-05
SAHARA,218,2023-03-06,2026-03-05
SAI,753,2023-03-06,2026-03-05
SAITO,754,2023-03-06,2026-03-05
SAMA,754,2023-03-06,2026-03-05
SAMO,754,2023-03-06,2026-03-05
SAN,691,2023-03-06,2026-03-05
SAND,754,2023-03-06,2026-03-05
SANTA,373,2023-03-06,2026-03-05
SANTOS,754,2023-03-06,2026-03-05
SAPIEN,163,2023-03-06,2026-03-05
SAROS,742,2023-03-06,2026-03-05
SATS,754,2023-03-06,2026-03-05
SATUSD,625,2023-03-06,2026-03-05
SAUCE,754,2023-03-06,2026-03-05
SAVAX,754,2023-03-06,2026-03-05
SAVE,447,2023-03-06,2026-03-05
SAVUSD,371,2023-03-06,2026-03-05
SB,754,2023-03-06,2026-03-05
SBD,754,2023-03-06,2026-03-05
SBETH,339,2023-03-06,2026-03-05
SBTC,613,2023-03-06,2026-03-05
SBUSDT,249,2023-03-06,2026-03-05
SC,754,2023-03-06,2026-03-05
SCA,693,2023-03-06,2026-03-05
SCFX,508,2023-03-06,2026-03-05
SCR,465,2023-03-06,2026-03-05
SCRT,754,2023-03-06,2026-03-05
SCRVUSD,438,2023-03-06,2026-03-05
SCS,754,2023-03-06,2026-03-05
SD,754,2023-03-06,2026-03-05
SDAI,753,2023-03-06,2026-03-05
SDEX,754,2023-03-06,2026-03-05
SDL,754,2023-03-06,2026-03-05
SDOLA,705,2023-03-06,2026-03-05
SDT,754,2023-03-06,2026-03-05
SEAM,754,2023-03-06,2026-03-05
SEDA,632,2023-03-06,2026-03-05
SEED,715,2023-03-06,2026-03-05
SEI,754,2023-03-06,2026-03-05
SENA,488,2023-03-06,2026-03-05
SEND,562,2023-03-06,2026-03-05
SENTIS,86,2023-03-06,2026-03-05
SERAPH,422,2023-03-06,2026-03-05
SERV,447,2023-03-06,2026-03-05
SESH,248,2023-03-06,2026-03-05
SETH,753,2023-03-06,2026-03-05
SETH2,747,2023-03-06,2026-03-05
SFI,754,2023-03-06,2026-03-05
SFLR,581,2023-03-06,2026-03-05
SFP,754,2023-03-06,2026-03-05
SFRXETH,754,2023-03-06,2026-03-05
SFRXUSD,347,2023-03-06,2026-03-05
SFUND,754,2023-03-06,2026-03-05
SGB,754,2023-03-06,2026-03-05
SGC,231,2023-03-06,2026-03-05
SHACK,388,2023-03-06,2026-03-05
SHARP,125,2023-03-06,2026-03-05
SHDW,754,2023-03-06,2026-03-05
SHELL,690,2023-03-06,2026-03-05
SHFL,686,2023-03-06,2026-03-05
SHIB,200,2023-03-06,2026-03-05
SHIDO,744,2023-03-06,2026-03-05
SHMON,66,2023-03-06,2026-03-05
SHOGGOTH,497,2023-03-06,2026-03-05
SHRAP,754,2023-03-06,2026-03-05
SHRUB,613,2023-03-06,2026-03-05
SHX,754,2023-03-06,2026-03-05
SIGMA,585,2023-03-06,2026-03-05
SIGN,503,2023-03-06,2026-03-05
SILO,254,2023-03-06,2026-03-05
SINGULARRY,459,2023-03-06,2026-03-05
SIPHER,754,2023-03-06,2026-03-05
SIRE,386,2023-03-06,2026-03-05
SIREN,636,2023-03-06,2026-03-05
SIS,754,2023-03-06,2026-03-05
SIX,754,2023-03-06,2026-03-05
SKEB,754,2023-03-06,2026-03-05
SKEY,754,2023-03-06,2026-03-05
SKI,649,2023-03-06,2026-03-05
SKL,754,2023-03-06,2026-03-05
SKORAI,201,2023-03-06,2026-03-05
SKY,525,2023-03-06,2026-03-05
SKYAI,317,2023-03-06,2026-03-05
SLC,371,2023-03-06,2026-03-05
SLERF,716,2023-03-06,2026-03-05
SLIM,754,2023-03-06,2026-03-05
SLOTH,619,2023-03-06,2026-03-05
SLP,754,2023-03-06,2026-03-05
SLR,754,2023-03-06,2026-03-05
SLT,367,2023-03-06,2026-03-05
SLVON,150,2023-03-06,2026-03-05
SMON,66,2023-03-06,2026-03-05
SMSUSD,41,2023-03-06,2026-03-05
SMT,754,2023-03-06,2026-03-05
SN1,238,2023-03-06,2026-03-05
SN10,238,2023-03-06,2026-03-05
SN102,187,2023-03-06,2026-03-05
SN106,237,2023-03-06,2026-03-05
SN11,238,2023-03-06,2026-03-05
SN12,238,2023-03-06,2026-03-05
SN120,119,2023-03-06,2026-03-05
SN121,187,2023-03-06,2026-03-05
SN123,187,2023-03-06,2026-03-05
SN124,187,2023-03-06,2026-03-05
SN125,87,2023-03-06,2026-03-05
SN127,187,2023-03-06,2026-03-05
SN13,238,2023-03-06,2026-03-05
SN14,238,2023-03-06,2026-03-05
SN15,111,2023-03-06,2026-03-05
SN16,236,2023-03-06,2026-03-05
SN17,238,2023-03-06,2026-03-05
SN18,237,2023-03-06,2026-03-05
SN19,238,2023-03-06,2026-03-05
SN2,238,2023-03-06,2026-03-05
SN20,236,2023-03-06,2026-03-05
SN21,237,2023-03-06,2026-03-05
SN22,236,2023-03-06,2026-03-05
SN23,236,2023-03-06,2026-03-05
SN24,237,2023-03-06,2026-03-05
SN25,238,2023-03-06,2026-03-05
SN26,237,2023-03-06,2026-03-05
SN27,238,2023-03-06,2026-03-05
SN29,237,2023-03-06,2026-03-05
SN3,238,2023-03-06,2026-03-05
SN30,237,2023-03-06,2026-03-05
SN32,236,2023-03-06,2026-03-05
SN33,238,2023-03-06,2026-03-05
SN34,236,2023-03-06,2026-03-05
SN35,236,2023-03-06,2026-03-05
SN36,238,2023-03-06,2026-03-05
SN37,238,2023-03-06,2026-03-05
SN38,227,2023-03-06,2026-03-05
SN39,235,2023-03-06,2026-03-05
SN4,238,2023-03-06,2026-03-05
SN40,236,2023-03-06,2026-03-05
SN41,237,2023-03-06,2026-03-05
SN42,238,2023-03-06,2026-03-05
SN43,238,2023-03-06,2026-03-05
SN44,238,2023-03-06,2026-03-05
SN45,236,2023-03-06,2026-03-05
SN46,236,2023-03-06,2026-03-05
SN48,236,2023-03-06,2026-03-05
SN5,238,2023-03-06,2026-03-05
SN50,238,2023-03-06,2026-03-05
SN51,238,2023-03-06,2026-03-05
SN52,237,2023-03-06,2026-03-05
SN53,238,2023-03-06,2026-03-05
SN54,237,2023-03-06,2026-03-05
SN56,238,2023-03-06,2026-03-05
SN57,238,2023-03-06,2026-03-05
SN58,237,2023-03-06,2026-03-05
SN59,236,2023-03-06,2026-03-05
SN6,237,2023-03-06,2026-03-05
SN60,238,2023-03-06,2026-03-05
SN61,236,2023-03-06,2026-03-05
SN62,238,2023-03-06,2026-03-05
SN63,236,2023-03-06,2026-03-05
SN64,238,2023-03-06,2026-03-05
SN65,237,2023-03-06,2026-03-05
SN66,236,2023-03-06,2026-03-05
SN67,62,2023-03-06,2026-03-05
SN68,238,2023-03-06,2026-03-05
SN7,237,2023-03-06,2026-03-05
SN70,236,2023-03-06,2026-03-05
SN71,119,2023-03-06,2026-03-05
SN72,237,2023-03-06,2026-03-05
SN73,236,2023-03-06,2026-03-05
SN74,46,2023-03-06,2026-03-05
SN75,238,2023-03-06,2026-03-05
SN76,236,2023-03-06,2026-03-05
SN77,237,2023-03-06,2026-03-05
SN78,46,2023-03-06,2026-03-05
SN8,238,2023-03-06,2026-03-05
SN81,237,2023-03-06,2026-03-05
SN85,237,2023-03-06,2026-03-05
SN88,238,2023-03-06,2026-03-05
SN89,187,2023-03-06,2026-03-05
SN9,238,2023-03-06,2026-03-05
SN91,237,2023-03-06,2026-03-05
SN93,237,2023-03-06,2026-03-05
SNC,754,2023-03-06,2026-03-05
SNEK,754,2023-03-06,2026-03-05
SNORT,602,2023-03-06,2026-03-05
SNOWBALL,40,2023-03-06,2026-03-05
SNPAD,637,2023-03-06,2026-03-05
SNS,255,2023-03-06,2026-03-05
SNSY,667,2023-03-06,2026-03-05
SNT,754,2023-03-06,2026-03-05
SNX,754,2023-03-06,2026-03-05
SOBTC,754,2023-03-06,2026-03-05
SOCKS,752,2023-03-06,2026-03-05
SOETH,754,2023-03-06,2026-03-05
SOGNI,212,2023-03-06,2026-03-05
SOIL,754,2023-03-06,2026-03-05
SOL,723,2023-03-06,2026-03-05
SOLO,421,2023-03-06,2026-03-05
SOLPUMP,165,2023-03-06,2026-03-05
SOLV,378,2023-03-06,2026-03-05
SOLVBTC,663,2023-03-06,2026-03-05
SOLVBTC.JUP,308,2023-03-06,2026-03-05
SOLX,221,2023-03-06,2026-03-05
SOMI,150,2023-03-06,2026-03-05
SONIC,388,2023-03-06,2026-03-05
SOON,252,2023-03-06,2026-03-05
SOPH,247,2023-03-06,2026-03-05
SOSANA,176,2023-03-06,2026-03-05
SOSO,371,2023-03-06,2026-03-05
SOUL,754,2023-03-06,2026-03-05
SOV,753,2023-03-06,2026-03-05
SOVRN,425,2023-03-06,2026-03-05
SPA,754,2023-03-06,2026-03-05
SPARKLET,555,2023-03-06,2026-03-05
SPC,754,2023-03-06,2026-03-05
SPCM,312,2023-03-06,2026-03-05
SPCX,164,2023-03-06,2026-03-05
SPDR,754,2023-03-06,2026-03-05
SPE,468,2023-03-06,2026-03-05
SPEC,634,2023-03-06,2026-03-05
SPECTRA,408,2023-03-06,2026-03-05
SPECTRE,754,2023-03-06,2026-03-05
SPELL,754,2023-03-06,2026-03-05
SPK,227,2023-03-06,2026-03-05
SPLD,76,2023-03-06,2026-03-05
SPLUSD,26,2023-03-06,2026-03-05
SPS,754,2023-03-06,2026-03-05
SPSC,48,2023-03-06,2026-03-05
SPURS,754,2023-03-06,2026-03-05
SPUSD,159,2023-03-06,2026-03-05
SPX,754,2023-03-06,2026-03-05
SPYON,150,2023-03-06,2026-03-05
SPYX,213,2023-03-06,2026-03-05
SQD,648,2023-03-06,2026-03-05
SQGROW,504,2023-03-06,2026-03-05
SQUIRREL,13,2023-03-06,2026-03-05
SRM,754,2023-03-06,2026-03-05
SRUSD,223,2023-03-06,2026-03-05
SRUSDE,34,2023-03-06,2026-03-05
SRX,754,2023-03-06,2026-03-05
SSLX,754,2023-03-06,2026-03-05
SSOL,520,2023-03-06,2026-03-05
SSUI,488,2023-03-06,2026-03-05
SSUPERUSD,183,2023-03-06,2026-03-05
SSV,754,2023-03-06,2026-03-05
ST0G,116,2023-03-06,2026-03-05
STABLE,53,2023-03-06,2026-03-05
STAPL,172,2023-03-06,2026-03-05
STAPT,754,2023-03-06,2026-03-05
STARL,754,2023-03-06,2026-03-05
STAT,754,2023-03-06,2026-03-05
STATOM,754,2023-03-06,2026-03-05
STAVAX,752,2023-03-06,2026-03-05
STAX,127,2023-03-06,2026-03-05
STBL,169,2023-03-06,2026-03-05
STBTC,183,2023-03-06,2026-03-05
STCUSD,52,2023-03-06,2026-03-05
STEAKETH,37,2023-03-06,2026-03-05
STEAKPYUSD,417,2023-03-06,2026-03-05
STEAKUSDC,32,2023-03-06,2026-03-05
STEAKUSDT,32,2023-03-06,2026-03-05
STEEM,754,2023-03-06,2026-03-05
STEP,754,2023-03-06,2026-03-05
STETH,754,2023-03-06,2026-03-05
STG,754,2023-03-06,2026-03-05
STHYPE,343,2023-03-06,2026-03-05
STIP,128,2023-03-06,2026-03-05
STKAPT,218,2023-03-06,2026-03-05
STM,173,2023-03-06,2026-03-05
STNK,430,2023-03-06,2026-03-05
STO,302,2023-03-06,2026-03-05
STON,754,2023-03-06,2026-03-05
STORJ,754,2023-03-06,2026-03-05
STORM,723,2023-03-06,2026-03-05
STOS,754,2023-03-06,2026-03-05
STRAX,754,2023-03-06,2026-03-05
STREAM,408,2023-03-06,2026-03-05
STRIKE,709,2023-03-06,2026-03-05
STRK,710,2023-03-06,2026-03-05
STRONGSOL,634,2023-03-06,2026-03-05
STRX,754,2023-03-06,2026-03-05
STS,399,2023-03-06,2026-03-05
STSOL,754,2023-03-06,2026-03-05
STTAO,699,2023-03-06,2026-03-05
STTON,672,2023-03-06,2026-03-05
STUFF,754,2023-03-06,2026-03-05
STUSDT,701,2023-03-06,2026-03-05
STX,754,2023-03-06,2026-03-05
STXRP,52,2023-03-06,2026-03-05
STXTZ,190,2023-03-06,2026-03-05
SUI,754,2023-03-06,2026-03-05
SUKU,754,2023-03-06,2026-03-05
SUMX,209,2023-03-06,2026-03-05
SUN,754,2023-03-06,2026-03-05
SUNDOG,532,2023-03-06,2026-03-05
SUP,72,2023-03-06,2026-03-05
SUPER,754,2023-03-06,2026-03-05
SUPEROETH,519,2023-03-06,2026-03-05
SUPRA,462,2023-03-06,2026-03-05
SURE,750,2023-03-06,2026-03-05
SURGE,183,2023-03-06,2026-03-05
SUSD,109,2023-03-06,2026-03-05
SUSD1+,157,2023-03-06,2026-03-05
SUSDA,332,2023-03-06,2026-03-05
SUSDAI,252,2023-03-06,2026-03-05
SUSDE,681,2023-03-06,2026-03-05
SUSDS,446,2023-03-06,2026-03-05
SUSDX,453,2023-03-06,2026-03-05
SUSDZ,539,2023-03-06,2026-03-05
SUSHI,754,2023-03-06,2026-03-05
SUSN,315,2023-03-06,2026-03-05
SUSP,205,2023-03-06,2026-03-05
SVL,640,2023-03-06,2026-03-05
SWAP,754,2023-03-06,2026-03-05
SWARMS,436,2023-03-06,2026-03-05
SWBERA,172,2023-03-06,2026-03-05
SWCH,754,2023-03-06,2026-03-05
SWEAT,754,2023-03-06,2026-03-05
SWELL,449,2023-03-06,2026-03-05
SWETH,754,2023-03-06,2026-03-05
SWFTC,754,2023-03-06,2026-03-05
SWISE,752,2023-03-06,2026-03-05
SWITCH,751,2023-03-06,2026-03-05
SWOP,723,2023-03-06,2026-03-05
SWTCH,143,2023-03-06,2026-03-05
SX,730,2023-03-06,2026-03-05
SXP,754,2023-03-06,2026-03-05
SXT,267,2023-03-06,2026-03-05
SYMM,409,2023-03-06,2026-03-05
SYN,754,2023-03-06,2026-03-05
SYND,134,2023-03-06,2026-03-05
SYNT,582,2023-03-06,2026-03-05
SYRUP,476,2023-03-06,2026-03-05
SYRUPUSDC,367,2023-03-06,2026-03-05
SYRUPUSDT,156,2023-03-06,2026-03-05
SYS,754,2023-03-06,2026-03-05
SYUSD,441,2023-03-06,2026-03-05
SYZUSD,60,2023-03-06,2026-03-05
T,754,2023-03-06,2026-03-05
T99,319,2023-03-06,2026-03-05
TA,193,2023-03-06,2026-03-05
TAC,232,2023-03-06,2026-03-05
TAG,395,2023-03-06,2026-03-05
TAI,690,2023-03-06,2026-03-05
TAIKO,637,2023-03-06,2026-03-05
TAKE,158,2023-03-06,2026-03-05
TANSSI,238,2023-03-06,2026-03-05
TAO,754,2023-03-06,2026-03-05
TAOBOT,693,2023-03-06,2026-03-05
TAROT,754,2023-03-06,2026-03-05
TASSHUB,267,2023-03-06,2026-03-05
TBTC,754,2023-03-06,2026-03-05
TCOM,168,2023-03-06,2026-03-05
TCY,272,2023-03-06,2026-03-05
TDCCP,299,2023-03-06,2026-03-05
TDROP,754,2023-03-06,2026-03-05
TEL,754,2023-03-06,2026-03-05
TEMPLE,729,2023-03-06,2026-03-05
TENSOR,695,2023-03-06,2026-03-05
TERA,381,2023-03-06,2026-03-05
TET,754,2023-03-06,2026-03-05
TETH,489,2023-03-06,2026-03-05
TFUEL,754,2023-03-06,2026-03-05
TGBP,79,2023-03-06,2026-03-05
TGC,750,2023-03-06,2026-03-05
TGT,741,2023-03-06,2026-03-05
THALES,754,2023-03-06,2026-03-05
THAPT,754,2023-03-06,2026-03-05
THAT,499,2023-03-06,2026-03-05
THBILL,176,2023-03-06,2026-03-05
THE,754,2023-03-06,2026-03-05
THETA,754,2023-03-06,2026-03-05
THOR,754,2023-03-06,2026-03-05
THQ,45,2023-03-06,2026-03-05
THT,754,2023-03-06,2026-03-05
TIA,754,2023-03-06,2026-03-05
TIBBIR,311,2023-03-06,2026-03-05
TICS,211,2023-03-06,2026-03-05
TIG,476,2023-03-06,2026-03-05
TIME,754,2023-03-06,2026-03-05
TIMI,82,2023-03-06,2026-03-05
TIPON,88,2023-03-06,2026-03-05
TITN,88,2023-03-06,2026-03-05
TKO,754,2023-03-06,2026-03-05
TKX,754,2023-03-06,2026-03-05
TLM,754,2023-03-06,2026-03-05
TLOS,754,2023-03-06,2026-03-05
TLTON,148,2023-03-06,2026-03-05
TMON,143,2023-03-06,2026-03-05
TNK,76,2023-03-06,2026-03-05
TNSR,662,2023-03-06,2026-03-05
TOBY,665,2023-03-06,2026-03-05
TOKE,754,2023-03-06,2026-03-05
TOKEN,754,2023-03-06,2026-03-05
TOMI,753,2023-03-06,2026-03-05
TON,754,2023-03-06,2026-03-05
TONIC,754,2023-03-06,2026-03-05
TORN,754,2023-03-06,2026-03-05
TORUS,412,2023-03-06,2026-03-05
TOSHI,754,2023-03-06,2026-03-05
TOWER,754,2023-03-06,2026-03-05
TOWNS,211,2023-03-06,2026-03-05
TPT,754,2023-03-06,2026-03-05
TRAC,729,2023-03-06,2026-03-05
TRADE,754,2023-03-06,2026-03-05
TRADOOR,181,2023-03-06,2026-03-05
TRB,754,2023-03-06,2026-03-05
TREE,185,2023-03-06,2026-03-05
TRIAS,754,2023-03-06,2026-03-05
TRIBE,754,2023-03-06,2026-03-05
TRIX,199,2023-03-06,2026-03-05
TROLL,723,2023-03-06,2026-03-05
TRU,754,2023-03-06,2026-03-05
TRUAPT,421,2023-03-06,2026-03-05
TRUE,343,2023-03-06,2026-03-05
TRUF,660,2023-03-06,2026-03-05
TRUINJ,179,2023-03-06,2026-03-05
TRUMP,754,2023-03-06,2026-03-05
TRUNEAR,342,2023-03-06,2026-03-05
TRUNK,542,2023-03-06,2026-03-05
TRUST,86,2023-03-06,2026-03-05
TRUTH,376,2023-03-06,2026-03-05
TRWA,213,2023-03-06,2026-03-05
TRX,723,2023-03-06,2026-03-05
TRYB,747,2023-03-06,2026-03-05
TSLAON,150,2023-03-06,2026-03-05
TSLAX,215,2023-03-06,2026-03-05
TST,356,2023-03-06,2026-03-05
TSUKA,754,2023-03-06,2026-03-05
TSUKI,632,2023-03-06,2026-03-05
TT,754,2023-03-06,2026-03-05
TUNA,217,2023-03-06,2026-03-05
TURBO,754,2023-03-06,2026-03-05
TURTLE,100,2023-03-06,2026-03-05
TUSD,727,2023-03-06,2026-03-05
TUT,353,2023-03-06,2026-03-05
TWT,754,2023-03-06,2026-03-05
U,260,2023-03-06,2026-03-05
U1,49,2023-03-06,2026-03-05
U2U,416,2023-03-06,2026-03-05
UAI,85,2023-03-06,2026-03-05
UB,140,2023-03-06,2026-03-05
UBT,754,2023-03-06,2026-03-05
UBTC,334,2023-03-06,2026-03-05
UBU,701,2023-03-06,2026-03-05
UCN,155,2023-03-06,2026-03-05
UDS,638,2023-03-06,2026-03-05
UETH,303,2023-03-06,2026-03-05
UFART,206,2023-03-06,2026-03-05
UFD,406,2023-03-06,2026-03-05
UFO,514,2023-03-06,2026-03-05
ULT,740,2023-03-06,2026-03-05
ULTI,606,2023-03-06,2026-03-05
ULTIMA,754,2023-03-06,2026-03-05
UMA,754,2023-03-06,2026-03-05
UMBRA,144,2023-03-06,2026-03-05
UNA,597,2023-03-06,2026-03-05
UNCX,752,2023-03-06,2026-03-05
UNI,754,2023-03-06,2026-03-05
UNIBTC,540,2023-03-06,2026-03-05
UNIETH,708,2023-03-06,2026-03-05
UNP,754,2023-03-06,2026-03-05
UNX,410,2023-03-06,2026-03-05
UOS,754,2023-03-06,2026-03-05
UPC,754,2023-03-06,2026-03-05
UPUMP,199,2023-03-06,2026-03-05
UQC,754,2023-03-06,2026-03-05
URANUS,196,2023-03-06,2026-03-05
US,50,2023-03-06,2026-03-05
USA,689,2023-03-06,2026-03-05
USC,700,2023-03-06,2026-03-05
USCR,72,2023-03-06,2026-03-05
USD+,754,2023-03-06,2026-03-05
USD0,569,2023-03-06,2026-03-05
USD1,410,2023-03-06,2026-03-05
USD3,575,2023-03-06,2026-03-05
USDA,200,2023-03-06,2026-03-05
USDAF,176,2023-03-06,2026-03-05
USDAI,243,2023-03-06,2026-03-05
USDB,733,2023-03-06,2026-03-05
USDBC,754,2023-03-06,2026-03-05
USDBR,258,2023-03-06,2026-03-05
USDC,754,2023-03-06,2026-03-05
USDC.E,228,2023-03-06,2026-03-05
USDC.N,597,2023-03-06,2026-03-05
USDCV,118,2023-03-06,2026-03-05
USDD,754,2023-03-06,2026-03-05
USDE,754,2023-03-06,2026-03-05
USDF,350,2023-03-06,2026-03-05
USDG,451,2023-03-06,2026-03-05
USDGLO,754,2023-03-06,2026-03-05
USDH,723,2023-03-06,2026-03-05
USDKG,78,2023-03-06,2026-03-05
USDL,754,2023-03-06,2026-03-05
USDM,521,2023-03-06,2026-03-05
USDN,248,2023-03-06,2026-03-05
USDO,305,2023-03-06,2026-03-05
USDON,156,2023-03-06,2026-03-05
USDP,122,2023-03-06,2026-03-05
USDQ,435,2023-03-06,2026-03-05
USDR,374,2023-03-06,2026-03-05
USDS,525,2023-03-06,2026-03-05
USDT,168,2023-03-06,2026-03-05
USDT.E,737,2023-03-06,2026-03-05
USDT.Z,233,2023-03-06,2026-03-05
USDT0,405,2023-03-06,2026-03-05
USDTB,441,2023-03-06,2026-03-05
USDTE,754,2023-03-06,2026-03-05
USDU,220,2023-03-06,2026-03-05
USDUC,252,2023-03-06,2026-03-05
USDV,241,2023-03-06,2026-03-05
USDX,723,2023-03-06,2026-03-05
USDXL,302,2023-03-06,2026-03-05
USDY,754,2023-03-06,2026-03-05
USDZ,739,2023-03-06,2026-03-05
USELESS,264,2023-03-06,2026-03-05
USN,370,2023-03-06,2026-03-05
USOL,518,2023-03-06,2026-03-05
USP,61,2023-03-06,2026-03-05
USR,514,2023-03-06,2026-03-05
USSI,433,2023-03-06,2026-03-05
USTB,455,2023-03-06,2026-03-05
USTBL,66,2023-03-06,2026-03-05
USTC,754,2023-03-06,2026-03-05
USUAL,441,2023-03-06,2026-03-05
USUALUSDC+,428,2023-03-06,2026-03-05
USUALX,438,2023-03-06,2026-03-05
USX,158,2023-03-06,2026-03-05
USYC,393,2023-03-06,2026-03-05
UTON,392,2023-03-06,2026-03-05
UTY,239,2023-03-06,2026-03-05
UXLINK,575,2023-03-06,2026-03-05
UXPL,124,2023-03-06,2026-03-05
UXRP,441,2023-03-06,2026-03-05
V,176,2023-03-06,2026-03-05
V2EX,202,2023-03-06,2026-03-05
VADER,435,2023-03-06,2026-03-05
VAI,754,2023-03-06,2026-03-05
VAL,754,2023-03-06,2026-03-05
VANA,443,2023-03-06,2026-03-05
VANRY,754,2023-03-06,2026-03-05
VARA,754,2023-03-06,2026-03-05
VATRENI,754,2023-03-06,2026-03-05
VBETH,210,2023-03-06,2026-03-05
VBILL,246,2023-03-06,2026-03-05
VBUSDC,210,2023-03-06,2026-03-05
VBUSDT,210,2023-03-06,2026-03-05
VBWBTC,210,2023-03-06,2026-03-05
VCHF,754,2023-03-06,2026-03-05
VCNT,754,2023-03-06,2026-03-05
VCRED,160,2023-03-06,2026-03-05
VCT,142,2023-03-06,2026-03-05
VDOGE,754,2023-03-06,2026-03-05
VEE,754,2023-03-06,2026-03-05
VEIL,690,2023-03-06,2026-03-05
VELO,754,2023-03-06,2026-03-05
VELVET,237,2023-03-06,2026-03-05
VENOM,709,2023-03-06,2026-03-05
VERSE,235,2023-03-06,2026-03-05
VERTAI,444,2023-03-06,2026-03-05
VET,754,2023-03-06,2026-03-05
VEUR,754,2023-03-06,2026-03-05
VEX,754,2023-03-06,2026-03-05
VFX,61,2023-03-06,2026-03-05
VFY,122,2023-03-06,2026-03-05
VHYPE,101,2023-03-06,2026-03-05
VIBESTR,113,2023-03-06,2026-03-05
VIC,754,2023-03-06,2026-03-05
VINE,372,2023-03-06,2026-03-05
VINU,754,2023-03-06,2026-03-05
VIRTUAL,754,2023-03-06,2026-03-05
VIRUS,190,2023-03-06,2026-03-05
VISTA,515,2023-03-06,2026-03-05
VITA,754,2023-03-06,2026-03-05
VITA-FAST,636,2023-03-06,2026-03-05
VIVA,246,2023-03-06,2026-03-05
VIVI,359,2023-03-06,2026-03-05
VKHYPE,129,2023-03-06,2026-03-05
VLR,136,2023-03-06,2026-03-05
VLX,754,2023-03-06,2026-03-05
VNO,754,2023-03-06,2026-03-05
VNXAU,754,2023-03-06,2026-03-05
VOLT,754,2023-03-06,2026-03-05
VON,434,2023-03-06,2026-03-05
VOOI,76,2023-03-06,2026-03-05
VOW,754,2023-03-06,2026-03-05
VOXEL,754,2023-03-06,2026-03-05
VPAY,198,2023-03-06,2026-03-05
VPLS,141,2023-03-06,2026-03-05
VR,754,2023-03-06,2026-03-05
VRA,754,2023-03-06,2026-03-05
VRSC,754,2023-03-06,2026-03-05
VSC,754,2023-03-06,2026-03-05
VSN,198,2023-03-06,2026-03-05
VSOL,639,2023-03-06,2026-03-05
VSTR,450,2023-03-06,2026-03-05
VSUI,754,2023-03-06,2026-03-05
VTC,754,2023-03-06,2026-03-05
VTHO,754,2023-03-06,2026-03-05
VULT,95,2023-03-06,2026-03-05
VUSD,560,2023-03-06,2026-03-05
VVS,754,2023-03-06,2026-03-05
VVV,368,2023-03-06,2026-03-05
VY,427,2023-03-06,2026-03-05
VYUSD,79,2023-03-06,2026-03-05
W,699,2023-03-06,2026-03-05
W0G,121,2023-03-06,2026-03-05
WAAC,609,2023-03-06,2026-03-05
WAARBGHO,169,2023-03-06,2026-03-05
WAARBUSDCN,171,2023-03-06,2026-03-05
WAARBUSDT,169,2023-03-06,2026-03-05
WABASGHO,170,2023-03-06,2026-03-05
WABASUSDC,170,2023-03-06,2026-03-05
WAETHLIDOGHO,171,2023-03-06,2026-03-05
WAETHUSDC,171,2023-03-06,2026-03-05
WAETHUSDT,171,2023-03-06,2026-03-05
WAETHWETH,171,2023-03-06,2026-03-05
WAGMI,754,2023-03-06,2026-03-05
WAGMIGAMES,754,2023-03-06,2026-03-05
WAGNOWSTETH,170,2023-03-06,2026-03-05
WAI,171,2023-03-06,2026-03-05
WAL,309,2023-03-06,2026-03-05
WALLET,754,2023-03-06,2026-03-05
WAMPL,753,2023-03-06,2026-03-05
WAN,754,2023-03-06,2026-03-05
WAPE,461,2023-03-06,2026-03-05
WAPLAUSDT0,122,2023-03-06,2026-03-05
WATC,440,2023-03-06,2026-03-05
WAVAX,754,2023-03-06,2026-03-05
WAVE,327,2023-03-06,2026-03-05
WAVES,754,2023-03-06,2026-03-05
WAXP,754,2023-03-06,2026-03-05
WBCH,705,2023-03-06,2026-03-05
WBETH,754,2023-03-06,2026-03-05
WBNB,723,2023-03-06,2026-03-05
WBT,741,2023-03-06,2026-03-05
WBTC,225,2023-03-06,2026-03-05
WBTC.E,544,2023-03-06,2026-03-05
WBTT,398,2023-03-06,2026-03-05
WCFG,727,2023-03-06,2026-03-05
WCGUSD,318,2023-03-06,2026-03-05
WCHZ,472,2023-03-06,2026-03-05
WCO,402,2023-03-06,2026-03-05
WCORE,754,2023-03-06,2026-03-05
WCRO,754,2023-03-06,2026-03-05
WCT,290,2023-03-06,2026-03-05
WECAN,754,2023-03-06,2026-03-05
WEDU,329,2023-03-06,2026-03-05
WEETH,122,2023-03-06,2026-03-05
WEETHS,513,2023-03-06,2026-03-05
WEGLD,754,2023-03-06,2026-03-05
WELF,439,2023-03-06,2026-03-05
WELL,754,2023-03-06,2026-03-05
WEMIX,754,2023-03-06,2026-03-05
WEMIX$,490,2023-03-06,2026-03-05
WEN,735,2023-03-06,2026-03-05
WEPE,347,2023-03-06,2026-03-05
WET,190,2023-03-06,2026-03-05
WETH,723,2023-03-06,2026-03-05
WEXO,754,2023-03-06,2026-03-05
WFCA,733,2023-03-06,2026-03-05
WFI,437,2023-03-06,2026-03-05
WFIL,555,2023-03-06,2026-03-05
WFIO,684,2023-03-06,2026-03-05
WFLR,754,2023-03-06,2026-03-05
WFRAGSOL,339,2023-03-06,2026-03-05
WFRAX,275,2023-03-06,2026-03-05
WGBERA,324,2023-03-06,2026-03-05
WGLUE,338,2023-03-06,2026-03-05
WHALE,747,2023-03-06,2026-03-05
WHBAR,754,2023-03-06,2026-03-05
WHISKEY,623,2023-03-06,2026-03-05
WHITE,609,2023-03-06,2026-03-05
WHITEWHALE,37,2023-03-06,2026-03-05
WHLP,223,2023-03-06,2026-03-05
WHY,695,2023-03-06,2026-03-05
WHYPE,343,2023-03-06,2026-03-05
WIF,754,2023-03-06,2026-03-05
WIKEN,754,2023-03-06,2026-03-05
WILD,754,2023-03-06,2026-03-05
WIMX,690,2023-03-06,2026-03-05
WIN,153,2023-03-06,2026-03-05
WINK,723,2023-03-06,2026-03-05
WIOTX,751,2023-03-06,2026-03-05
WIP,351,2023-03-06,2026-03-05
WIRE,386,2023-03-06,2026-03-05
WISE,754,2023-03-06,2026-03-05
WKC,754,2023-03-06,2026-03-05
WKLAY,754,2023-03-06,2026-03-05
WLD,754,2023-03-06,2026-03-05
WLFI,151,2023-03-06,2026-03-05
WLTH,609,2023-03-06,2026-03-05
WM,59,2023-03-06,2026-03-05
WMAPO,644,2023-03-06,2026-03-05
WMNT,754,2023-03-06,2026-03-05
WMON,67,2023-03-06,2026-03-05
WMTON,132,2023-03-06,2026-03-05
WMTX,754,2023-03-06,2026-03-05
WNCG,754,2023-03-06,2026-03-05
WNXM,754,2023-03-06,2026-03-05
WOD,427,2023-03-06,2026-03-05
WOJAK,754,2023-03-06,2026-03-05
WOKB,643,2023-03-06,2026-03-05
WOLF,641,2023-03-06,2026-03-05
WOO,754,2023-03-06,2026-03-05
WPAY,511,2023-03-06,2026-03-05
WPEAQ,155,2023-03-06,2026-03-05
WPLS,754,2023-03-06,2026-03-05
WPLUME,88,2023-03-06,2026-03-05
WPOL,754,2023-03-06,2026-03-05
WRBNT,210,2023-03-06,2026-03-05
WRX,754,2023-03-06,2026-03-05
WSEI,597,2023-03-06,2026-03-05
WSGB,754,2023-03-06,2026-03-05
WSOMI,144,2023-03-06,2026-03-05
WSRUSD,104,2023-03-06,2026-03-05
WSTASTR,325,2023-03-06,2026-03-05
WSTEAMX,709,2023-03-06,2026-03-05
WSTETH,402,2023-03-06,2026-03-05
WSTKSCUSD,206,2023-03-06,2026-03-05
WSTUSR,281,2023-03-06,2026-03-05
WSTX,581,2023-03-06,2026-03-05
WTAO,754,2023-03-06,2026-03-05
WTN,525,2023-03-06,2026-03-05
WUSD,711,2023-03-06,2026-03-05
WVIC,337,2023-03-06,2026-03-05
WWDOGE,751,2023-03-06,2026-03-05
WXDC,754,2023-03-06,2026-03-05
WXPL,127,2023-03-06,2026-03-05
WXRP,754,2023-03-06,2026-03-05
WXT,754,2023-03-06,2026-03-05
WXTZ,452,2023-03-06,2026-03-05
WYLDS,54,2023-03-06,2026-03-05
WZEDX,233,2023-03-06,2026-03-05
WZKCRO,527,2023-03-06,2026-03-05
WZRD,611,2023-03-06,2026-03-05
X,176,2023-03-06,2026-03-05
X1000,210,2023-03-06,2026-03-05
X33,343,2023-03-06,2026-03-05
XAI,754,2023-03-06,2026-03-05
XAN,123,2023-03-06,2026-03-05
XAND,457,2023-03-06,2026-03-05
XAUM,426,2023-03-06,2026-03-05
XAUT,754,2023-03-06,2026-03-05
XAUT0,232,2023-03-06,2026-03-05
XAVA,754,2023-03-06,2026-03-05
XBG,527,2023-03-06,2026-03-05
XBTC,228,2023-03-06,2026-03-05
XCH,754,2023-03-06,2026-03-05
XCL,117,2023-03-06,2026-03-05
XCM,747,2023-03-06,2026-03-05
XCN,754,2023-03-06,2026-03-05
XCP,754,2023-03-06,2026-03-05
XDAG,754,2023-03-06,2026-03-05
XDATA,754,2023-03-06,2026-03-05
XDB,754,2023-03-06,2026-03-05
XDC,754,2023-03-06,2026-03-05
XDOG,201,2023-03-06,2026-03-05
XDOGE,783,2023-03-06,2026-03-05
XEC,754,2023-03-06,2026-03-05
XEGLD,293,2023-03-06,2026-03-05
XEL,633,2023-03-06,2026-03-05
XEM,754,2023-03-06,2026-03-05
XEN,754,2023-03-06,2026-03-05
XEP,754,2023-03-06,2026-03-05
XFI,754,2023-03-06,2026-03-05
XHYPE,465,2023-03-06,2026-03-05
XION,420,2023-03-06,2026-03-05
XL1,169,2023-03-06,2026-03-05
XLM,754,2023-03-06,2026-03-05
XMN,113,2023-03-06,2026-03-05
XMR,754,2023-03-06,2026-03-05
XMW,495,2023-03-06,2026-03-05
XNK,662,2023-03-06,2026-03-05
XNO,754,2023-03-06,2026-03-05
XNY,191,2023-03-06,2026-03-05
XPACK,325,2023-03-06,2026-03-05
XPED,90,2023-03-06,2026-03-05
XPIN,161,2023-03-06,2026-03-05
XPL,127,2023-03-06,2026-03-05
XPR,754,2023-03-06,2026-03-05
XPX,751,2023-03-06,2026-03-05
XRD,754,2023-03-06,2026-03-05
XRP,754,2023-03-06,2026-03-05
XRT,754,2023-03-06,2026-03-05
XSGD,754,2023-03-06,2026-03-05
XSOL,107,2023-03-06,2026-03-05
XSOLVBTC,546,2023-03-06,2026-03-05
XSTRK,74,2023-03-06,2026-03-05
XSUI,216,2023-03-06,2026-03-05
XSUSHI,754,2023-03-06,2026-03-05
XSWAP,634,2023-03-06,2026-03-05
XT,754,2023-03-06,2026-03-05
XTBTC,67,2023-03-06,2026-03-05
XTER,387,2023-03-06,2026-03-05
XTM,253,2023-03-06,2026-03-05
XTN,750,2023-03-06,2026-03-05
XTUSD,735,2023-03-06,2026-03-05
XTZ,754,2023-03-06,2026-03-05
XUSD,591,2023-03-06,2026-03-05
XVG,754,2023-03-06,2026-03-05
XVS,754,2023-03-06,2026-03-05
XWBTC,74,2023-03-06,2026-03-05
XX,754,2023-03-06,2026-03-05
XYO,754,2023-03-06,2026-03-05
YALA,225,2023-03-06,2026-03-05
YB,107,2023-03-06,2026-03-05
YBTC.B,208,2023-03-06,2026-03-05
YEC,754,2023-03-06,2026-03-05
YEE,289,2023-03-06,2026-03-05
YFI,754,2023-03-06,2026-03-05
YFII,754,2023-03-06,2026-03-05
YGG,754,2023-03-06,2026-03-05
YLAY,465,2023-03-06,2026-03-05
YLDS,56,2023-03-06,2026-03-05
YNBNBX,370,2023-03-06,2026-03-05
YNETH,519,2023-03-06,2026-03-05
YNETHX,373,2023-03-06,2026-03-05
YOETH,310,2023-03-06,2026-03-05
YOUSD,275,2023-03-06,2026-03-05
YSOL,713,2023-03-06,2026-03-05
YU,280,2023-03-06,2026-03-05
YUSD,533,2023-03-06,2026-03-05
YUTY,183,2023-03-06,2026-03-05
YZUSD,84,2023-03-06,2026-03-05
YZY,195,2023-03-06,2026-03-05
ZAI,374,2023-03-06,2026-03-05
ZANO,754,2023-03-06,2026-03-05
ZARP,752,2023-03-06,2026-03-05
ZBCN,655,2023-03-06,2026-03-05
ZBT,105,2023-03-06,2026-03-05
ZBTC,308,2023-03-06,2026-03-05
ZCHF,652,2023-03-06,2026-03-05
ZCL,749,2023-03-06,2026-03-05
ZCX,754,2023-03-06,2026-03-05
ZEC,723,2023-03-06,2026-03-05
ZEDXION,721,2023-03-06,2026-03-05
ZEN,754,2023-03-06,2026-03-05
ZENBTC,241,2023-03-06,2026-03-05
ZENT,658,2023-03-06,2026-03-05
ZEPH,754,2023-03-06,2026-03-05
ZERA,150,2023-03-06,2026-03-05
ZEREBRO,487,2023-03-06,2026-03-05
ZETA,729,2023-03-06,2026-03-05
ZEUS,665,2023-03-06,2026-03-05
ZEX,582,2023-03-06,2026-03-05
ZFI,437,2023-03-06,2026-03-05
ZIG,754,2023-03-06,2026-03-05
ZIL,754,2023-03-06,2026-03-05
ZK,592,2023-03-06,2026-03-05
ZKC,137,2023-03-06,2026-03-05
ZKCRO,519,2023-03-06,2026-03-05
ZKJ,682,2023-03-06,2026-03-05
ZKML,749,2023-03-06,2026-03-05
ZKP,754,2023-03-06,2026-03-05
ZND,457,2023-03-06,2026-03-05
ZNN,749,2023-03-06,2026-03-05
ZORA,315,2023-03-06,2026-03-05
ZRC,431,2023-03-06,2026-03-05
ZRO,603,2023-03-06,2026-03-05
ZRX,754,2023-03-06,2026-03-05
ZYPTO,753,2023-03-06,2026-03-05
修仙,111,2023-03-06,2026-03-05
哈基米,113,2023-03-06,2026-03-05
客服小何,114,2023-03-06,2026-03-05
币安人生,115,2023-03-06,2026-03-05
恶俗企鹅,82,2023-03-06,2026-03-05
马到成功,75,2023-03-06,2026-03-05
