date,regime,score,pnl,cost,funding,r_ls_net,alt_turnover,major_turnover,alt_gross,major_gross,total_gross,equity_curve
2024-09-16,BALANCED,0.0,0.0,0.0,-0.0009708080357142834,0.0009708080357142834,0.0,0.0,0.0,0.0,0.0,1.0009708080357143
2024-09-17,BALANCED,0.0,0.0,0.0,-0.000810573333333332,0.000810573333333332,0.0,0.0,0.0,0.0,0.0,1.001782168280153
2024-09-18,BALANCED,0.0,0.0,0.0,0.006653626666666667,-0.006653626666666667,0.0,0.0,0.0,0.0,0.0,0.9951166837310931
2024-09-19,BALANCED,0.0,0.0,0.0,0.012175400000000003,-0.012175400000000003,0.0,0.0,0.0,0.0,0.0,0.9830007400599935
2024-09-20,BALANCED,0.0,0.0,0.0,0.019189778761061954,-0.019189778761061954,0.0,0.0,0.0,0.0,0.0,0.964137173336282
2024-09-21,BALANCED,0.0,0.0,0.0,0.011032723684210533,-0.011032723684210533,0.0,0.0,0.0,0.0,0.0,0.953500114309187
2024-09-22,BALANCED,0.0,0.0,0.0,0.006376828947368424,-0.006376828947368424,0.0,0.0,0.0,0.0,0.0,0.947419807178941
2024-09-23,BALANCED,0.0,0.0,0.0,0.009471171052631582,-0.009471171052631582,0.0,0.0,0.0,0.0,0.0,0.938446632126498
2024-09-24,BALANCED,0.0,0.0,0.0,0.017189213973799133,-0.017189213973799133,0.0,0.0,0.0,0.0,0.0,0.9223154721638845
2024-09-25,BALANCED,0.0,0.0,0.0,0.01801634934497817,-0.01801634934497817,0.0,0.0,0.0,0.0,0.0,0.9056987144111015
2024-09-26,BALANCED,0.0,0.0,0.0,0.013175751091703063,-0.013175751091703063,0.0,0.0,0.0,0.0,0.0,0.8937654535859453
2024-09-27,BALANCED,0.0,0.0,0.0,0.02049648260869566,-0.02049648260869566,0.0,0.0,0.0,0.0,0.0,0.875446405510268
2024-09-28,BALANCED,0.0,0.0,0.0,0.022550973913043487,-0.022550973913043487,0.0,0.0,0.0,0.0,0.0,0.8557042364573382
2024-09-29,BALANCED,0.0,0.0,0.0,0.019775243478260873,-0.019775243478260873,0.0,0.0,0.0,0.0,0.0,0.838782476836015
2024-09-30,BALANCED,0.0,0.0,0.0,0.014701904347826089,-0.014701904347826089,0.0,0.0,0.0,0.0,0.0,0.8264507770929393
2024-10-01,BALANCED,0.0,0.0,0.0,0.007359324675324677,-0.007359324675324677,0.0,0.0,0.0,0.0,0.0,0.8203686574961381
2024-10-02,BALANCED,0.0,0.0,0.0,0.0010557155172413795,-0.0010557155172413795,0.0,0.0,0.0,0.0,0.0,0.8195025815745609
2024-10-03,BALANCED,-0.25287705359869506,0.0,0.0,0.005303304721030044,-0.005303304721030044,0.0,0.0,0.0,0.0,0.0,0.8151565096648002
2024-10-04,WEAK_RISK_ON_ALTS,-0.5080013159057098,0.0,0.0,0.002722969957081547,-0.002722969957081547,0.0,0.0,0.0,0.0,0.0,0.8129368629786635
2024-10-05,WEAK_RISK_ON_ALTS,-0.17956343515248466,0.0,0.0,0.004118098712446352,-0.004118098712446352,0.0,0.0,0.0,0.0,0.0,0.8095891087299308
2024-10-06,WEAK_RISK_ON_ALTS,-0.4244421549256698,0.0,0.0,0.012913351931330475,-0.012913351931330475,0.0,0.0,0.0,0.0,0.0,0.799134599649129
2024-10-07,WEAK_RISK_ON_ALTS,-0.3277464919334703,0.0,0.0,0.011026982832618028,-0.011026982832618028,0.0,0.0,0.0,0.0,0.0,0.790322556137847
2024-10-08,WEAK_RISK_ON_ALTS,-0.8475552843021334,0.0,0.0,0.014137120171673822,-0.014137120171673822,0.0,0.0,0.0,0.0,0.0,0.7791496711873418
2024-10-09,WEAK_RISK_ON_ALTS,-0.5853405891952924,0.0,0.0,0.007654184549356224,-0.007654184549356224,0.0,0.0,0.0,0.0,0.0,0.7731859158125037
2024-10-10,WEAK_RISK_ON_ALTS,-0.3554098960789449,0.0,0.0,0.000713291845493569,-0.000713291845493569,0.0,0.0,0.0,0.0,0.0,0.7726344086037041
2024-10-11,BALANCED,0.27341072017600937,0.0,0.0,0.011030484978540776,-0.011030484978540776,0.0,0.0,0.0,0.0,0.0,0.7641118763656972
2024-10-12,BALANCED,-0.06316664839993019,0.0,0.0,0.01758803433476395,-0.01758803433476395,0.0,0.0,0.0,0.0,0.0,0.7506726504485765
2024-10-13,BALANCED,-0.28650594196182877,0.0,0.0,0.019806412017167388,-0.019806412017167388,0.0,0.0,0.0,0.0,0.0,0.7358045186437728
2024-10-14,BALANCED,-0.000027387350896371232,0.0,0.0,0.015417836909871247,-0.015417836909871247,0.0,0.0,0.0,0.0,0.0,0.7244600045777768
2024-10-15,BALANCED,-0.06372282141980234,0.0,0.0,0.022272927038626617,-0.022272927038626617,0.0,0.0,0.0,0.0,0.0,0.7083241597534129
2024-10-16,WEAK_RISK_ON_ALTS,-0.6234245181744386,0.0,0.0,0.018377613733905587,-0.018377613733905587,0.0,0.0,0.0,0.0,0.0,0.6953068519470714
2024-10-17,WEAK_RISK_ON_ALTS,-0.38205924955272247,0.0,0.0,0.001839759656652362,-0.001839759656652362,0.0,0.0,0.0,0.0,0.0,0.6940276544518652
2024-10-18,WEAK_RISK_ON_ALTS,-0.32927328913777365,0.0,0.0,0.005815055793991418,-0.005815055793991418,0.0,0.0,0.0,0.0,0.0,0.6899918449186546
2024-10-19,BALANCED,0.019603932189035028,0.0,0.0,0.012653755364806871,-0.012653755364806871,0.0,0.0,0.0,0.0,0.0,0.6812608569093422
2024-10-20,BALANCED,0.06128873066081475,0.0,0.0,0.015234412017167387,-0.015234412017167387,0.0,0.0,0.0,0.0,0.0,0.6708822483240168
2024-10-21,BALANCED,-0.008376967617131054,0.0,0.0,0.016134489270386267,-0.016134489270386267,0.0,0.0,0.0,0.0,0.0,0.6600579058867403
2024-10-22,BALANCED,-0.36177740321121005,0.0,0.0,0.020338326180257514,-0.020338326180257514,0.0,0.0,0.0,0.0,0.0,0.646633432898958
2024-10-23,BALANCED,-0.4053835400257499,0.0,0.0,0.018277769230769236,-0.018277769230769236,0.0,0.0,0.0,0.0,0.0,0.6348144162355308
2024-10-24,BALANCED,-0.009756989990357616,0.0,0.0,0.01246796153846154,-0.01246796153846154,0.0,0.0,0.0,0.0,0.0,0.6268995745098453
2024-10-25,BALANCED,0.342295904468734,0.0,0.0,0.018324574468085116,-0.018324574468085116,0.0,0.0,0.0,0.0,0.0,0.6154119065727288
2024-10-26,BALANCED,0.10843451722932074,0.0,0.0,0.002704050632911393,-0.002704050632911393,0.0,0.0,0.0,0.0,0.0,0.6137478016172596
2024-10-27,WEAK_RISK_ON_MAJORS,0.5773721605360781,0.0,0.00021547443210721563,0.008549582278481013,-0.008765056710588227,0.1436496214048104,0.2872992428096208,0.1436496214048104,0.2872992428096208,0.43094886421443124,0.6083682673300854
2024-10-28,WEAK_RISK_ON_MAJORS,0.530791947487799,0.00463743795173511,0.00021547443210721563,0.009855506329113927,-0.005433542809486032,0.1436496214048104,0.2872992428096208,0.0,0.0,0.0,0.6050626723056145
2024-10-29,WEAK_RISK_ON_MAJORS,0.6866303526112629,0.0,0.0,0.014226378151260512,-0.014226378151260512,0.0,0.0,0.0,0.0,0.0,0.5964548219241826
2024-10-30,WEAK_RISK_ON_MAJORS,0.7069191284404528,0.0,0.0,0.024772071428571435,-0.024772071428571435,0.0,0.0,0.0,0.0,0.0,0.581679400471561
2024-10-31,WEAK_RISK_ON_MAJORS,0.2681196163694999,0.0,0.0002,0.021543957983193283,-0.02174395798319328,0.13333333333333333,0.26666666666666666,0.13333333333333333,0.26666666666666666,0.4,0.5690313880280183
2024-11-01,WEAK_RISK_ON_MAJORS,0.717481586810988,-0.010524476996721077,0.00004933426463196678,0.016721533613445385,-0.027295344874798427,0.040673439447670094,0.057995089816263445,0.16233087824146505,0.3246617564829301,0.48699263472439513,0.5534994800472083
2024-11-02,WEAK_RISK_ON_MAJORS,0.5305212490222709,-0.003821345050794032,0.00024349631736219758,0.011219407563025217,-0.015284248931181448,0.16233087824146505,0.3246617564829301,0.0,0.0,0.0,0.5450396562108872
2024-11-03,WEAK_RISK_ON_MAJORS,0.4175897135695483,0.0,0.0,0.011636962184873954,-0.011636962184873954,0.0,0.0,0.0,0.0,0.0,0.5386970503423044
2024-11-04,WEAK_RISK_ON_MAJORS,0.3454038791168823,0.0,0.0,0.006006037815126056,-0.006006037815126056,0.0,0.0,0.0,0.0,0.0,0.5354616154870516
2024-11-05,BALANCED,0.19080330059933076,0.0,0.0,0.0037279915966386594,-0.0037279915966386594,0.0,0.0,0.0,0.0,0.0,0.5334654190841933
2024-11-06,WEAK_RISK_ON_MAJORS,0.8095802082731026,0.0,0.00026191604165462057,0.014909936974789921,-0.015171853016444541,0.17461069443641372,0.3492213888728274,0.17461069443641372,0.3492213888728274,0.5238320833092411,0.525371760156492
2024-11-07,STRONG_RISK_ON_MAJORS,1.5028014495525288,0.03829894762822927,0.00023808395834537944,0.026393262500000004,0.011667601169883881,0.1587226388969196,0.31744527779383924,0.3333333333333333,0.6666666666666666,1.0,0.5315015883199179
2024-11-08,WEAK_RISK_ON_MAJORS,0.9029658274416218,0.009584705418767372,0.00022827365637949893,0.023169400000000007,-0.013812968237612133,0.16400486674343037,0.2925424460155675,0.18706211032554956,0.3741242206510991,0.5611863309766487,0.5241599737622145
2024-11-09,STRONG_RISK_ON_MAJORS,1.8137394831836011,0.0028068923738821952,0.000226533163007804,0.011832793388429758,-0.009252434177555367,0.16052388000004056,0.2925424460155675,0.3333333333333333,0.6666666666666666,1.0,0.5193102181064704
2024-11-10,WEAK_RISK_ON_MAJORS,0.7144017584669078,0.0184043744165196,0.0002819588759431857,0.017683847107438023,0.0004385684331383935,0.22109155414421344,0.3428261977421579,0.16192023446225437,0.32384046892450874,0.48576070338676314,0.5195379711751381
2024-11-11,WEAK_RISK_ON_MAJORS,0.5,0.014861114702734674,0.00024288035169338156,0.05096199173553717,-0.03634375738449588,0.16192023446225437,0.32384046892450874,0.0,0.0,0.0,0.5006560091987157
2024-11-12,WEAK_RISK_ON_MAJORS,0.5,0.0,0.0,0.0684301844262295,-0.0684301844262295,0.0,0.0,0.0,0.0,0.0,0.4663960261551475
2024-11-13,BALANCED,0.04748452128872106,0.0,0.0,0.0555227950819672,-0.0555227950819672,0.0,0.0,0.0,0.0,0.0,0.44050041516789146
2024-11-14,BALANCED,0.15606771002529635,0.0,0.0,0.03528595102040816,-0.03528595102040816,0.0,0.0,0.0,0.0,0.0,0.4249569390938078
2024-11-15,BALANCED,0.5,0.0,0.0,0.025694816326530617,-0.025694816326530617,0.0,0.0,0.0,0.0,0.0,0.41403774859710774
2024-11-16,BALANCED,0.5,0.0,0.0,0.03651153658536584,-0.03651153658536584,0.0,0.0,0.0,0.0,0.0,0.3989205941914819
2024-11-18,WEAK_RISK_ON_MAJORS,0.691088456885712,0.0,0.00023821769137714243,0.0362935487804878,-0.03653176647186494,0.15881179425142827,0.31762358850285655,0.15881179425142827,0.31762358850285655,0.4764353827542848,0.3843473202036611
2024-11-19,WEAK_RISK_ON_MAJORS,0.6313408857665319,0.0062394375424686035,0.00023821769137714243,0.05134491532258062,-0.04534369547148916,0.15881179425142827,0.31762358850285655,0.0,0.0,0.0,0.3669195923610633
2024-11-20,BALANCED,-0.1823380799766595,0.0,0.0,0.030392564516129032,-0.030392564516129032,0.0,0.0,0.0,0.0,0.0,0.3557679649779979
2024-11-21,BALANCED,-0.041446665608291994,0.0,0.0,0.012623213709677426,-0.012623213709677426,0.0,0.0,0.0,0.0,0.0,0.3512770299250236
2024-11-22,WEAK_RISK_ON_MAJORS,0.5364780325206181,0.0,0.00020729560650412362,0.0503526987951807,-0.05055999440168482,0.13819707100274908,0.27639414200549817,0.13819707100274908,0.27639414200549817,0.41459121300824725,0.3335164652585739
2024-11-23,BALANCED,-0.05045372028168778,0.00785567042956526,0.00020729560650412362,0.05515579518072286,-0.04750742035766172,0.13819707100274908,0.27639414200549817,0.0,0.0,0.0,0.31767195834733336
2024-11-24,BALANCED,-0.09406609364916033,0.0,0.0,0.0467764096385542,-0.0467764096385542,0.0,0.0,0.0,0.0,0.0,0.30281240469299675
2024-11-25,BALANCED,-0.3131413586419738,0.0,0.0,0.03783887951807227,-0.03783887951807227,0.0,0.0,0.0,0.0,0.0,0.2913543225952407
2024-11-26,BALANCED,-0.25249531995429797,0.0,0.0,0.027848048192771077,-0.027848048192771077,0.0,0.0,0.0,0.0,0.0,0.2832406733784362
2024-11-27,BALANCED,-0.21428423876400104,0.0,0.0,0.006489795180722886,-0.006489795180722886,0.0,0.0,0.0,0.0,0.0,0.28140249942136014
2024-11-28,BALANCED,-0.005014708111299948,0.0,0.0,0.047054047619047606,-0.047054047619047606,0.0,0.0,0.0,0.0,0.0,0.2681613728134684
2024-11-29,BALANCED,-0.28395092352959184,0.0,0.0,0.03989938095238094,-0.03989938095238094,0.0,0.0,0.0,0.0,0.0,0.2574619000428704
2024-11-30,BALANCED,-0.11483277072628845,0.0,0.0,0.05778320238095237,-0.05778320238095237,0.0,0.0,0.0,0.0,0.0,0.24258492696730868
2024-12-01,BALANCED,0.0,0.0,0.0,0.05801352380952379,-0.05801352380952379,0.0,0.0,0.0,0.0,0.0,0.2285117205308591
2024-12-02,BALANCED,0.0,0.0,0.0,0.07870153571428569,-0.07870153571428569,0.0,0.0,0.0,0.0,0.0,0.21052749719636682
2024-12-03,BALANCED,0.0,0.0,0.0,0.07119342857142857,-0.07119342857142857,0.0,0.0,0.0,0.0,0.0,0.19553932286239564
2024-12-04,BALANCED,0.0,0.0,0.0,0.10483630952380954,-0.10483630952380954,0.0,0.0,0.0,0.0,0.0,0.1750397018867174
2024-12-05,BALANCED,0.0,0.0,0.0,0.07054267322834645,-0.07054267322834645,0.0,0.0,0.0,0.0,0.0,0.16269193339453553
2024-12-06,BALANCED,0.0,0.0,0.0,0.10672906299212595,-0.10672906299212595,0.0,0.0,0.0,0.0,0.0,0.14532797578695938
2024-12-07,BALANCED,0.0,0.0,0.0,0.09941465625000001,-0.09941465625000001,0.0,0.0,0.0,0.0,0.0,0.13088024503059048
2024-12-08,BALANCED,0.0,0.0,0.0,0.115602609375,-0.115602609375,0.0,0.0,0.0,0.0,0.0,0.11575014718941484
2024-12-09,BALANCED,0.0,0.0,0.0,0.0819947578125,-0.0819947578125,0.0,0.0,0.0,0.0,0.0,0.10625924190385755
2024-12-10,BALANCED,0.0,0.0,0.0,0.012203603112840468,-0.012203603112840468,0.0,0.0,0.0,0.0,0.0,0.10496249628859156
2024-12-11,BALANCED,0.0,0.0,0.0,0.011060000000000004,-0.011060000000000004,0.0,0.0,0.0,0.0,0.0,0.10380161107963974
2024-12-12,BALANCED,0.0,0.0,0.0,0.018776919540229888,-0.018776919540229888,0.0,0.0,0.0,0.0,0.0,0.10185253658025112
2024-12-13,BALANCED,0.0,0.0,0.0,0.02212871264367816,-0.02212871264367816,0.0,0.0,0.0,0.0,0.0,0.09959867106623702
2024-12-14,BALANCED,0.0,0.0,0.0,0.021980988593155892,-0.021980988593155892,0.0,0.0,0.0,0.0,0.0,0.09740939381363657
2024-12-15,BALANCED,0.0,0.0,0.0,0.018840593155893537,-0.018840593155893537,0.0,0.0,0.0,0.0,0.0,0.09557414305523164
2024-12-16,BALANCED,0.0,0.0,0.0,0.02084451330798479,-0.02084451330798479,0.0,0.0,0.0,0.0,0.0,0.09358194655841763
2024-12-17,BALANCED,0.0,0.0,0.0,-0.0043945584905660355,0.0043945584905660355,0.0,0.0,0.0,0.0,0.0,0.09399319789622962
2024-12-18,BALANCED,0.0,0.0,0.0,0.014151315789473685,-0.014151315789473685,0.0,0.0,0.0,0.0,0.0,0.09266307047073757
2024-12-19,BALANCED,0.0,0.0,0.0,0.00940888432835821,-0.00940888432835821,0.0,0.0,0.0,0.0,0.0,0.0917912143591679
2024-12-20,BALANCED,0.0,0.0,0.0,0.002042641791044777,-0.002042641791044777,0.0,0.0,0.0,0.0,0.0,0.09160371778866712
2024-12-21,BALANCED,0.0,0.0,0.0,0.016731849264705882,-0.016731849264705882,0.0,0.0,0.0,0.0,0.0,0.09007101819054049
2024-12-22,BALANCED,0.0,0.0,0.0,-0.013222963235294122,0.013222963235294122,0.0,0.0,0.0,0.0,0.0,0.0912620239526395
2024-12-23,BALANCED,0.0,0.0,0.0,-0.041171591911764706,0.041171591911764706,0.0,0.0,0.0,0.0,0.0,0.09501942675985928
2024-12-24,BALANCED,0.0,0.0,0.0,0.008761406593406594,-0.008761406593406594,0.0,0.0,0.0,0.0,0.0,0.09418692292774372
2024-12-25,BALANCED,0.0,0.0,0.0,0.012825054744525548,-0.012825054744525548,0.0,0.0,0.0,0.0,0.0,0.092978970484977
2024-12-26,BALANCED,0.0,0.0,0.0,-0.001766463503649634,0.001766463503649634,0.0,0.0,0.0,0.0,0.0,0.09314321444294563
2024-12-27,BALANCED,0.0,0.0,0.0,-0.006391576642335764,0.006391576642335764,0.0,0.0,0.0,0.0,0.0,0.09373854643677122
2024-12-28,BALANCED,0.0,0.0,0.0,-0.0027484379562043803,0.0027484379562043803,0.0,0.0,0.0,0.0,0.0,0.09399618101575748
2024-12-29,BALANCED,0.0,0.0,0.0,-0.02044083941605839,0.02044083941605839,0.0,0.0,0.0,0.0,0.0,0.09591754185762334
2024-12-30,BALANCED,0.0,0.0,0.0,-0.005397010948905108,0.005397010948905108,0.0,0.0,0.0,0.0,0.0,0.096435209881221
2024-12-31,BALANCED,0.0,0.0,0.0,0.004234750000000001,-0.004234750000000001,0.0,0.0,0.0,0.0,0.0,0.09602683087617651
2025-01-01,BALANCED,0.0,0.0,0.0,0.003816989130434786,-0.003816989130434786,0.0,0.0,0.0,0.0,0.0,0.09566029750649205
2025-01-02,BALANCED,0.0,0.0,0.0,0.008231260869565217,-0.008231260869565217,0.0,0.0,0.0,0.0,0.0,0.0948728926428559
2025-01-03,BALANCED,0.0,0.0,0.0,0.02165540287769784,-0.02165540287769784,0.0,0.0,0.0,0.0,0.0,0.09281838193050228
2025-01-04,BALANCED,0.0,0.0,0.0,0.025093645161290326,-0.025093645161290326,0.0,0.0,0.0,0.0,0.0,0.09048923038989314
2025-01-05,BALANCED,0.0,0.0,0.0,0.014719365591397852,-0.014719365591397852,0.0,0.0,0.0,0.0,0.0,0.08915728632570007
2025-01-06,BALANCED,0.0,0.0,0.0,-0.01129479569892473,0.01129479569892473,0.0,0.0,0.0,0.0,0.0,0.09016429965981938
2025-01-07,BALANCED,0.0,0.0,0.0,-0.007951043010752688,0.007951043010752688,0.0,0.0,0.0,0.0,0.0,0.09088119988444901
2025-01-08,BALANCED,0.0,0.0,0.0,0.005282308510638298,-0.005282308510638298,0.0,0.0,0.0,0.0,0.0,0.09040113734884236
2025-01-09,BALANCED,0.0,0.0,0.0,-0.012136494699646642,0.012136494699646642,0.0,0.0,0.0,0.0,0.0,0.09149829027311862
2025-01-10,BALANCED,0.0,0.0,0.0,-0.018021073943661974,0.018021073943661974,0.0,0.0,0.0,0.0,0.0,0.09314718772784913
2025-01-11,BALANCED,0.0,0.0,0.0,0.0031921795774647902,-0.0031921795774647902,0.0,0.0,0.0,0.0,0.0,0.09284984517748601
2025-01-12,BALANCED,0.0,0.0,0.0,-0.016503411971830986,0.016503411971830986,0.0,0.0,0.0,0.0,0.0,0.0943821844239708
2025-01-13,BALANCED,0.0,0.0,0.0,-0.009757035211267605,0.009757035211267605,0.0,0.0,0.0,0.0,0.0,0.09530307472071184
2025-01-14,BALANCED,0.0,0.0,0.0,-0.01209004225352113,0.01209004225352113,0.0,0.0,0.0,0.0,0.0,0.09645529292097572
2025-01-15,BALANCED,0.0,0.0,0.0,0.012323968309859153,-0.012323968309859153,0.0,0.0,0.0,0.0,0.0,0.09526658094769944
2025-01-16,BALANCED,0.0,0.0,0.0,0.02058338947368421,-0.02058338947368421,0.0,0.0,0.0,0.0,0.0,0.09330567180822667
2025-01-17,BALANCED,0.0,0.0,0.0,0.01574847902097902,-0.01574847902097902,0.0,0.0,0.0,0.0,0.0,0.09183624939321647
2025-01-18,BALANCED,0.0,0.0,0.0,-0.011518020833333337,0.011518020833333337,0.0,0.0,0.0,0.0,0.0,0.09289402122698275
2025-01-20,BALANCED,0.0,0.0,0.0,0.026435169550173006,-0.026435169550173006,0.0,0.0,0.0,0.0,0.0,0.09043835202565009
2025-01-21,BALANCED,0.0,0.0,0.0,0.021005555172413794,-0.021005555172413794,0.0,0.0,0.0,0.0,0.0,0.08853864423247312
2025-01-22,BALANCED,0.0,0.0,0.0,0.024658975862068964,-0.024658975862068964,0.0,0.0,0.0,0.0,0.0,0.08635537194148425
2025-01-23,BALANCED,0.0,0.0,0.0,0.0009331752577319603,-0.0009331752577319603,0.0,0.0,0.0,0.0,0.0,0.08627478724501622
2025-01-24,BALANCED,0.0,0.0,0.0,-0.013850332191780822,0.013850332191780822,0.0,0.0,0.0,0.0,0.0,0.08746972170813491
2025-01-25,BALANCED,0.0,0.0,0.0,-0.013011326530612245,0.013011326530612245,0.0,0.0,0.0,0.0,0.0,0.08860781881882124
2025-01-26,BALANCED,0.0,0.0,0.0,-0.013545479591836742,0.013545479591836742,0.0,0.0,0.0,0.0,0.0,0.08980805422030876
2025-01-27,BALANCED,0.0,0.0,0.0,-0.02573522448979592,0.02573522448979592,0.0,0.0,0.0,0.0,0.0,0.09211928465666017
2025-01-28,BALANCED,0.0,0.0,0.0,-0.01666197959183678,0.01666197959183678,0.0,0.0,0.0,0.0,0.0,0.09365417429762404
2025-01-29,BALANCED,0.0,0.0,0.0,-0.0062476326530612235,0.0062476326530612235,0.0,0.0,0.0,0.0,0.0,0.09423929117506136
2025-01-30,BALANCED,0.0,0.0,0.0,-0.0015462406779661016,0.0015462406779661016,0.0,0.0,0.0,0.0,0.0,0.09438500780053892
2025-01-31,BALANCED,0.0,0.0,0.0,0.009624355932203392,-0.009624355932203392,0.0,0.0,0.0,0.0,0.0,0.09347661289080274
2025-02-01,BALANCED,0.0,0.0,0.0,0.001814827118644063,-0.001814827118644063,0.0,0.0,0.0,0.0,0.0,0.09330696899876952
2025-02-02,BALANCED,0.0,0.0,0.0,-0.04059274576271187,0.04059274576271187,0.0,0.0,0.0,0.0,0.0,0.09709455506922579
2025-02-03,BALANCED,0.0,0.0,0.0,-0.013488508474576272,0.013488508474576272,0.0,0.0,0.0,0.0,0.0,0.09840421579811225
2025-02-04,BALANCED,0.0,0.0,0.0,-0.005137291525423728,0.005137291525423728,0.0,0.0,0.0,0.0,0.0,0.09890974694199786
2025-02-05,BALANCED,0.0,0.0,0.0,-0.02548293559322034,0.02548293559322034,0.0,0.0,0.0,0.0,0.0,0.10143025765286251
2025-02-06,BALANCED,0.0,0.0,0.0,-0.013807779661016949,0.013807779661016949,0.0,0.0,0.0,0.0,0.0,0.10283078430149342
2025-02-07,BALANCED,0.0,0.0,0.0,-0.0390137027027027,0.0390137027027027,0.0,0.0,0.0,0.0,0.0,0.10684259394891762
2025-02-08,BALANCED,0.0,0.0,0.0,-0.01770270608108108,0.01770270608108108,0.0,0.0,0.0,0.0,0.0,0.1087339969865356
2025-02-09,BALANCED,0.0,0.0,0.0,-0.028224729729729732,0.028224729729729732,0.0,0.0,0.0,0.0,0.0,0.11180298466391382
2025-02-10,BALANCED,0.0,0.0,0.0,-0.019726373737373737,0.019726373737373737,0.0,0.0,0.0,0.0,0.0,0.11400845212434806
2025-02-11,BALANCED,0.0,0.0,0.0,-0.01914071717171718,0.01914071717171718,0.0,0.0,0.0,0.0,0.0,0.11619065566164548
2025-02-12,BALANCED,0.0,0.0,0.0,-0.046773583892617446,0.046773583892617446,0.0,0.0,0.0,0.0,0.0,0.1216253090417737
2025-02-13,BALANCED,0.0,0.0,0.0,0.0017322080536912765,-0.0017322080536912765,0.0,0.0,0.0,0.0,0.0,0.12141462870191885
2025-02-14,BALANCED,0.0,0.0,0.0,-0.030570897009966784,0.030570897009966784,0.0,0.0,0.0,0.0,0.0,0.12512638281146857
2025-02-15,BALANCED,0.0,0.0,0.0,0.0053704186046511625,-0.0053704186046511625,0.0,0.0,0.0,0.0,0.0,0.12445440175728516
2025-02-16,BALANCED,0.0,0.0,0.0,-0.012888757475083053,0.012888757475083053,0.0,0.0,0.0,0.0,0.0,0.12605846435824136
2025-02-17,BALANCED,0.0,0.0,0.0,-0.04886645182724254,0.04886645182724254,0.0,0.0,0.0,0.0,0.0,0.13221849423421955
2025-02-18,BALANCED,0.0,0.0,0.0,-0.07613917821782179,0.07613917821782179,0.0,0.0,0.0,0.0,0.0,0.14228550173041082
2025-02-19,BALANCED,0.0,0.0,0.0,-0.02660414851485149,0.02660414851485149,0.0,0.0,0.0,0.0,0.0,0.14607088634995682
2025-02-20,BALANCED,0.28026980064839596,0.0,0.0,-0.033327099009900996,0.033327099009900996,0.0,0.0,0.0,0.0,0.0,0.15093900524180584
2025-02-21,WEAK_RISK_ON_MAJORS,0.8754194870987643,0.0,0.00017925820701756608,-0.0007142960526315785,0.0005350378456140123,0.11950547134504402,0.23901094269008807,0.11950547134504405,0.23901094269008807,0.3585164140351321,0.15101976332198952
2025-02-22,WEAK_RISK_ON_MAJORS,0.19324294764503028,-0.007847691483348218,0.000052531635171171616,-0.01713023684210526,0.00923001372358587,0.04121441316370636,0.06384885717863686,0.0875810427557256,0.1751620855114512,0.26274312826717683,0.1524136778099842
2025-02-23,WEAK_RISK_ON_MAJORS,0.6767016187751994,0.002553588933372534,0.000023976577855956647,-0.015580154605263163,0.01810976696077974,0.01598438523730443,0.03196877047460886,0.10356542799303003,0.20713085598606007,0.3106962839790901,0.15517385399675837
2025-02-24,BALANCED,-0.1036679225815286,-0.000722840893111006,0.00015534814198954504,-0.02429566776315789,0.02341747872805734,0.10356542799303001,0.20713085598606007,0.0,0.0,0.0,0.15880763442187815
2025-02-25,BALANCED,0.34424719344536997,0.0,0.0,-0.022675144736842102,0.022675144736842102,0.0,0.0,0.0,0.0,0.0,0.16240862051770974
2025-02-26,BALANCED,0.4422226019272435,0.0,0.0,-0.012458694078947369,0.012458694078947369,0.0,0.0,0.0,0.0,0.0,0.16443201983652372
2025-02-27,BALANCED,0.09206246722323772,0.0,0.0,-0.005995381578947368,0.005995381578947368,0.0,0.0,0.0,0.0,0.0,0.1654178525392407
2025-02-28,BALANCED,0.2853420118428992,0.0,0.0,0.000927039473684211,-0.000927039473684211,0.0,0.0,0.0,0.0,0.0,0.16526450366028475
2025-03-01,BALANCED,0.007397239637589675,0.0,0.0,0.01346919078947369,-0.01346919078947369,0.0,0.0,0.0,0.0,0.0,0.1630385245297567
2025-03-02,BALANCED,-0.21205064647564048,0.0,0.0,0.005500440789473683,-0.005500440789473683,0.0,0.0,0.0,0.0,0.0,0.16214174077917762
2025-03-03,WEAK_RISK_ON_MAJORS,0.7458438174841322,0.0,0.00014717311571283432,0.018139342105263162,-0.018286515220975998,0.09811541047522289,0.19623082095044575,0.09811541047522288,0.19623082095044575,0.2943462314256686,0.15917673336846364
2025-03-04,BALANCED,-0.4829413802788226,-0.021720411086710783,0.00014717311571283432,-0.028214141447368425,0.006346557244944807,0.09811541047522289,0.19623082095044575,0.0,0.0,0.0,0.1601869576188499
2025-03-05,WEAK_RISK_ON_ALTS,-0.6229551617559319,0.0,0.0,-0.004763684210526316,0.004763684210526316,0.0,0.0,0.0,0.0,0.0,0.16095003769959107
2025-03-06,WEAK_RISK_ON_ALTS,-0.2028635604527989,0.0,0.0,-0.007583782894736842,0.007583782894736842,0.0,0.0,0.0,0.0,0.0,0.16217064784240448
2025-03-07,WEAK_RISK_ON_ALTS,-0.3786421492748875,0.0,0.0,-0.030043278688524584,0.030043278688524584,0.0,0.0,0.0,0.0,0.0,0.1670427858106324
2025-03-08,WEAK_RISK_ON_ALTS,-0.6138549480664259,0.0,0.0,-0.009717944262295082,0.009717944262295082,0.0,0.0,0.0,0.0,0.0,0.1686660982925586
2025-03-09,WEAK_RISK_ON_ALTS,-0.23547970096108697,0.0,0.0,-0.013198524590163933,0.013198524590163933,0.0,0.0,0.0,0.0,0.0,0.17089224193839997
2025-03-10,BALANCED,-0.04327312004315706,0.0,0.0,-0.05033273114754097,0.05033273114754097,0.0,0.0,0.0,0.0,0.0,0.17949371520708599
2025-03-11,BALANCED,-0.013472907888929516,0.0,0.0,-0.055377344262295077,0.055377344262295077,0.0,0.0,0.0,0.0,0.0,0.18943360046702715
2025-03-12,WEAK_RISK_ON_MAJORS,0.7319618435444033,0.0,0.00016951293170627257,-0.01959515409836066,0.01942564116665439,0.11300862113751506,0.22601724227503012,0.11300862113751503,0.22601724227503012,0.33902586341254515,0.19311346961460701
2025-03-13,WEAK_RISK_ON_MAJORS,0.21714983619877076,0.004168202213199695,0.000031376047567950805,-0.008612764705882354,0.012749590871514099,0.025546095329699398,0.037205999806202206,0.09440562123441396,0.1888112424688279,0.28321686370324184,0.19557558734397182
2025-03-14,WEAK_RISK_ON_MAJORS,1.3158073676593633,-0.006000847305181554,0.00011866399894272487,-0.007162719869706841,0.001043208565582562,0.07910933262848323,0.15821866525696648,0.17351495386289725,0.3470299077257944,0.5205448615886916,0.19577961347190787
2025-03-15,WEAK_RISK_ON_MAJORS,0.5160652585729449,0.012790863024943502,0.00013145541124306214,-0.02692663192182411,0.039586039535524545,0.10808635302219892,0.1548244694639254,0.09610271913093449,0.192205438261869,0.28830815739280347,0.20352975299105652
2025-03-16,WEAK_RISK_ON_MAJORS,0.22947805034145333,0.002324886143852352,0.00014415407869640176,-0.02169002931596091,0.02387076138111686,0.0961027191309345,0.192205438261869,0.0,0.0,0.0,0.20838816315866368
2025-03-17,BALANCED,-0.29032456684714647,0.0,0.0,-0.022744172638436477,0.022744172638436477,0.0,0.0,0.0,0.0,0.0,0.213127779517351
2025-03-18,BALANCED,0.3658730050296855,0.0,0.0,-0.022053631067961176,0.022053631067961176,0.0,0.0,0.0,0.0,0.0,0.21782802093716042
2025-03-19,BALANCED,-0.064916251803986,0.0,0.0,-0.01919053398058252,0.01919053398058252,0.0,0.0,0.0,0.0,0.0,0.22200825697487803
2025-03-20,BALANCED,0.11768217376147999,0.0,0.0,-0.008692848387096774,0.008692848387096774,0.0,0.0,0.0,0.0,0.0,0.22393814109344426
2025-03-21,BALANCED,-0.05176304500645859,0.0,0.0,-0.018864134615384626,0.018864134615384626,0.0,0.0,0.0,0.0,0.0,0.22816254033254998
2025-03-22,BALANCED,-0.3513835840219952,0.0,0.0,-0.032113528662420385,0.032113528662420385,0.0,0.0,0.0,0.0,0.0,0.23548964461120997
2025-03-24,BALANCED,0.13399177067021978,0.0,0.0,-0.00762679746835443,0.00762679746835443,0.0,0.0,0.0,0.0,0.0,0.2372856764365544
2025-03-25,WEAK_RISK_ON_MAJORS,0.6802880860428169,0.0,0.00023605761720856339,0.0010177854889589929,-0.0012538431061675562,0.15737174480570892,0.31474348961141785,0.15737174480570892,0.31474348961141785,0.4721152344171268,0.2369881574269621
2025-03-26,WEAK_RISK_ON_MAJORS,0.1423244406392699,0.0009481740256255019,0.00004342860563609437,-0.006315990566037736,0.007220735986027144,0.03878038832743754,0.048076822944751185,0.13333333333333333,0.26666666666666666,0.4,0.23869938634355725
2025-03-27,BALANCED,-0.1797842044412954,-0.0035817497274491473,0.0002,-0.009192721874999999,0.005410972147550852,0.13333333333333333,0.26666666666666666,0.0,0.0,0.0,0.2399909820746997
2025-03-28,BALANCED,-0.1083979222601153,0.0,0.0,-0.05395857763975155,0.05395857763975155,0.0,0.0,0.0,0.0,0.0,0.2529405541138176
2025-03-29,BALANCED,-0.31299772535589165,0.0,0.0,-0.017859177018633536,0.017859177018633536,0.0,0.0,0.0,0.0,0.0,0.25745786424492756
2025-03-30,BALANCED,-0.2758489229319833,0.0,0.0,-0.026002555900621123,0.026002555900621123,0.0,0.0,0.0,0.0,0.0,0.26415242675201084
2025-03-31,BALANCED,0.12611420989890773,0.0,0.0,-0.0259416149068323,0.0259416149068323,0.0,0.0,0.0,0.0,0.0,0.27100496728351675
2025-04-01,BALANCED,0.21348254023546176,0.0,0.0,-0.02015113846153846,0.02015113846153846,0.0,0.0,0.0,0.0,0.0,0.2764660259030116
2025-04-02,BALANCED,0.4738468212416098,0.0,0.0,-0.012291655384615383,0.012291655384615383,0.0,0.0,0.0,0.0,0.0,0.27986425101896556
2025-04-03,BALANCED,0.1276119371162131,0.0,0.0,-0.03258203374233129,0.03258203374233129,0.0,0.0,0.0,0.0,0.0,0.28898279748893774
2025-04-04,WEAK_RISK_ON_MAJORS,0.5238373427022718,0.0,0.00020476746854045433,-0.02699291411042945,0.026788146641888996,0.13651164569363622,0.27302329138727244,0.13651164569363622,0.27302329138727244,0.40953493708090866,0.2967241110450547
2025-04-05,WEAK_RISK_ON_MAJORS,0.585063153216795,0.0018570248803748911,0.00020476746854045433,-0.013674966257668713,0.01532722366950315,0.13651164569363622,0.27302329138727244,0.0,0.0,0.0,0.3012720678631768
2025-04-06,WEAK_RISK_ON_MAJORS,0.8880955754428898,0.0,0.00027761911508857794,-0.029505486238532105,0.029227867123443527,0.18507941005905196,0.3701588201181039,0.18507941005905196,0.3701588201181039,0.5552382301771559,0.3100776078306868
2025-04-07,WEAK_RISK_ON_MAJORS,1.3163386291729366,-0.032649289288847784,0.00009157078945378822,-0.026975642201834862,-0.005765217876466708,0.06894343124623058,0.11419814766134584,0.24217848388972488,0.48435696777944975,0.7265354516691747,0.30828994286292927
2025-04-08,WEAK_RISK_ON_MAJORS,1.138606224930439,0.006910527679967216,0.00036326772583458733,-0.017892128440366972,0.0244393883944996,0.24217848388972488,0.48435696777944975,0.0,0.0,0.0,0.3158243605146745
2025-04-09,WEAK_RISK_ON_MAJORS,0.3243956920501744,0.0,0.0002,-0.031050512195121945,0.030850512195121946,0.13333333333333333,0.26666666666666666,0.13333333333333333,0.26666666666666666,0.4,0.325567703800249
2025-04-10,WEAK_RISK_ON_MAJORS,1.3322729629631074,0.027358890476435277,0.00018152751601064812,0.0011709969512195136,0.026006366009205115,0.14111557523113427,0.22193945679016197,0.24430306172841432,0.48860612345682863,0.732909185185243,0.33403453666605476
2025-04-11,WEAK_RISK_ON_MAJORS,0.3481512022109357,-0.016215957124740648,0.00017831075191593188,-0.04488888109756098,0.028494613220904397,0.1346820470417018,0.22193945679016197,0.13333333333333336,0.26666666666666666,0.4,0.343552721590778
2025-04-12,WEAK_RISK_ON_MAJORS,0.7717546020784274,0.011369653548235235,0.00006347494522218856,-0.029761677811550154,0.0410678564145632,0.054481996556796454,0.07246789388758068,0.16956728027712367,0.33913456055424734,0.508701840831371,0.35766169543190046
2025-04-13,WEAK_RISK_ON_MAJORS,0.9704088405172928,0.012397809807571157,0.00025435092041568554,-0.020923694864048333,0.0330671537512038,0.16956728027712367,0.33913456055424734,0.0,0.0,0.0,0.3694885497056633
2025-04-14,BALANCED,0.0,0.0,0.0,-0.02174742598187311,0.02174742598187311,0.0,0.0,0.0,0.0,0.0,0.37752397459153686
2025-04-15,BALANCED,0.0,0.0,0.0,-0.045435343373493996,0.045435343373493996,0.0,0.0,0.0,0.0,0.0,0.39467690600882954
2025-04-16,BALANCED,0.0,0.0,0.0,-0.03749941441441441,0.03749941441441441,0.0,0.0,0.0,0.0,0.0,0.40947705886705354
2025-04-17,BALANCED,0.0,0.0,0.0,-0.03337026268656716,0.03337026268656716,0.0,0.0,0.0,0.0,0.0,0.42314141588557
2025-04-18,BALANCED,0.0,0.0,0.0,-0.048763925373134356,0.048763925373134356,0.0,0.0,0.0,0.0,0.0,0.4437754523120964
2025-04-19,BALANCED,0.0,0.0,0.0,-0.06332162500000008,0.06332162500000008,0.0,0.0,0.0,0.0,0.0,0.47187603508760845
2025-04-20,BALANCED,0.0,0.0,0.0,-0.04016834821428571,0.04016834821428571,0.0,0.0,0.0,0.0,0.0,0.49083051597898397
2025-04-21,BALANCED,0.0,0.0,0.0,-0.040707741071428605,0.040707741071428605,0.0,0.0,0.0,0.0,0.0,0.5108111175334121
2025-04-22,BALANCED,0.0,0.0,0.0,-0.024682727002967357,0.024682727002967357,0.0,0.0,0.0,0.0,0.0,0.5234193288975699
2025-04-23,BALANCED,0.0,0.0,0.0,0.0026388938053097384,-0.0026388938053097384,0.0,0.0,0.0,0.0,0.0,0.5220380808729628
2025-04-24,BALANCED,0.0,0.0,0.0,0.0095331592920354,-0.0095331592920354,0.0,0.0,0.0,0.0,0.0,0.5170614086914924
2025-04-25,BALANCED,0.0,0.0,0.0,0.004624805309734516,-0.004624805309734516,0.0,0.0,0.0,0.0,0.0,0.5146701003431172
2025-04-26,BALANCED,0.0,0.0,0.0,0.011130929203539827,-0.011130929203539827,0.0,0.0,0.0,0.0,0.0,0.5089413438930193
2025-04-27,BALANCED,0.0,0.0,0.0,0.009929318584070798,-0.009929318584070798,0.0,0.0,0.0,0.0,0.0,0.5038879031489003
2025-04-28,BALANCED,0.0,0.0,0.0,0.0036393008849557535,-0.0036393008849557535,0.0,0.0,0.0,0.0,0.0,0.502054103457052
2025-04-29,BALANCED,0.0,0.0,0.0,0.010148120234604107,-0.010148120234604107,0.0,0.0,0.0,0.0,0.0,0.4969591980508935
2025-04-30,BALANCED,0.0,0.0,0.0,-0.011439017595307917,0.011439017595307917,0.0,0.0,0.0,0.0,0.0,0.5026439230615477
2025-05-01,BALANCED,0.0,0.0,0.0,0.006395843023255816,-0.006395843023255816,0.0,0.0,0.0,0.0,0.0,0.4994290914330526
2025-05-02,BALANCED,0.0,0.0,0.0,0.0012049855491329505,-0.0012049855491329505,0.0,0.0,0.0,0.0,0.0,0.49882728659505915
2025-05-03,BALANCED,0.0,0.0,0.0,0.0012450000000000037,-0.0012450000000000037,0.0,0.0,0.0,0.0,0.0,0.49820624662324825
2025-05-04,BALANCED,0.0,0.0,0.0,-0.02523515273775216,0.02523515273775216,0.0,0.0,0.0,0.0,0.0,0.5107785573516881
2025-05-05,BALANCED,0.0,0.0,0.0,-0.00631278674351585,0.00631278674351585,0.0,0.0,0.0,0.0,0.0,0.51400299345741
2025-05-06,BALANCED,0.0,0.0,0.0,-0.024959412103746397,0.024959412103746397,0.0,0.0,0.0,0.0,0.0,0.5268322059936728
2025-05-07,BALANCED,0.0,0.0,0.0,-0.010316048571428569,0.010316048571428569,0.0,0.0,0.0,0.0,0.0,0.5322670326196964
2025-05-08,BALANCED,0.0,0.0,0.0,-0.010653247863247863,0.010653247863247863,0.0,0.0,0.0,0.0,0.0,0.5379374052476296
2025-05-09,BALANCED,0.0,0.0,0.0,0.01564809401709402,-0.01564809401709402,0.0,0.0,0.0,0.0,0.0,0.5295197101550031
2025-05-10,BALANCED,0.0,0.0,0.0,0.023151434659090916,-0.023151434659090916,0.0,0.0,0.0,0.0,0.0,0.5172605691846488
2025-05-11,BALANCED,0.0,0.0,0.0,0.02330739204545455,-0.02330739204545455,0.0,0.0,0.0,0.0,0.0,0.5052045743090072
2025-05-12,BALANCED,0.0,0.0,0.0,0.015522017045454549,-0.015522017045454549,0.0,0.0,0.0,0.0,0.0,0.4973627802951412
2025-05-13,BALANCED,0.0,0.0,0.0,0.019356722379603404,-0.019356722379603404,0.0,0.0,0.0,0.0,0.0,0.48773546703502046
2025-05-14,BALANCED,0.0,0.0,0.0,0.020676261971830992,-0.020676261971830992,0.0,0.0,0.0,0.0,0.0,0.477650920745651
2025-05-15,BALANCED,0.0,0.0,0.0,0.013447656338028174,-0.013447656338028174,0.0,0.0,0.0,0.0,0.0,0.4712276353139208
2025-05-16,BALANCED,0.0,0.0,0.0,0.006367137640449442,-0.006367137640449442,0.0,0.0,0.0,0.0,0.0,0.4682272640998935
2025-05-17,BALANCED,0.0,0.0,0.0,0.008393773109243701,-0.008393773109243701,0.0,0.0,0.0,0.0,0.0,0.4642970706814771
2025-05-18,BALANCED,0.0,0.0,0.0,0.0025719831932773133,-0.0025719831932773133,0.0,0.0,0.0,0.0,0.0,0.46310290641899643
2025-05-19,BALANCED,0.0,0.0,0.0,0.012044722689075634,-0.012044722689075634,0.0,0.0,0.0,0.0,0.0,0.45752496033467466
2025-05-20,BALANCED,0.0,0.0,0.0,0.010870966386554628,-0.010870966386554628,0.0,0.0,0.0,0.0,0.0,0.4525512218698667
2025-05-21,BALANCED,0.0,0.0,0.0,0.0113877731092437,-0.0113877731092437,0.0,0.0,0.0,0.0,0.0,0.44739767123490165
2025-05-22,BALANCED,0.0,0.0,0.0,0.016573265363128496,-0.016573265363128496,0.0,0.0,0.0,0.0,0.0,0.4399828309066799
2025-05-23,BALANCED,0.0,0.0,0.0,0.01964957381615599,-0.01964957381615599,0.0,0.0,0.0,0.0,0.0,0.4313373557929378
2025-05-24,BALANCED,0.0,0.0,0.0,0.0056005333333333344,-0.0056005333333333344,0.0,0.0,0.0,0.0,0.0,0.4289216365539076
2025-05-26,BALANCED,0.0,0.0,0.0,0.005026233333333335,-0.005026233333333335,0.0,0.0,0.0,0.0,0.0,0.42676577632687246
2025-05-27,BALANCED,0.0,0.0,0.0,0.00016118559556787,-0.00016118559556787,0.0,0.0,0.0,0.0,0.0,0.4266969878310472
2025-05-28,BALANCED,0.0,0.0,0.0,0.009896767313019392,-0.009896767313019392,0.0,0.0,0.0,0.0,0.0,0.42247406702931706
2025-05-29,BALANCED,0.0,0.0,0.0,0.007884768595041322,-0.007884768595041322,0.0,0.0,0.0,0.0,0.0,0.4191429567733849
2025-05-30,BALANCED,0.0,0.0,0.0,-0.006586837912087911,0.006586837912087911,0.0,0.0,0.0,0.0,0.0,0.4219037834916445
2025-05-31,BALANCED,0.0,0.0,0.0,-0.03700672602739726,0.03700672602739726,0.0,0.0,0.0,0.0,0.0,0.43751706121724204
2025-06-01,BALANCED,0.0,0.0,0.0,-0.023728586301369856,0.023728586301369856,0.0,0.0,0.0,0.0,0.0,0.4478987225626571
2025-06-02,BALANCED,0.0,0.0,0.0,-0.000026506849315068768,0.000026506849315068768,0.0,0.0,0.0,0.0,0.0,0.44791059494660446
2025-06-03,BALANCED,0.0,0.0,0.0,0.005535698630136991,-0.005535698630136991,0.0,0.0,0.0,0.0,0.0,0.4454310968797347
2025-06-04,BALANCED,0.0,0.0,0.0,-0.00010686065573770328,0.00010686065573770328,0.0,0.0,0.0,0.0,0.0,0.44547869593883327
2025-06-05,BALANCED,0.0,0.0,0.0,-0.0073556321525885555,0.0073556321525885555,0.0,0.0,0.0,0.0,0.0,0.44875547335797417
2025-06-06,BALANCED,0.0,0.0,0.0,-0.03218408967391305,0.03218408967391305,0.0,0.0,0.0,0.0,0.0,0.46319825975418644
2025-06-07,BALANCED,0.0,0.0,0.0,-0.013163942934782609,0.013163942934782609,0.0,0.0,0.0,0.0,0.0,0.46929577521308113
2025-06-08,BALANCED,0.0,0.0,0.0,0.0014674728260869593,-0.0014674728260869593,0.0,0.0,0.0,0.0,0.0,0.46860709641555853
2025-06-09,BALANCED,0.0,0.0,0.0,-0.004015964673913041,0.004015964673913041,0.0,0.0,0.0,0.0,0.0,0.4704890059607084
2025-06-10,BALANCED,0.0,0.0,0.0,0.013954182065217396,-0.013954182065217396,0.0,0.0,0.0,0.0,0.0,0.46392371671184957
2025-06-11,BALANCED,0.0,0.0,0.0,0.007620543243243244,-0.007620543243243244,0.0,0.0,0.0,0.0,0.0,0.46038836596708077
2025-06-12,BALANCED,0.0,0.0,0.0,-0.00968303225806451,0.00968303225806451,0.0,0.0,0.0,0.0,0.0,0.46484632136597764
2025-06-13,BALANCED,0.0,0.0,0.0,-0.031971620967741934,0.031971620967741934,0.0,0.0,0.0,0.0,0.0,0.4797082117609398
2025-06-14,BALANCED,0.0,0.0,0.0,-0.01179057908847185,0.01179057908847185,0.0,0.0,0.0,0.0,0.0,0.48536424937109657
2025-06-15,BALANCED,0.0,0.0,0.0,-0.015531032171581763,0.015531032171581763,0.0,0.0,0.0,0.0,0.0,0.4929024571430147
2025-06-16,BALANCED,0.0,0.0,0.0,-0.02182297319034855,0.02182297319034855,0.0,0.0,0.0,0.0,0.0,0.5036590542507037
2025-06-17,BALANCED,0.0,0.0,0.0,-0.017585179624664878,0.017585179624664878,0.0,0.0,0.0,0.0,0.0,0.5125159891892911
2025-06-18,BALANCED,0.0,0.0,0.0,-0.009034844919786093,0.009034844919786093,0.0,0.0,0.0,0.0,0.0,0.5171464916705271
2025-06-19,BALANCED,0.0,0.0,0.0,-0.01778855585106383,0.01778855585106383,0.0,0.0,0.0,0.0,0.0,0.5263457809207899
2025-06-20,BALANCED,0.0,0.0,0.0,-0.014744283819628657,0.014744283819628657,0.0,0.0,0.0,0.0,0.0,0.53410637250195
2025-06-21,BALANCED,0.0,0.0,0.0,-0.02659815119363395,0.02659815119363395,0.0,0.0,0.0,0.0,0.0,0.5483126145512403
2025-06-22,BALANCED,0.0,0.0,0.0,-0.015649320954907155,0.015649320954907155,0.0,0.0,0.0,0.0,0.0,0.5568933346399769
2025-06-23,BALANCED,0.0,0.0,0.0,-0.007035907161803712,0.007035907161803712,0.0,0.0,0.0,0.0,0.0,0.5608115844415311
2025-06-24,BALANCED,0.0,0.0,0.0,0.0046639973474801085,-0.0046639973474801085,0.0,0.0,0.0,0.0,0.0,0.5581959606992597
2025-06-25,BALANCED,0.0,0.0,0.0,-0.0017807222222222215,0.0017807222222222215,0.0,0.0,0.0,0.0,0.0,0.5591899526508315
2025-06-26,BALANCED,0.0,0.0,0.0,-0.017614073684210522,0.017614073684210522,0.0,0.0,0.0,0.0,0.0,0.5690395656802935
2025-06-27,BALANCED,0.0,0.0,0.0,-0.03340814960629922,0.03340814960629922,0.0,0.0,0.0,0.0,0.0,0.5880501246224442
2025-06-28,BALANCED,0.3456508341473811,0.0,0.0,0.000714157480314965,-0.000714157480314965,0.0,0.0,0.0,0.0,0.0,0.587630164227145
2025-06-29,WEAK_RISK_ON_MAJORS,0.7874154351303999,0.0,0.00025748308702608006,-0.007300031496062992,0.007042548409036912,0.17165539135072003,0.34331078270144,0.17165539135072003,0.34331078270144,0.51496617405216,0.5917685781053249
2025-06-30,WEAK_RISK_ON_MAJORS,0.9727383713941489,0.008408987045385022,0.00025748308702608006,0.005062566929133863,0.003088937029225079,0.17165539135072003,0.34331078270144,0.0,0.0,0.0,0.5935965139789663
2025-07-01,WEAK_RISK_ON_MAJORS,0.4713278877013547,0.0,0.0002,-0.0155263937007874,0.0153263937007874,0.13333333333333333,0.26666666666666666,0.13333333333333333,0.26666666666666666,0.4,0.602694207851623
2025-07-02,BALANCED,0.00008247552330053164,-0.006689184441968943,0.0002,-0.017979425196850394,0.01109024075488145,0.13333333333333333,0.26666666666666666,0.0,0.0,0.0,0.60937823171827
2025-07-03,WEAK_RISK_ON_MAJORS,0.8754636224059179,0.0,0.0002750927244811836,-0.005675181102362201,0.005400088377881017,0.1833951496541224,0.3667902993082448,0.1833951496541224,0.3667902993082448,0.5501854489623672,0.6126689280251055
2025-07-04,WEAK_RISK_ON_MAJORS,0.14591431532336502,0.003050771752371581,0.00007980935264033457,-0.025133897905759178,0.028104860305490423,0.05949507263909099,0.10012363264157814,0.13333333333333333,0.26666666666666666,0.4,0.6298879026607658
2025-07-05,BALANCED,-0.19793561466866813,-0.006284853565318691,0.0002,-0.0327185859375,0.026233732372181313,0.13333333333333333,0.26666666666666666,0.0,0.0,0.0,0.6464122133236428
2025-07-06,WEAK_RISK_ON_MAJORS,0.5073711214864879,0.0,0.00020147422429729755,-0.011779289062499997,0.011577814838202699,0.13431614953153173,0.2686322990630634,0.13431614953153173,0.2686322990630634,0.4029484485945951,0.6538962542386567
2025-07-07,WEAK_RISK_ON_MAJORS,0.18980099158700997,0.0037166866421852887,2.200042953470318e-6,-0.0033892343749999995,0.007103720974231818,0.0024344535105438924,0.0019656323963967437,0.13333333333333333,0.26666666666666666,0.4,0.6585413507748634
2025-07-08,BALANCED,0.015650669877330957,-0.0025036957792712554,0.0002,-0.006303997402597403,0.0036003016233261474,0.13333333333333333,0.26666666666666666,0.0,0.0,0.0,0.6609122982690856
2025-07-09,BALANCED,0.22900329313276355,0.0,0.0,-0.005376794805194804,0.005376794805194804,0.0,0.0,0.0,0.0,0.0,0.6644658880811082
2025-07-10,WEAK_RISK_ON_MAJORS,0.5645872171506441,0.0,0.00021291744343012882,0.01026200518134715,-0.01047492262477728,0.14194496228675255,0.2838899245735051,0.14194496228675255,0.2838899245735051,0.4258348868602576,0.6575056593166547
2025-07-11,WEAK_RISK_ON_MAJORS,0.3366062661585614,0.014323409974035639,0.00021291744343012882,0.009597763496143958,0.004512729034461552,0.14194496228675255,0.2838899245735051,0.0,0.0,0.0,0.6604728041957758
2025-07-12,BALANCED,-0.23249899720714806,0.0,0.0,0.008328061696658095,-0.008328061696658095,0.0,0.0,0.0,0.0,0.0,0.6549723459334685
2025-07-13,BALANCED,0.0976646856782208,0.0,0.0,0.005886200514138818,-0.005886200514138818,0.0,0.0,0.0,0.0,0.0,0.6511170473740883
2025-07-14,BALANCED,0.08827292835195215,0.0,0.0,0.012781203084832908,-0.012781203084832908,0.0,0.0,0.0,0.0,0.0,0.6427949881596033
2025-07-15,BALANCED,-0.45750177465766606,0.0,0.0,0.014356735218508998,-0.014356735218508998,0.0,0.0,0.0,0.0,0.0,0.6335665507148113
2025-07-16,BALANCED,-0.43151209870737767,0.0,0.0,0.02198337244897959,-0.02198337244897959,0.0,0.0,0.0,0.0,0.0,0.6196386212592322
2025-07-17,WEAK_RISK_ON_ALTS,-0.6375640575617445,0.0,0.0,0.02024463520408163,-0.02024463520408163,0.0,0.0,0.0,0.0,0.0,0.6070942634134789
2025-07-18,WEAK_RISK_ON_ALTS,-0.4943343006397264,0.0,0.0,0.01795558778625955,-0.01795558778625955,0.0,0.0,0.0,0.0,0.0,0.5961935290722237
2025-07-19,WEAK_RISK_ON_ALTS,-0.7398045814380596,0.0,0.0,0.01956759541984733,-0.01956759541984733,0.0,0.0,0.0,0.0,0.0,0.5845274553034074
2025-07-20,WEAK_RISK_ON_ALTS,-0.28946869546923437,0.0,0.0,0.003973557251908399,-0.003973557251908399,0.0,0.0,0.0,0.0,0.0,0.582204801994447
2025-07-21,BALANCED,0.39639107218334607,0.0,0.0,0.017929969465648853,-0.017929969465648853,0.0,0.0,0.0,0.0,0.0,0.5717658876719325
2025-07-22,WEAK_RISK_ON_ALTS,-0.617309227335376,0.0,0.0,0.01697593401015228,-0.01697593401015228,0.0,0.0,0.0,0.0,0.0,0.5620596276935577
2025-07-23,WEAK_RISK_ON_ALTS,-0.6439436683658784,0.0,0.0,0.02667419543147208,-0.02667419543147208,0.0,0.0,0.0,0.0,0.0,0.5470671393403193
2025-07-24,WEAK_RISK_ON_ALTS,-0.3264802450988757,0.0,0.0,0.0033542954545454557,-0.0033542954545454557,0.0,0.0,0.0,0.0,0.0,0.5452321145214988
2025-07-25,WEAK_RISK_ON_ALTS,-0.3650453869127878,0.0,0.0,-0.013789878787878788,0.013789878787878788,0.0,0.0,0.0,0.0,0.0,0.5527507992920091
2025-07-26,WEAK_RISK_ON_ALTS,-0.28449947508426665,0.0,0.0,0.006817439698492463,-0.006817439698492463,0.0,0.0,0.0,0.0,0.0,0.5489824540495423
2025-07-28,BALANCED,-0.13984318312239336,0.0,0.0,0.014544987437185929,-0.014544987437185929,0.0,0.0,0.0,0.0,0.0,0.5409975111521562
2025-07-29,WEAK_RISK_ON_ALTS,-0.8205604732075287,0.0,0.0,-0.0006119849246231154,0.0006119849246231154,0.0,0.0,0.0,0.0,0.0,0.5413285934732399
2025-07-30,BALANCED,0.10140299654026472,0.0,0.0,0.005657857855361596,-0.005657857855361596,0.0,0.0,0.0,0.0,0.0,0.5382658332383256
2025-07-31,WEAK_RISK_ON_ALTS,-0.8183093048975676,0.0,0.0,0.006137432835820895,-0.006137432835820895,0.0,0.0,0.0,0.0,0.0,0.5349622628390082
2025-08-01,WEAK_RISK_ON_ALTS,-0.8944826468136078,0.0,0.0,-0.009454626237623762,0.009454626237623762,0.0,0.0,0.0,0.0,0.0,0.5400201310853845
2025-08-02,WEAK_RISK_ON_ALTS,-0.7388325445151929,0.0,0.0,0.0025273886138613855,-0.0025273886138613855,0.0,0.0,0.0,0.0,0.0,0.5386552903548234
2025-08-03,WEAK_RISK_ON_ALTS,-0.4747110147130732,0.0,0.0,-0.0037320445544554454,0.0037320445544554454,0.0,0.0,0.0,0.0,0.0,0.5406655758979207
2025-08-04,BALANCED,-0.05349906371263853,0.0,0.0,0.0022291188118811877,-0.0022291188118811877,0.0,0.0,0.0,0.0,0.0,0.5394603680917501
2025-08-05,BALANCED,-0.19059365367793224,0.0,0.0,0.006611665841584159,-0.006611665841584159,0.0,0.0,0.0,0.0,0.0,0.5358936364031495
2025-08-06,WEAK_RISK_ON_ALTS,-0.5729865386259455,0.0,0.0,-0.011495379310344828,0.011495379310344828,0.0,0.0,0.0,0.0,0.0,0.5420539370236036
2025-08-07,BALANCED,0.2248277567448076,0.0,0.0,-0.0040053103448275855,0.0040053103448275855,0.0,0.0,0.0,0.0,0.0,0.5442250312650188
2025-08-08,BALANCED,-0.0068464003546537325,0.0,0.0,0.021162762836185817,-0.021162762836185817,0.0,0.0,0.0,0.0,0.0,0.5327077259988414
2025-08-09,BALANCED,-0.18631398890714557,0.0,0.0,0.02019822249388753,-0.02019822249388753,0.0,0.0,0.0,0.0,0.0,0.521947976824904
2025-08-10,BALANCED,0.16265575843211633,0.0,0.0,0.025479755501222494,-0.025479755501222494,0.0,0.0,0.0,0.0,0.0,0.5086488699910477
2025-08-11,BALANCED,-0.43015795634784465,0.0,0.0,0.02008583618581907,-0.02008583618581907,0.0,0.0,0.0,0.0,0.0,0.4984322321123056
2025-08-12,BALANCED,-0.3902723781678699,0.0,0.0,0.006547965770171149,-0.006547965770171149,0.0,0.0,0.0,0.0,0.0,0.4951685149176842
2025-08-13,BALANCED,-0.01892124381876148,0.0,0.0,0.017733315403422982,-0.017733315403422982,0.0,0.0,0.0,0.0,0.0,0.4863875354648044
2025-08-14,BALANCED,0.4235435894384406,0.0,0.0,0.006640299270072994,-0.006640299270072994,0.0,0.0,0.0,0.0,0.0,0.48315777666808485
2025-08-15,WEAK_RISK_ON_ALTS,-0.5200596420413238,0.0,0.0,-0.005627452554744525,0.005627452554744525,0.0,0.0,0.0,0.0,0.0,0.4858767241327404
2025-08-16,WEAK_RISK_ON_ALTS,-0.13736677536596567,0.0,0.0,0.008339279126213593,-0.008339279126213593,0.0,0.0,0.0,0.0,0.0,0.4818248625092672
2025-08-17,WEAK_RISK_ON_ALTS,-0.2846946640600621,0.0,0.0,0.00943174514563107,-0.00943174514563107,0.0,0.0,0.0,0.0,0.0,0.4772804132012511
2025-08-18,WEAK_RISK_ON_ALTS,-0.7895657855547743,0.0,0.0,0.0033893956310679617,-0.0033893956310679617,0.0,0.0,0.0,0.0,0.0,0.47566272105395246
2025-08-19,WEAK_RISK_ON_ALTS,-0.6410858384591696,0.0,0.0,-0.004003336561743341,0.004003336561743341,0.0,0.0,0.0,0.0,0.0,0.47756695901620605
2025-08-20,WEAK_RISK_ON_ALTS,-0.2825786597166794,0.0,0.0,-0.024092476997578695,0.024092476997578695,0.0,0.0,0.0,0.0,0.0,0.4890727299911076
2025-08-21,BALANCED,0.10346981320206862,0.0,0.0,0.0075893421686747,-0.0075893421686747,0.0,0.0,0.0,0.0,0.0,0.48536098969783725
2025-08-22,WEAK_RISK_ON_ALTS,-0.7589615026431745,0.0,0.0,-0.003639874698795179,0.003639874698795179,0.0,0.0,0.0,0.0,0.0,0.48712764288402055
2025-08-23,BALANCED,0.0,0.0,0.0,0.018980300480769235,-0.018980300480769235,0.0,0.0,0.0,0.0,0.0,0.477881813849593
2025-08-24,BALANCED,0.0,0.0,0.0,0.011886208633093526,-0.011886208633093526,0.0,0.0,0.0,0.0,0.0,0.47220161090821555
2025-08-25,BALANCED,0.0,0.0,0.0,0.008992517985611508,-0.008992517985611508,0.0,0.0,0.0,0.0,0.0,0.4679553294292887
2025-08-26,BALANCED,0.0,0.0,0.0,-0.03792652392344498,0.03792652392344498,0.0,0.0,0.0,0.0,0.0,0.48570324842599216
2025-08-27,BALANCED,0.0,0.0,0.0,-0.004195410501193316,0.004195410501193316,0.0,0.0,0.0,0.0,0.0,0.4877409729349022
2025-08-28,BALANCED,0.0,0.0,0.0,-0.015237664285714301,0.015237664285714301,0.0,0.0,0.0,0.0,0.0,0.49517300613887194
2025-08-29,BALANCED,0.0,0.0,0.0,0.006300584323040381,-0.006300584323040381,0.0,0.0,0.0,0.0,0.0,0.4920531268592006
2025-08-30,BALANCED,0.0,0.0,0.0,-0.0009979834123222723,0.0009979834123222723,0.0,0.0,0.0,0.0,0.0,0.49254418771778746
2025-08-31,BALANCED,0.0,0.0,0.0,-0.008814789099526064,0.008814789099526064,0.0,0.0,0.0,0.0,0.0,0.49688586085471714
2025-09-01,BALANCED,0.0,0.0,0.0,-0.00033579383886255914,0.00033579383886255914,0.0,0.0,0.0,0.0,0.0,0.49705271206541013
2025-09-02,BALANCED,0.0,0.0,0.0,0.0004415106382978739,-0.0004415106382978739,0.0,0.0,0.0,0.0,0.0,0.4968332580052384
2025-09-03,BALANCED,0.0,0.0,0.0,0.009605801886792453,-0.009605801886792453,0.0,0.0,0.0,0.0,0.0,0.4920607761580704
2025-09-04,BALANCED,0.0,0.0,0.0,0.012077599531615923,-0.012077599531615923,0.0,0.0,0.0,0.0,0.0,0.48611786315841715
2025-09-05,BALANCED,0.0,0.0,0.0,-0.0009705807962529274,0.0009705807962529274,0.0,0.0,0.0,0.0,0.0,0.4865896798211143
2025-09-06,BALANCED,0.0,0.0,0.0,0.006080950819672132,-0.006080950819672132,0.0,0.0,0.0,0.0,0.0,0.4836307519087621
2025-09-07,BALANCED,0.0,0.0,0.0,0.013476758782201406,-0.013476758782201406,0.0,0.0,0.0,0.0,0.0,0.477112976925633
2025-09-08,BALANCED,0.0,0.0,0.0,0.015669245901639345,-0.015669245901639345,0.0,0.0,0.0,0.0,0.0,0.46963697636732205
2025-09-09,BALANCED,0.0,0.0,0.0,0.012454149532710283,-0.012454149532710283,0.0,0.0,0.0,0.0,0.0,0.4637880472375535
2025-09-10,BALANCED,0.0,0.0,0.0,0.013795030162412996,-0.013795030162412996,0.0,0.0,0.0,0.0,0.0,0.45739007713694485
2025-09-11,BALANCED,0.0,0.0,0.0,0.01952649187935035,-0.01952649187935035,0.0,0.0,0.0,0.0,0.0,0.4484588535100349
2025-09-12,BALANCED,0.0,0.0,0.0,0.017989520833333335,-0.017989520833333335,0.0,0.0,0.0,0.0,0.0,0.4403912936219233
2025-09-13,BALANCED,0.0,0.0,0.0,0.03642407834101383,-0.03642407834101383,0.0,0.0,0.0,0.0,0.0,0.42435044664233795
2025-09-14,BALANCED,0.0,0.0,0.0,0.039112665898617505,-0.039112665898617505,0.0,0.0,0.0,0.0,0.0,0.40775296939888706
2025-09-15,BALANCED,0.0,0.0,0.0,0.016480230414746545,-0.016480230414746545,0.0,0.0,0.0,0.0,0.0,0.4010331065108963
2025-09-16,BALANCED,0.0,0.0,0.0,0.012438179310344829,-0.012438179310344829,0.0,0.0,0.0,0.0,0.0,0.39604498482272915
2025-09-17,BALANCED,0.0,0.0,0.0,0.01246944827586207,-0.01246944827586207,0.0,0.0,0.0,0.0,0.0,0.39110652236956756
2025-09-18,BALANCED,0.0,0.0,0.0,0.018175671232876715,-0.018175671232876715,0.0,0.0,0.0,0.0,0.0,0.38399789880194457
2025-09-19,BALANCED,0.0,0.0,0.0,0.025922514806378135,-0.025922514806378135,0.0,0.0,0.0,0.0,0.0,0.37404370758463307
2025-09-20,BALANCED,0.0,0.0,0.0,0.016210448979591837,-0.016210448979591837,0.0,0.0,0.0,0.0,0.0,0.367980291146695
2025-09-21,BALANCED,0.0,0.0,0.0,0.023532013605442173,-0.023532013605442173,0.0,0.0,0.0,0.0,0.0,0.3593209739288964
2025-09-22,BALANCED,0.0,0.0,0.0,0.02444349659863946,-0.02444349659863946,0.0,0.0,0.0,0.0,0.0,0.3505379129248456
2025-09-23,BALANCED,0.0,0.0,0.0,0.0012018299319727917,-0.0012018299319727917,0.0,0.0,0.0,0.0,0.0,0.3501166259688012
2025-09-24,BALANCED,0.0,0.0,0.0,0.012123678733031678,-0.012123678733031678,0.0,0.0,0.0,0.0,0.0,0.3458719244764625
2025-09-25,BALANCED,0.0,0.0,0.0,0.003648629796839731,-0.003648629796839731,0.0,0.0,0.0,0.0,0.0,0.3446099658669273
2025-09-26,BALANCED,0.0,0.0,0.0,0.0033343378378378383,-0.0033343378378378383,0.0,0.0,0.0,0.0,0.0,0.34346091981844123
2025-09-27,BALANCED,0.0,0.0,0.0,0.018090582589285715,-0.018090582589285715,0.0,0.0,0.0,0.0,0.0,0.3372475116822737
2025-09-29,BALANCED,0.0,0.0,0.0,0.01669193986636971,-0.01669193986636971,0.0,0.0,0.0,0.0,0.0,0.3316181964971903
2025-09-30,BALANCED,0.0,0.0,0.0,0.011361066518847007,-0.011361066518847007,0.0,0.0,0.0,0.0,0.0,0.32785066010792563
2025-10-01,BALANCED,0.0,0.0,0.0,0.013495264900662255,-0.013495264900662255,0.0,0.0,0.0,0.0,0.0,0.3234262286019122
2025-10-02,BALANCED,0.0,0.0,0.0,0.01522294285714286,-0.01522294285714286,0.0,0.0,0.0,0.0,0.0,0.3185027296054041
2025-10-03,BALANCED,0.0,0.0,0.0,0.014885368421052637,-0.014885368421052637,0.0,0.0,0.0,0.0,0.0,0.31376169913211677
2025-10-04,BALANCED,0.0,0.0,0.0,0.028423995623632386,-0.028423995623632386,0.0,0.0,0.0,0.0,0.0,0.304843337969122
2025-10-05,BALANCED,0.0,0.0,0.0,0.0019937855579868578,-0.0019937855579868578,0.0,0.0,0.0,0.0,0.0,0.3042355457244306
2025-10-06,BALANCED,0.0,0.0,0.0,0.013491919037199124,-0.013491919037199124,0.0,0.0,0.0,0.0,0.0,0.3001308243732785
2025-10-07,BALANCED,0.0,0.0,0.0,0.03132822052401747,-0.03132822052401747,0.0,0.0,0.0,0.0,0.0,0.29072825972125727
2025-10-08,BALANCED,0.0,0.0,0.0,0.007722647058823532,-0.007722647058823532,0.0,0.0,0.0,0.0,0.0,0.288483067981404
2025-10-09,BALANCED,0.0,0.0,0.0,0.025289641304347826,-0.025289641304347826,0.0,0.0,0.0,0.0,0.0,0.28118743466977647
2025-10-10,BALANCED,0.0,0.0,0.0,0.010265980477223428,-0.010265980477223428,0.0,0.0,0.0,0.0,0.0,0.278300769955016
2025-10-11,BALANCED,0.0,0.0,0.0,-0.144424464362851,0.144424464362851,0.0,0.0,0.0,0.0,0.0,0.3184942095875382
2025-10-12,BALANCED,0.0,0.0,0.0,-0.05929634482758621,0.05929634482758621,0.0,0.0,0.0,0.0,0.0,0.3373797520648304
2025-10-13,BALANCED,0.0,0.0,0.0,-0.031139075431034495,0.031139075431034495,0.0,0.0,0.0,0.0,0.0,0.3478854456132809
2025-10-14,BALANCED,0.0,0.0,0.0,-0.015777490322580644,0.015777490322580644,0.0,0.0,0.0,0.0,0.0,0.3533742048648111
2025-10-15,BALANCED,0.0,0.0,0.0,-0.02183677516059958,0.02183677516059958,0.0,0.0,0.0,0.0,0.0,0.36109075792399964
2025-10-16,BALANCED,0.0,0.0,0.0,-0.02204505128205128,0.02204505128205128,0.0,0.0,0.0,0.0,0.0,0.369051022199909
2025-10-17,BALANCED,0.0,0.0,0.0,-0.03138986538461539,0.03138986538461539,0.0,0.0,0.0,0.0,0.0,0.38063548410681886
2025-10-18,BALANCED,0.0,0.0,0.0,-0.023178579617834396,0.023178579617834396,0.0,0.0,0.0,0.0,0.0,0.38945807398056165
2025-10-19,BALANCED,0.0,0.0,0.0,-0.016312296610169492,0.016312296610169492,0.0,0.0,0.0,0.0,0.0,0.39581102960055786
2025-10-20,BALANCED,0.0,0.0,0.0,-0.02205599364406779,0.02205599364406779,0.0,0.0,0.0,0.0,0.0,0.40454103515367973
2025-10-21,BALANCED,0.0,0.0,0.0,-0.006689860465116278,0.006689860465116278,0.0,0.0,0.0,0.0,0.0,0.4072473582312715
2025-10-22,BALANCED,0.2240057783352248,0.0,0.0,-0.0205006835443038,0.0205006835443038,0.0,0.0,0.0,0.0,0.0,0.4155962074466245
2025-10-23,BALANCED,0.20801726899601208,0.0,0.0,-0.019359410526315794,0.019359410526315794,0.0,0.0,0.0,0.0,0.0,0.42364190503976357
2025-10-24,WEAK_RISK_ON_MAJORS,0.5292054317130788,0.0,0.00006997047905158393,-0.011195533613445378,0.011125563134393794,0.046646986034389284,0.09329397206877857,0.0466469860343893,0.09329397206877857,0.13994095810316787,0.42835515980065836
2025-10-25,WEAK_RISK_ON_MAJORS,0.7708961422183453,0.0009908449794904317,0.00006997047905158393,-0.003253081761006289,0.004173956261445137,0.046646986034389284,0.09329397206877857,0.0,0.0,0.0,0.4301430955020306
2025-10-26,WEAK_RISK_ON_MAJORS,0.055315549592214776,0.0,0.00007090671463040059,-0.008811679245283015,0.008740772530652615,0.04727114308693372,0.09454228617386745,0.04727114308693372,0.09454228617386745,0.14181342926080118,0.4339028784554446
2025-10-27,WEAK_RISK_ON_MAJORS,0.2675089601354673,0.0016008039503895032,0.00007090671463040059,0.007934339622641513,-0.00640444238688241,0.04727114308693372,0.09454228617386745,0.0,0.0,0.0,0.4311239724688743
2025-10-28,BALANCED,0.0544637938407404,0.0,0.0,-0.006840444676409184,0.006840444676409184,0.0,0.0,0.0,0.0,0.0,0.4340730521512214
2025-10-29,BALANCED,-0.08160513055397017,0.0,0.0,-0.024003175365344468,0.024003175365344468,0.0,0.0,0.0,0.0,0.0,0.44449218374337746
2025-10-30,BALANCED,0.31456122353922367,0.0,0.0,-0.008991124740124739,0.008991124740124739,0.0,0.0,0.0,0.0,0.0,0.44848866841342455
2025-10-31,BALANCED,-0.15409201998326105,0.0,0.0,-0.03794351975051975,0.03794351975051975,0.0,0.0,0.0,0.0,0.0,0.46550590706125367
2025-11-01,BALANCED,0.40802506074309003,0.0,0.0,-0.0055494149377593345,0.0055494149377593345,0.0,0.0,0.0,0.0,0.0,0.46808919249551456
2025-11-02,WEAK_RISK_ON_MAJORS,0.5617415354165329,0.0,0.0002123483070833066,-0.005766336099585061,0.005553987792501754,0.14156553805553773,0.28313107611107546,0.14156553805553773,0.28313107611107546,0.4246966141666132,0.47068895415643663
2025-11-03,BALANCED,-0.013230691422351861,0.0011391136815125027,0.0002123483070833066,-0.010774002074688796,0.011700767449117992,0.14156553805553773,0.28313107611107546,0.0,0.0,0.0,0.4761963761498897
2025-11-04,BALANCED,0.21135771650914026,0.0,0.0,-0.035163871369294594,0.035163871369294594,0.0,0.0,0.0,0.0,0.0,0.4929412842673486
2025-11-05,BALANCED,-0.013662199620901316,0.0,0.0,0.028669826086956528,-0.028669826086956528,0.0,0.0,0.0,0.0,0.0,0.47880874337632273
2025-11-06,BALANCED,0.40650334379307934,0.0,0.0,-0.01437195247933884,0.01437195247933884,0.0,0.0,0.0,0.0,0.0,0.4856901598828192
2025-11-07,BALANCED,-0.26539851197742365,0.0,0.0,-0.039801498973305954,0.039801498973305954,0.0,0.0,0.0,0.0,0.0,0.50502135628274
2025-11-08,WEAK_RISK_ON_MAJORS,1.21059168141262,0.0,0.0002853748820302632,0.01828015195071869,-0.018565526832748952,0.19024992135350877,0.38049984270701753,0.19024992135350877,0.38049984270701753,0.5707497640605264,0.49564536874156156
2025-11-09,BALANCED,-0.12006585180993778,-0.005430293145887992,0.0002853748820302632,-0.026350047227926093,0.020634379200007838,0.19024992135350877,0.38049984270701753,0.0,0.0,0.0,0.5058727032289027
2025-11-10,BALANCED,0.01139278018354764,0.0,0.0,-0.010506622176591374,0.010506622176591374,0.0,0.0,0.0,0.0,0.0,0.5111877165911797
2025-11-11,BALANCED,0.40297361150281513,0.0,0.0,0.0002503463114754123,-0.0002503463114754123,0.0,0.0,0.0,0.0,0.0,0.5110597426318596
2025-11-12,BALANCED,-0.1286583785505253,0.0,0.0,-0.034712515337423325,0.034712515337423325,0.0,0.0,0.0,0.0,0.0,0.5287999117863076
2025-11-13,BALANCED,-0.33055545110141465,0.0,0.0,-0.03211557433808555,0.03211557433808555,0.0,0.0,0.0,0.0,0.0,0.5457826246632539
2025-11-14,BALANCED,-0.02095129842391255,0.0,0.0,-0.028625608961303457,0.028625608961303457,0.0,0.0,0.0,0.0,0.0,0.5614059846547381
2025-11-15,BALANCED,-0.46265994729596965,0.0,0.0,-0.007391189024390241,0.007391189024390241,0.0,0.0,0.0,0.0,0.0,0.5655554424067453
2025-11-16,BALANCED,-0.120121883433265,0.0,0.0,-0.008928493902439025,0.008928493902439025,0.0,0.0,0.0,0.0,0.0,0.570605000725765
2025-11-17,WEAK_RISK_ON_ALTS,-0.5157036920690261,0.0,0.0,-0.016300542682926827,0.016300542682926827,0.0,0.0,0.0,0.0,0.0,0.5799061718951869
2025-11-18,WEAK_RISK_ON_ALTS,-0.328147863602507,0.0,0.0,-0.015399658536585367,0.015399658536585367,0.0,0.0,0.0,0.0,0.0,0.5888365289256312
2025-11-19,BALANCED,0.06897574120402333,0.0,0.0,-0.0033952439024390216,0.0033952439024390216,0.0,0.0,0.0,0.0,0.0,0.5908357725599993
2025-11-20,BALANCED,-0.1888104193813201,0.0,0.0,-0.009241140243902435,0.009241140243902435,0.0,0.0,0.0,0.0,0.0,0.5962957687953407
2025-11-21,BALANCED,-0.4590875654519687,0.0,0.0,-0.019103896341463412,0.019103896341463412,0.0,0.0,0.0,0.0,0.0,0.6076873413512601
2025-11-22,WEAK_RISK_ON_ALTS,-0.5885485995885547,0.0,0.0,-0.0339141967545639,0.0339141967545639,0.0,0.0,0.0,0.0,0.0,0.6282965694111047
2025-11-23,WEAK_RISK_ON_ALTS,-0.05061419843170967,0.0,0.0,-0.031122572008113594,0.031122572008113594,0.0,0.0,0.0,0.0,0.0,0.6478507746350526
2025-11-24,BALANCED,-0.016837716387658727,0.0,0.0,-0.02683164705882353,0.02683164705882353,0.0,0.0,0.0,0.0,0.0,0.6652336779668457
2025-11-25,WEAK_RISK_ON_MAJORS,1.3655871426684258,0.0,0.0002751274885602553,-0.014270324543610541,0.013995197055050286,0.1834183257068369,0.3668366514136737,0.18341832570683692,0.3668366514136737,0.5502549771205106,0.6745437543776476
2025-11-26,BALANCED,-0.29357823921995135,-0.00041373424866743475,0.0002751274885602553,-0.02098195740365111,0.02029309566642342,0.1834183257068369,0.3668366514136737,0.0,0.0,0.0,0.6882323353164216
2025-11-27,BALANCED,0.08199156268615856,0.0,0.0,-0.027761678137651832,0.027761678137651832,0.0,0.0,0.0,0.0,0.0,0.7073388198934005
2025-11-28,WEAK_RISK_ON_MAJORS,0.6369216715201086,0.0,0.00021897079990088427,-0.024867091093117417,0.024648120293216533,0.14598053326725619,0.29196106653451237,0.1459805332672562,0.29196106653451237,0.4379415998017686,0.7247733922141949
2025-11-29,BALANCED,-0.06288866458189407,-0.0006812602937013284,0.00021897079990088427,-0.04195179352226722,0.041051562428665006,0.14598053326725619,0.29196106653451237,0.0,0.0,0.0,0.7545264723713112
