funding_return,apr_simple,pos_frac,neg_frac,zero_frac,stdev,top10_share,max_drawdown,n_prints,window_days,symbol,rank_apr,quality_score,rank_quality
-0.0009999599999999998,-0.052140771428571424,0.18181818181818182,0.8181818181818182,0.0,5.508517645691313e-05,1.0000000000000002,0.0010946699999999998,22,7,BTCUSDT,63,-0.6445822711381177,73
0.00172287,0.020961585,0.7252747252747253,0.27472527472527475,0.0,5.374722510261466e-05,0.3064955568286281,0.0010946700000000003,91,30,BTCUSDT,34,-0.20694349291691944,37
0.046185840000000006,0.046185840000000006,0.8529680365296803,0.14703196347031963,0.0,4.2345388914601934e-05,0.01969152439376196,0.001094670000000006,1095,365,BTCUSDT,25,-0.06924752796305689,4
0.00069865,0.03642960714285714,0.8181818181818182,0.18181818181818182,0.0,4.5222858197071054e-05,0.7855396517487173,7.901999999999999e-05,22,7,BCHUSDT,31,-0.3550361008110758,32
-0.00265051,-0.03224787166666667,0.46153846153846156,0.5384615384615384,0.0,9.281363191338343e-05,0.4874657350174684,0.00352064,91,30,BCHUSDT,65,-0.3653860986308419,74
-0.035424739999999996,-0.035424739999999996,0.4968036529680365,0.5031963470319635,0.0,0.00013795902582256433,0.027798217409603535,0.03788143000000014,1095,365,BCHUSDT,73,-0.2234437626776294,66
-0.001073,-0.055949285714285715,0.2727272727272727,0.7272727272727273,0.0,8.59091534535607e-05,1.0,0.00112803,22,7,ETHUSDT,66,-0.6392754654770201,70
8.581999999999993e-05,0.0010441433333333325,0.6373626373626373,0.3626373626373626,0.0,7.474911117399174e-05,0.35704484725933416,0.00204056,91,30,ETHUSDT,49,-0.2588330713462026,54
0.04314394,0.04314394,0.8200913242009132,0.17990867579908676,0.0,4.6793577770262525e-05,0.020256483543328922,0.002040559999999997,1095,365,ETHUSDT,29,-0.0818568824063653,9
-0.00235846,-0.12297684285714286,0.13636363636363635,0.8636363636363636,0.0,0.00011861179119608558,1.0,0.0023799899999999994,22,7,XRPUSDT,79,-0.7111035306363516,85
-0.00242668,-0.029524606666666668,0.4065934065934066,0.5934065934065934,0.0,9.669686604554997e-05,0.42760969840331176,0.00337698,91,30,XRPUSDT,63,-0.3648472956391673,73
0.02586282,0.02586282,0.6648401826484018,0.33515981735159817,0.0,8.013146051193669e-05,0.03972608446659167,0.00609155,1095,365,XRPUSDT,42,-0.15125325314033417,46
-0.00028683,-0.014956135714285716,0.45454545454545453,0.5454545454545454,0.0,3.4524687205721246e-05,1.0000000000000002,0.00028816000000000003,22,7,LTCUSDT,46,-0.5377647497901263,51
0.00111939,0.013619245,0.5824175824175825,0.4175824175824176,0.0,5.0864573544648935e-05,0.3766204293540579,0.0004690100000000002,91,30,LTCUSDT,39,-0.27647769466735894,59
0.04907102,0.04907102,0.7863013698630137,0.2136986301369863,0.0,5.775605927983912e-05,0.025175163346907437,0.0006654999999999994,1095,365,LTCUSDT,21,-0.09837460975685305,15
-0.00470868,-0.24552402857142858,0.36363636363636365,0.6363636363636364,0.0,0.00040059311931762894,0.9999999999999998,0.00458587,22,7,TRXUSDT,87,-0.8628768101900385,91
-0.01441168,-0.17534210666666666,0.2967032967032967,0.7032967032967034,0.0,0.00029248467242828707,0.6184012179482373,0.014664779999999995,91,30,TRXUSDT,85,-0.5214475037175301,86
-0.022066099999999998,-0.022066099999999998,0.5643835616438356,0.434703196347032,0.0009132420091324201,0.00017478205635406525,0.0246530350338696,0.030718070000000024,1095,365,TRXUSDT,67,-0.21244432259797713,63
-0.00073939,-0.03855390714285714,0.2727272727272727,0.7272727272727273,0.0,7.099852778854288e-05,1.0,0.00080415,22,7,ETCUSDT,54,-0.6271749811208881,67
0.0006707300000000001,0.008160548333333335,0.5604395604395604,0.43956043956043955,0.0,7.014292017099602e-05,0.3491961504616373,0.0008041499999999999,91,30,ETCUSDT,43,-0.28024092228478004,60
0.03756809,0.03756809,0.7251141552511415,0.27488584474885847,0.0,8.577141660271983e-05,0.016522128334310063,0.005780389999999955,1095,365,ETCUSDT,34,-0.1255451205726353,29
0.0004061799999999999,0.02117938571428571,0.6363636363636364,0.36363636363636365,0.0,4.419609723430115e-05,0.9020261845386534,9.451e-05,22,7,LINKUSDT,38,-0.4528078857293987,42
0.00299082,0.03638831,0.7032967032967034,0.2967032967032967,0.0,5.792221132111567e-05,0.24247891039676822,0.00019433999999999988,91,30,LINKUSDT,27,-0.1941088577479673,32
0.04940609,0.04940609,0.7817351598173516,0.2182648401826484,0.0,6.72458783406175e-05,0.015722523867577356,0.00115657,1095,365,LINKUSDT,20,-0.10005098415272784,17
-0.00202889,-0.10579212142857145,0.2727272727272727,0.7272727272727273,0.0,0.00011868477860327093,1.0,0.0022924200000000003,22,7,XLMUSDT,75,-0.6659900637048661,79
-0.0025174200000000002,-0.030628610000000004,0.4835164835164835,0.5164835164835165,0.0,0.00010633997018560327,0.37885389120831653,0.00352426,91,30,XLMUSDT,64,-0.32613837927591144,68
-0.02408797,-0.02408797,0.5114155251141552,0.4885844748858447,0.0,0.00011826407204920274,0.026094099497845153,0.027113100000000015,1095,365,XLMUSDT,68,-0.21111346441147724,62
-0.00121015,-0.06310067857142856,0.3181818181818182,0.6818181818181818,0.0,0.00010113215568059105,0.9999999999999998,0.0012816899999999996,22,7,ADAUSDT,68,-0.636523369955062,68
-0.00019003999999999983,-0.0023121533333333314,0.4945054945054945,0.5054945054945055,0.0,9.053906629656817e-05,0.3235293166090245,0.0021134200000000004,91,30,ADAUSDT,52,-0.29945898541652793,66
0.03514502,0.03514502,0.7242009132420091,0.27579908675799086,0.0,8.236908120362615e-05,0.016915819300121798,0.00477565,1095,365,ADAUSDT,36,-0.12482028705397127,28
0.00223027,0.11629265,1.0,0.0,0.0,5.399577979376895e-06,0.4619485533141727,0.0,22,7,XMRUSDT,4,-0.15559904509589623,9
0.014638469999999999,0.17810138499999997,0.978021978021978,0.02197802197802198,0.0,0.0001701684595139648,0.34858851676252084,0.00016262,91,30,XMRUSDT,1,-0.16910614102797428,28
0.18982181,0.18982181,0.9424657534246575,0.057534246575342465,0.0,0.0004232034626767321,0.11573500130799232,0.009188570000000014,1095,365,XMRUSDT,2,-0.20210010840649995,61
-0.00011102000000000003,-0.005788900000000001,0.6818181818181818,0.3181818181818182,0.0,0.00012988155144191447,0.8032761195405689,0.00060154,22,7,DASHUSDT,44,-0.4740270899149833,45
-0.08153898,-0.99205759,0.45054945054945056,0.5494505494505495,0.0,0.002382327082739017,0.3218217686680762,0.08243950999999995,91,30,DASHUSDT,96,-0.9574404408791465,97
-0.24293527999999998,-0.24293527999999998,0.7242009132420091,0.27579908675799086,0.0,0.0013484011548656003,0.01428266391677777,0.29674198000000024,1095,365,DASHUSDT,90,-0.5659491694489575,94
0.0012116300000000004,0.06317785000000002,0.9090909090909091,0.09090909090909091,0.0,6.0868083565205395e-05,0.7286186846975503,0.0001598699999999999,22,7,ZECUSDT,22,-0.3184988125347086,25
-0.00627548,-0.07635167333333334,0.5714285714285714,0.42857142857142855,0.0,0.00021232854164775181,0.2781122850539677,0.009288320000000001,91,30,ZECUSDT,75,-0.29461027985386656,63
-0.19968786,-0.19968785999999997,0.6639269406392694,0.3360730593607306,0.0,0.0010727282673282565,0.017104482926791505,0.20621351000000443,1095,365,ZECUSDT,88,-0.49070074179148443,91
0.0004164200000000001,0.021713328571428575,0.6976744186046512,0.3023255813953488,0.0,5.3408982487817456e-05,0.42369290738073057,0.00027839,43,7,XTZUSDT,37,-0.282089097714292,19
0.0029887200000000003,0.03636276,0.7348066298342542,0.26519337016574585,0.0,5.4659198473283774e-05,0.08342677131720859,0.00090327,181,30,XTZUSDT,28,-0.13029171349400712,19
-0.16063370999999999,-0.16063370999999999,0.5316239316239316,0.4683760683760684,0.0,0.00038007181360679473,0.02079778212451424,0.1650474100000021,1755,365,XTZUSDT,84,-0.294889774516118,75
1.73e-05,0.0009020714285714285,0.045454545454545456,0.0,0.9545454545454546,3.6035708873970912e-06,1.0,0.0,22,7,BNBUSDT,41,-0.33287335989916106,29
0.00129095,0.015706558333333332,0.26373626373626374,0.0,0.7362637362637363,3.08581685856098e-05,0.6852782834346799,0.0,91,30,BNBUSDT,38,-0.23479787632220012,47
-0.014836850000000006,-0.014836850000000006,0.19817351598173516,0.16164383561643836,0.6401826484018265,9.202608172212285e-05,0.1540576930684221,0.02340412,1095,365,BNBUSDT,65,-0.1362559373042868,36
0.0018534499999999998,0.09664417857142857,0.9767441860465116,0.023255813953488372,0.0,1.9910208306494545e-05,0.2605523710265764,6.555e-05,43,7,ONTUSDT,15,-0.10861579540659608,2
-0.019987439999999995,-0.24318051999999993,0.6298342541436464,0.3701657458563536,0.0,0.0006153962761252605,0.09715510423771134,0.022509500000000005,181,30,ONTUSDT,86,-0.332405169789935,70
-0.16221395,-0.16221395,0.6171003717472119,0.3828996282527881,0.0,0.0008646596888384163,0.01421433396179642,0.18154253000000017,1345,365,ONTUSDT,85,-0.4326410197394572,85
-0.0008513100000000001,-0.04438973571428572,0.36363636363636365,0.6363636363636364,0.0,0.00010284139967838787,1.0000000000000002,0.0009831999999999998,22,7,ATOMUSDT,56,-0.6227034299028806,62
-0.006103740000000001,-0.07426217000000002,0.2857142857142857,0.7142857142857143,0.0,9.914228642811024e-05,0.6482633906967663,0.006182770000000002,91,30,ATOMUSDT,74,-0.47869891290302014,83
-0.09551063,-0.09551063000000001,0.354337899543379,0.645662100456621,0.0,0.00023756480178123825,0.03747186331463362,0.09537998999999994,1095,365,ATOMUSDT,80,-0.3088062661938931,78
-0.00086415,-0.04505925000000001,0.5909090909090909,0.4090909090909091,0.0,0.0001930441316354483,0.8789084551927594,0.0016132199999999998,22,7,IOTAUSDT,57,-0.5799001834231489,55
-0.00317066,-0.03857636333333333,0.6153846153846154,0.38461538461538464,0.0,0.00021898037397803918,0.208868995277472,0.005080730000000001,91,30,IOTAUSDT,68,-0.2587765132604872,53
0.047459190000000005,0.047459190000000005,0.7908675799086758,0.2091324200913242,0.0,0.0001066625221502382,0.013535992406849695,0.005080729999999978,1095,365,IOTAUSDT,22,-0.11000978228823906,20
-0.0006655100000000001,-0.03470159285714287,0.45454545454545453,0.5454545454545454,0.0,0.0001433776576507991,1.0000000000000002,0.0008715999999999999,22,7,BATUSDT,51,-0.6250301992841176,63
-0.00040312999999999997,-0.004904748333333333,0.6263736263736264,0.37362637362637363,0.0,0.00013292097738344926,0.24196963281108222,0.00206735,91,30,BATUSDT,54,-0.24115802718716267,50
-0.0027160499999999907,-0.0027160499999999907,0.6831050228310502,0.31689497716894977,0.0,0.0001806650206789038,0.015620982478568787,0.021226389999999998,1095,365,BATUSDT,58,-0.17243447445043755,53
-0.00036632000000000006,-0.019100971428571433,0.5909090909090909,0.4090909090909091,0.0,0.00010708474392270701,0.8931079982406802,0.0007121,22,7,VETUSDT,47,-0.515570296452875,48
0.0002930000000000001,0.0035648333333333343,0.6593406593406593,0.34065934065934067,0.0,9.824853475940127e-05,0.26545548178842665,0.0014958600000000001,91,30,VETUSDT,46,-0.2280420737099184,44
0.05624872,0.05624872,0.8191780821917808,0.18082191780821918,0.0,0.00010109381232789964,0.012875970284835775,0.002991529999999999,1095,365,VETUSDT,14,-0.09842969436629037,16
-0.00105163,-0.054834992857142856,0.45454545454545453,0.5454545454545454,0.0,0.00011848004351694365,1.0,0.00118133,22,7,NEOUSDT,64,-0.605316731399274,58
-0.00037913,-0.004612748333333333,0.6263736263736264,0.37362637362637363,0.0,0.00010968228250693202,0.27191720664891955,0.0025362600000000003,91,30,NEOUSDT,53,-0.2444008236813678,51
0.033717460000000005,0.033717460000000005,0.7616438356164383,0.23835616438356164,0.0,0.0001231081868236628,0.01710786797678683,0.01062526,1095,365,NEOUSDT,37,-0.12667515133694535,30
0.0011312300000000002,0.05898556428571429,0.7727272727272727,0.22727272727272727,0.0,6.461047343168222e-05,0.706219676692632,0.00011642,22,7,QTUMUSDT,26,-0.35914248020645717,33
0.004263390000000001,0.05187124500000001,0.8131868131868132,0.18681318681318682,0.0,9.845879960464179e-05,0.15827643295568575,0.0007748900000000003,91,30,QTUMUSDT,21,-0.14148074445411518,22
-0.026055039999999995,-0.026055039999999995,0.754337899543379,0.245662100456621,0.0,0.0004714556734506671,0.01367960985752686,0.04035649000000006,1095,365,QTUMUSDT,69,-0.2494026436544164,71
-0.00017227000000000003,-0.008982650000000002,0.5909090909090909,0.4090909090909091,0.0,0.00013948972342327757,0.8761926268842093,0.0009701500000000001,22,7,IOSTUSDT,45,-0.5358067430112962,49
-0.00277873,-0.033807881666666664,0.5604395604395604,0.43956043956043955,0.0,0.0001592917582994114,0.23120211226249762,0.00438054,91,30,IOSTUSDT,67,-0.2671835267083824,56
-0.27587543000000003,-0.27587543000000003,0.5278538812785388,0.47214611872146117,0.0,0.001294771044624748,0.020860038528491158,0.2806637300000024,1095,365,IOSTUSDT,92,-0.6146380481130153,97
-0.0013231699999999998,-0.06899386428571427,0.36363636363636365,0.6363636363636364,0.0,0.00012799793100810408,1.0,0.0018966599999999997,22,7,THETAUSDT,70,-0.6430713726225126,71
0.0017345300000000002,0.021103448333333337,0.6703296703296703,0.32967032967032966,0.0,0.00010655944910665491,0.19888188603670162,0.0022744,91,30,THETAUSDT,33,-0.20464462862714944,36
0.061599310000000004,0.06159931000000001,0.8301369863013699,0.16986301369863013,0.0,6.9851707526407e-05,0.013342628697992935,0.0022744000000000167,1095,365,THETAUSDT,11,-0.08407510871696937,10
-0.00180861,-0.09430609285714286,0.4090909090909091,0.5909090909090909,0.0,0.0001522306724402529,1.0000000000000002,0.00206213,22,7,ALGOUSDT,72,-0.647707486473337,75
0.00030773999999999987,0.0037441699999999985,0.6703296703296703,0.32967032967032966,0.0,0.00011895657532180894,0.2277126266651486,0.0026102200000000008,91,30,ALGOUSDT,45,-0.21787299126145443,41
0.016492480000000004,0.016492480000000004,0.673972602739726,0.32602739726027397,0.0,0.0001412779071060356,0.017070436547394954,0.008080010000000006,1095,365,ALGOUSDT,51,-0.16207006922600922,51
-0.09472190999999999,-4.939071021428571,0.0,1.0,0.0,0.0005330406268720174,0.0,0.09350678000000005,166,7,ZILUSDT,98,-0.8057527874662715,90
-0.31203015,-3.796366825,0.1986062717770035,0.8013937282229965,0.0,0.0019076285399419488,0.1792885829030407,0.3171705599999999,287,30,ZILUSDT,98,-0.9064084954313806,96
-0.25777482,-0.25777482,0.7151702786377709,0.2848297213622291,0.0,0.001032170718684797,0.011797633772189576,0.3212577,1292,365,ZILUSDT,91,-0.458549659115976,88
-0.0007761899999999998,-0.04047276428571428,0.45454545454545453,0.5454545454545454,0.0,0.00013089908667975893,1.0000000000000002,0.00119129,22,7,KNCUSDT,55,-0.6151067028650381,60
0.0045573700000000016,0.055448001666666684,0.8351648351648352,0.16483516483516483,0.0,0.00012364107970787685,0.1407202060143816,0.0011912900000000002,91,30,KNCUSDT,19,-0.1355907465285775,21
-0.027696049999999986,-0.02769604999999999,0.8228310502283105,0.1771689497716895,0.0,0.0009422217468025197,0.012537532671242949,0.08588662999999991,1095,365,KNCUSDT,71,-0.38975951852331137,84
-0.008896049999999999,-0.46386546428571424,0.023255813953488372,0.9767441860465116,0.0,0.00012626620119620833,1.0,0.00855346,43,7,ZRXUSDT,91,-0.7579605149609725,87
-0.055324029999999996,-0.6731090316666667,0.016574585635359115,0.9834254143646409,0.0,0.00030525184012529874,1.0,0.05512633999999996,181,30,ZRXUSDT,92,-0.7484415551727941,93
-0.2879148899999999,-0.2879148899999999,0.43340691685062543,0.5665930831493745,0.0,0.0007787355293684454,0.020287049579317592,0.29097711000000004,1359,365,ZRXUSDT,93,-0.46671170487422803,90
-0.0005404699999999999,-0.028181649999999996,0.4090909090909091,0.5909090909090909,0.0,5.535245788961397e-05,1.0,0.0005803499999999999,22,7,COMPUSDT,50,-0.5695564697573122,52
-0.00190209,-0.023142095,0.45054945054945056,0.5494505494505495,0.0,6.838911648707256e-05,0.5269415085669271,0.0019238699999999996,91,30,COMPUSDT,61,-0.37497276594785167,76
-0.08111773,-0.08111773,0.6356164383561644,0.3643835616438356,0.0,0.0006855796400666135,0.018997595664292728,0.08083400999999893,1095,365,COMPUSDT,78,-0.3651710495846152,82
-0.00068932,-0.03594311428571429,0.36363636363636365,0.6363636363636364,0.0,5.001051500178538e-05,1.0000000000000002,0.00071215,22,7,DOGEUSDT,53,-0.5803612358565575,56
-0.0009370100000000001,-0.011400288333333333,0.46153846153846156,0.5384615384615384,0.0,6.531778197009275e-05,0.49674904684095866,0.0019611100000000003,91,30,DOGEUSDT,58,-0.3603882872120272,72
0.040137210000000006,0.040137210000000006,0.7333333333333333,0.26666666666666666,0.0,6.0799110145605986e-05,0.025569318254859478,0.001961110000000002,1095,365,DOGEUSDT,31,-0.11712917867313893,24
8.180000000000101e-06,0.0004265285714285767,0.5909090909090909,0.4090909090909091,0.0,0.00010716692152628762,0.8902886788674098,0.00045981,22,7,BANDUSDT,42,-0.5145103772854221,47
0.00051355,0.0062481916666666665,0.6593406593406593,0.34065934065934067,0.0,0.00014574339979189663,0.19538920552795133,0.00241759,91,30,BANDUSDT,44,-0.21845792615357587,42
0.01999226,0.01999226,0.7433789954337899,0.25662100456621006,0.0,0.00024231184128213154,0.014494499265056414,0.016546989999999977,1095,365,BANDUSDT,49,-0.1733320078562611,54
0.0020085100000000002,0.10472945,1.0,0.0,0.0,2.225341662411148e-05,0.4978815141572608,0.0,22,7,RLCUSDT,11,-0.18105339839495205,11
0.008143309999999999,0.09907693833333332,0.967032967032967,0.03296703296703297,0.0,3.311430260003056e-05,0.11989171380409212,0.0001425100000000002,91,30,RLCUSDT,10,-0.058910078425443706,6
-0.04763089999999999,-0.0476309,0.6904109589041096,0.3095890410958904,0.0,0.00042858624958740706,0.01475140562456345,0.06360131999999992,1095,365,RLCUSDT,75,-0.25619554955471496,73
0.0018400799999999998,0.09594702857142855,0.9767441860465116,0.023255813953488372,0.0,3.391420386340331e-05,0.2488230668935933,0.00016938,43,7,KAVAUSDT,16,-0.11595344280877175,3
0.005579350000000002,0.06788209166666669,0.8895027624309392,0.11049723756906077,0.0,5.99738690851876e-05,0.06475736064539775,0.0007519599999999994,181,30,KAVAUSDT,14,-0.07428376348196289,9
-0.35495573,-0.35495573,0.5686735653809972,0.43132643461900283,0.0,0.0008659740943414275,0.012275243362837288,0.4251120299999959,2126,365,KAVAUSDT,94,-0.45036538267111226,86
-0.0020404999999999998,-0.10639749999999999,0.5,0.5,0.0,0.00020012964255020476,0.9977717787204868,0.0022405,22,7,SNXUSDT,76,-0.6554059352957846,76
-0.0006914999999999995,-0.008413249999999994,0.6923076923076923,0.3076923076923077,0.0,0.00016168134255584515,0.1811312005738236,0.00274131,91,30,SNXUSDT,55,-0.20757216247600868,38
0.052620560000000004,0.052620560000000004,0.8118721461187215,0.18812785388127853,0.0,0.00011348484897596765,0.012715908173340717,0.002741309999999969,1095,365,SNXUSDT,15,-0.1051228634438839,19
-0.0010689599999999999,-0.05573862857142857,0.45454545454545453,0.5454545454545454,0.0,0.00013205710479351833,1.0000000000000002,0.0013149300000000002,22,7,DOTUSDT,65,-0.6161856230039002,61
-0.0018344999999999998,-0.02231975,0.4945054945054945,0.5054945054945055,0.0,0.00010831745410275084,0.3267546725918182,0.0028461099999999994,91,30,DOTUSDT,60,-0.30580094530124935,67
0.0033118900000000066,0.0033118900000000066,0.6356164383561644,0.3643835616438356,0.0,0.0001520496102786841,0.01897418353613889,0.027734800000000004,1095,365,DOTUSDT,56,-0.17922460916240174,55
-0.00045854000000000007,-0.023909585714285718,0.5454545454545454,0.45454545454545453,0.0,0.00013466489652540616,0.9622887015798441,0.00104976,22,7,YFIUSDT,48,-0.5755084929460375,54
0.0018752800000000002,0.02281590666666667,0.6813186813186813,0.31868131868131866,0.0,0.00010268910632266768,0.20729770853112986,0.0014122499999999994,91,30,YFIUSDT,32,-0.20267298000695846,34
0.05194966000000001,0.05194966000000001,0.7926940639269406,0.20730593607305936,0.0,8.27750400345509e-05,0.013978555498010501,0.001412249999999983,1095,365,YFIUSDT,17,-0.10122104076983407,18
0.0014816800000000004,0.07725902857142859,0.8636363636363636,0.13636363636363635,0.0,7.705612540745816e-05,0.5442058404170793,0.00026702000000000003,22,7,CRVUSDT,18,-0.2854500568790122,21
0.004538320000000001,0.05521622666666667,0.7802197802197802,0.21978021978021978,0.0,8.218006249029816e-05,0.15584917540201287,0.00028718000000000005,91,30,CRVUSDT,20,-0.14687620506729385,25
0.03960475,0.03960475,0.7488584474885844,0.2511415525114155,0.0,0.00011372553269221426,0.016246863903941557,0.00460002,1095,365,CRVUSDT,32,-0.12729625646132864,31
-0.0008878299999999999,-0.046293992857142856,0.5,0.5,0.0,0.00014620515118580625,0.9461808099365441,0.0013009599999999999,22,7,RUNEUSDT,59,-0.5946474118284764,57
0.0015472100000000003,0.018824388333333338,0.6923076923076923,0.3076923076923077,0.0,0.00012289717516649975,0.1867985713645262,0.0020214000000000018,91,30,RUNEUSDT,36,-0.1980932408614678,33
0.033231300000000005,0.033231300000000005,0.7698630136986301,0.23013698630136986,0.0,0.0001462647517771972,0.013624181349142768,0.008675889999999999,1095,365,RUNEUSDT,38,-0.13085163772635194,33
0.0005326899999999999,0.027775978571428567,0.7441860465116279,0.2558139534883721,0.0,3.0282878365836777e-05,0.5263333651369143,0.00028001,43,7,TRBUSDT,35,-0.28205315714087975,18
0.00364057,0.04429360166666667,0.7734806629834254,0.2265193370165746,0.0,2.9322005199400116e-05,0.10920440224786343,0.00028001000000000024,181,30,TRBUSDT,24,-0.11872027728175494,13
0.06629352,0.06629352,0.8506849315068493,0.14931506849315068,0.0,4.384544514828141e-05,0.0076363588782111785,0.0012430900000000022,2190,365,TRBUSDT,8,-0.06634207683907063,3
0.00025472000000000005,0.013281828571428575,0.6818181818181818,0.3181818181818182,0.0,8.59753690751212e-05,0.8922178800598254,0.00038022999999999996,22,7,SUSHIUSDT,39,-0.46806801850288027,44
0.0029163699999999997,0.035482501666666666,0.7032967032967034,0.2967032967032967,0.0,7.473481275714599e-05,0.22124138541355545,0.0003802300000000005,91,30,SUSHIUSDT,29,-0.19191121996052246,31
0.04322888,0.04322888,0.7561643835616438,0.24292237442922374,0.0009132420091324201,8.048200960604006e-05,0.01568928439134284,0.00544546999999998,1095,365,SUSHIUSDT,28,-0.11283070627537387,22
0.00114892,0.05990797142857144,0.8181818181818182,0.18181818181818182,0.0,9.207628351957337e-05,0.5954649390243902,0.00024759,22,7,EGLDUSDT,25,-0.3295532120477445,28
0.0049746600000000005,0.06052503000000001,0.8131868131868132,0.18681318681318682,0.0,7.637360664321035e-05,0.15539025485555696,0.00025055999999999993,91,30,EGLDUSDT,17,-0.13413422568230238,20
0.046206760000000006,0.046206760000000006,0.8301369863013699,0.16986301369863013,0.0,0.00016840814483231185,0.012617366745466324,0.014962159999999981,1095,365,EGLDUSDT,24,-0.11818129975653101,25
-0.004174259999999999,-0.21765784285714282,0.09090909090909091,0.9090909090909091,0.0,0.00016364081364403761,1.0,0.0041558,22,7,SOLUSDT,86,-0.7630676094516697,88
-0.00690852,-0.08405365999999999,0.3626373626373626,0.6373626373626373,0.0,0.00015331631880772538,0.5961328120089011,0.007685659999999998,91,30,SOLUSDT,77,-0.4516812521771859,81
-0.0005412700000000008,-0.0005412700000000008,0.6018264840182649,0.39817351598173517,0.0,0.00016042123694531035,0.028605372490473183,0.013544750000000006,1095,365,SOLUSDT,57,-0.19649643698291935,60
-0.01671426,-0.8715292714285715,0.7727272727272727,0.22727272727272727,0.0,0.002161572020287569,0.6317358838616751,0.01816962,22,7,ICXUSDT,93,-0.9521881343886385,92
-0.01112002,-0.13529357666666667,0.9120879120879121,0.08791208791208792,0.0,0.0011235842485499224,0.13004932771000038,0.018169619999999997,91,30,ICXUSDT,81,-0.39417642591622903,78
-0.03542846999999999,-0.03542846999999999,0.7689497716894977,0.2310502283105023,0.0,0.0004789914193024781,0.012863768065232681,0.07118286999999998,1095,365,ICXUSDT,74,-0.24701956410069373,70
-0.0030740599999999996,-0.1602902714285714,0.5581395348837209,0.4418604651162791,0.0,0.0003730030950273012,0.610373915060366,0.003388589999999999,43,7,STORJUSDT,84,-0.647193443782646,74
-0.0077550299999999996,-0.09435286500000001,0.5138121546961326,0.4861878453038674,0.0,0.00022738353295242956,0.1415536360882502,0.00784333000000001,181,30,STORJUSDT,78,-0.2730390681752014,57
-0.14307020999999998,-0.14307020999999998,0.6076134699853587,0.3923865300146413,0.0,0.001110607218065828,0.014321183766136215,0.14382260999999896,1366,365,STORJUSDT,82,-0.5209406422675644,93
0.00059263,0.030901421428571427,0.7272727272727273,0.2727272727272727,0.0,6.683651634819086e-05,0.8512824806136653,0.00017032000000000006,22,7,UNIUSDT,33,-0.42407458716190494,40
0.0016376199999999998,0.019924376666666663,0.6263736263736264,0.37362637362637363,0.0,6.560924603270544e-05,0.29722805119455953,0.00025228,91,30,UNIUSDT,35,-0.23992074988507772,49
0.05755678,0.05755678,0.8337899543378996,0.16621004566210046,0.0,5.743232300498856e-05,0.018251749617329883,0.0005837600000000026,1095,365,UNIUSDT,12,-0.08022148083795132,8
-0.0013035100000000001,-0.06796873571428572,0.2727272727272727,0.7272727272727273,0.0,6.977669176329409e-05,1.0,0.00133594,22,7,AVAXUSDT,69,-0.6264918220128988,65
-0.00548785,-0.06676884166666666,0.26373626373626374,0.7362637362637363,0.0,9.006015781747197e-05,0.7076745403335023,0.006178320000000002,91,30,AVAXUSDT,72,-0.5028885457817792,85
-0.010740829999999996,-0.010740829999999996,0.5726027397260274,0.4273972602739726,0.0,0.00011905401426632544,0.022165434379342347,0.022759740000000004,1095,365,AVAXUSDT,63,-0.18976580268253943,58
-0.003196220000000001,-0.1666600428571429,0.09090909090909091,0.9090909090909091,0.0,0.00016918739320597947,1.0,0.00302459,22,7,ENJUSDT,85,-0.7669941622983902,89
-0.022068610000000002,-0.26850142166666674,0.4725274725274725,0.5274725274725275,0.0,0.001127842516756644,0.3085029585433724,0.02390877,91,30,ENJUSDT,87,-0.6006693111244644,89
-0.02690481,-0.026904809999999998,0.7315068493150685,0.2684931506849315,0.0,0.0005993520987042501,0.01478431531987714,0.04167903,1095,365,ENJUSDT,70,-0.3016802912337475,77
-0.0009603900000000002,-0.05007747857142858,0.3181818181818182,0.6818181818181818,0.0,8.946479747816969e-05,0.9999999999999999,0.00104176,22,7,KSMUSDT,62,-0.6270607928608076,66
-0.0016660099999999999,-0.02026978833333333,0.5164835164835165,0.4835164835164835,0.0,0.00012890834364424875,0.27537664640812476,0.0024942700000000007,91,30,KSMUSDT,59,-0.2874537181363465,61
-0.005782009999999994,-0.005782009999999994,0.7022831050228311,0.29771689497716897,0.0,0.0004271164510726991,0.014679840747215634,0.046761880000000006,1095,365,KSMUSDT,61,-0.25132572751891546,72
0.0009437900000000001,0.04921190714285715,0.7272727272727273,0.2727272727272727,0.0,5.556497371851122e-05,0.8112595803438,0.00010442000000000003,22,7,NEARUSDT,29,-0.40166818028529544,38
0.00271285,0.03300634166666667,0.6703296703296703,0.32967032967032966,0.0,7.289198986613087e-05,0.22243576055235242,0.00035486000000000003,91,30,NEARUSDT,30,-0.20268293509666233,35
0.023683330000000002,0.023683330000000002,0.6986301369863014,0.3013698630136986,0.0,0.00010370612641484902,0.017206009095440525,0.0029404300000000147,1095,365,NEARUSDT,45,-0.14087135766993972,39
0.00054272,0.02829897142857143,0.7727272727272727,0.22727272727272727,0.0,3.931194473914453e-05,0.7933882011204094,0.00010612000000000001,22,7,AAVEUSDT,34,-0.3679794786324236,35
0.00147172,0.017905926666666665,0.7252747252747253,0.27472527472527475,0.0,4.876730025100101e-05,0.3252847805063714,0.00045742000000000016,91,30,AAVEUSDT,37,-0.211752224287139,39
0.04611697,0.04611697,0.7844748858447489,0.2146118721461187,0.0009132420091324201,5.5214039710628534e-05,0.017978119549820697,0.000710409999999999,1095,365,AAVEUSDT,26,-0.0954486078498411,14
-0.0022212499999999993,-0.11582232142857139,0.2727272727272727,0.7272727272727273,0.0,0.0001376698643217003,1.0000000000000002,0.002262809999999999,22,7,FILUSDT,77,-0.6812759260086214,81
-0.0067462600000000005,-0.08207949666666667,0.34065934065934067,0.6593406593406593,0.0,0.00013278876979310519,0.525414289167008,0.007087519999999998,91,30,FILUSDT,76,-0.42971446699978133,79
0.008369980000000003,0.008369980000000003,0.6885844748858447,0.31141552511415527,0.0,0.0002402578013106615,0.016385356452212143,0.030695370000000024,1095,365,FILUSDT,53,-0.1914418093680483,59
0.0012031400000000001,0.06273515714285716,0.8181818181818182,0.18181818181818182,0.0,7.90157224076532e-05,0.6430620040384294,0.00022342,22,7,RSRUSDT,23,-0.33478524829052153,30
0.0034742,0.042269433333333335,0.7362637362637363,0.26373626373626374,0.0,8.305545051243593e-05,0.18541454985055583,0.0005375399999999998,91,30,RSRUSDT,25,-0.17151775233081432,29
0.03074001,0.03074001,0.7123287671232876,0.2876712328767123,0.0,9.57591871019171e-05,0.01703939200723015,0.008308810000000014,1095,365,RSRUSDT,39,-0.13346827462378516,35
-0.00181267,-0.09451779285714286,0.4186046511627907,0.5813953488372093,0.0,0.00010332522863027261,0.6800408024481469,0.0018606300000000007,43,7,LRCUSDT,73,-0.49986563963748554,46
-0.01260469,-0.15335706166666668,0.35911602209944754,0.6408839779005525,0.0,0.00014862590053304288,0.21491695608816752,0.012954920000000007,181,30,LRCUSDT,83,-0.3263955103138309,69
-0.3582786,-0.3582786,0.385207100591716,0.6142011834319526,0.000591715976331361,0.0008552807860441136,0.01950083327060565,0.3584737999999994,1690,365,LRCUSDT,95,-0.5094219569359315,92
0.0014436600000000003,0.07527655714285716,0.8636363636363636,0.13636363636363635,0.0,5.901108431388825e-05,0.6180660712630179,0.00016098000000000002,22,7,BELUSDT,19,-0.29541010897180225,23
0.0041076600000000026,0.04997653000000003,0.9230769230769231,0.07692307692307693,0.0,0.00026598511496255716,0.12894773490408865,0.00342135,91,30,BELUSDT,22,-0.1434030843853392,24
0.006373460000000011,0.0063734600000000105,0.85662100456621,0.14337899543378996,0.0,0.0005337251745775355,0.01154662144701798,0.04435494,1095,365,BELUSDT,55,-0.2362238376184643,69
-0.11610297,-6.053940578571429,0.046511627906976744,0.9534883720930233,0.0,0.0030718935267490728,1.0,0.116085,43,7,AXSUSDT,99,-1.365190568576412,99
-0.5723871100000001,-6.964043171666668,0.009287925696594427,0.9907120743034056,0.0,0.002354360019153658,1.0000000000000002,0.57248711,323,30,AXSUSDT,100,-1.3865754162367907,100
-0.6193162500000001,-0.6193162500000001,0.4239457831325301,0.5760542168674698,0.0,0.0013864087404516412,0.021748581611878724,0.6188450199999992,1328,365,AXSUSDT,98,-0.6844466718350756,98
-0.00109889,-0.05729926428571429,0.3181818181818182,0.6818181818181818,0.0,0.00010330230722043974,1.0,0.0012934099999999998,22,7,ZENUSDT,67,-0.6382011903280675,69
-7.183000000000005e-05,-0.0008739316666666672,0.5824175824175825,0.4175824175824176,0.0,7.997569805063378e-05,0.3459162115836888,0.0015799899999999999,91,30,ZENUSDT,51,-0.2748043862795156,58
0.024205920000000006,0.024205920000000006,0.7470319634703196,0.25296803652968036,0.0,0.00012909394792063128,0.01638884876366708,0.02565940999999998,1095,365,ZENUSDT,44,-0.1334315129055811,34
0.0020942100000000004,0.10919809285714287,1.0,0.0,0.0,6.74140662053284e-06,0.23875351564551783,0.0,43,7,SKLUSDT,10,-0.0830889138699171,1
-0.00926628,-0.11273973999999999,0.850828729281768,0.14917127071823205,0.0,0.00040853884967872556,0.06809104044471619,0.01569683,181,30,SKLUSDT,80,-0.18950285975464462,30
-0.42122317,-0.42122317,0.6092105263157894,0.3907894736842105,0.0,0.001312667989170316,0.016686540336207086,0.4458301700000002,1520,365,SKLUSDT,97,-0.5940754593853986,95
-0.0005164599999999999,-0.026929699999999997,0.5,0.5,0.0,9.919647962628478e-05,0.9851445808533756,0.00069818,22,7,GRTUSDT,49,-0.5697110867451078,53
-0.00079885,-0.009719341666666667,0.5384615384615384,0.46153846153846156,0.0,9.43802177490325e-05,0.33296041766554796,0.00207083,91,30,GRTUSDT,57,-0.28923686091779094,62
0.020644020000000006,0.020644020000000006,0.6840182648401827,0.31598173515981737,0.0,0.00010674232528156671,0.017479000292074096,0.0056228699999999986,1095,365,GRTUSDT,48,-0.14686708619140412,43
-0.00259108,-0.1351063142857143,0.22727272727272727,0.7727272727272727,0.0,0.0001593326345201776,1.0,0.00284667,22,7,1INCHUSDT,80,-0.7137961200547482,86
-0.00374615,-0.045578158333333334,0.6043956043956044,0.3956043956043956,0.0,0.00021235543239802703,0.22052029558540412,0.00730836,91,30,1INCHUSDT,69,-0.2644257473118393,55
0.023135300000000008,0.023135300000000008,0.7223744292237443,0.2776255707762557,0.0,0.0001417319433878442,0.014950603952072547,0.014032749999999997,1095,365,1INCHUSDT,46,-0.1454890096521442,42
0.00101056,0.05269348571428572,0.8636363636363636,0.13636363636363635,0.0,3.4762319559503286e-05,0.7772172195660889,7.430000000000002e-06,22,7,CHZUSDT,28,-0.32876001052017134,27
0.0037197099999999998,0.045256471666666666,0.8351648351648352,0.16483516483516483,0.0,5.7200229193001635e-05,0.21949367199743625,0.00034310000000000005,91,30,CHZUSDT,23,-0.14271236548637517,23
-0.01189322,-0.011893220000000001,0.6009132420091324,0.39908675799086757,0.0,0.00013430035875569625,0.019937444274843247,0.02720231,1095,365,CHZUSDT,64,-0.1849889482295102,56
-0.0060659799999999995,-0.3162975285714285,0.0,1.0,0.0,0.0002544477285049373,0.0,0.006006019999999999,22,7,SANDUSDT,89,-0.5366875409722656,50
-0.012878859999999997,-0.15669279666666663,0.2087912087912088,0.7912087912087912,0.0,0.00020500211367432462,0.7865620815631561,0.013493229999999998,91,30,SANDUSDT,84,-0.5807800221143349,88
0.027352750000000002,0.027352750000000002,0.708675799086758,0.291324200913242,0.0,0.0001137124284054757,0.01629042546067258,0.013493229999999995,1095,365,SANDUSDT,41,-0.14068887955494624,38
-0.0054421700000000005,-0.2837702928571429,0.3181818181818182,0.6818181818181818,0.0,0.00052034227194743,1.0,0.0033175399999999995,22,7,ANKRUSDT,88,-0.9740427739217643,93
-0.047523569999999994,-0.5782034349999999,0.7252747252747253,0.27472527472527475,0.0,0.002428160063142142,0.17132088401576148,0.05271136000000001,91,30,ANKRUSDT,90,-0.8129772667345421,95
-0.006373309999999986,-0.006373309999999985,0.8155251141552512,0.18447488584474886,0.0,0.000739875235714203,0.012435894518245259,0.05271136,1095,365,ANKRUSDT,62,-0.3217248309153043,81
0.0021999999999999997,0.11471428571428571,1.0,0.0,0.0,1.3552527156068805e-20,0.45454545454545464,0.0,22,7,SFPUSDT,5,-0.1488528571428572,4
0.008817229999999999,0.10727629833333333,0.989010989010989,0.01098901098901099,0.0,1.4715081359542144e-05,0.11337392875809063,3.1400000000000004e-06,91,30,SFPUSDT,6,-0.04416964172463017,3
0.08946343000000001,0.08946343,0.9315068493150684,0.0684931506849315,0.0,6.302686096863828e-05,0.010283177102737472,0.0006485300000000013,1095,365,SFPUSDT,3,-0.046967090038260585,2
0.0012944300000000003,0.06749527857142858,0.8837209302325582,0.11627906976744186,0.0,5.9347135293998064e-05,0.26315789473684215,0.0005576499999999998,43,7,RVNUSDT,21,-0.17200911291284882,10
0.0006752200000000007,0.008215176666666676,0.7790055248618785,0.22099447513812154,0.0,0.00010880458794699923,0.07415855990009357,0.00396812,181,30,RVNUSDT,42,-0.12839299449811145,18
-0.15552959,-0.15552959,0.6817835365853658,0.31821646341463417,0.0,0.0005386198449653793,0.013624732292577716,0.18013285000000331,2624,365,RVNUSDT,83,-0.29792308818434043,76
0.0021999999999999997,0.11471428571428571,1.0,0.0,0.0,1.3552527156068805e-20,0.45454545454545464,0.0,22,7,COTIUSDT,5,-0.1488528571428572,4
0.00909093,0.110606315,1.0,0.0,0.0,6.721532572319978e-07,0.10999974700058189,0.0,91,30,COTIUSDT,5,-0.03538582066642422,1
0.05159578000000001,0.05159578,0.8584474885844748,0.1415525114155251,0.0,0.00027081856230070354,0.013573024107359366,0.014016129999999932,1095,365,COTIUSDT,18,-0.14462895126379777,41
0.0019513900000000001,0.10175105000000001,1.0,0.0,0.0,2.4477474891542953e-05,0.5124552242247833,0.0,22,7,CHRUSDT,13,-0.18767145949311587,13
0.00843401,0.10261378833333333,0.978021978021978,0.02197802197802198,0.0,2.812899773087905e-05,0.11663807089961777,9.693999999999979e-05,91,30,CHRUSDT,8,-0.052750828578126546,5
0.062018640000000014,0.06201864000000001,0.8666666666666667,0.13333333333333333,0.0,0.00013571807343844812,0.011274802451367546,0.012508989999999963,1095,365,CHRUSDT,10,-0.09418436706204925,13
-0.00283308,-0.14772488571428571,0.13636363636363635,0.8636363636363636,0.0,0.0001105287232740659,1.0,0.00284251,22,7,MANAUSDT,82,-0.7048856246458337,84
-0.00564763,-0.06871283166666667,0.34065934065934067,0.6593406593406593,0.0,0.00012806080889808154,0.5366275107459659,0.006535639999999999,91,30,MANAUSDT,73,-0.4319308554760113,80
0.011195070000000001,0.011195070000000003,0.6401826484018265,0.3598173515981735,0.0,0.00011634115903138869,0.018134546365229397,0.010691550000000003,1095,365,MANAUSDT,52,-0.1649737259506028,52
0.0019912400000000005,0.10382894285714288,0.9545454545454546,0.045454545454545456,0.0,3.5418800080939406e-05,0.4854133294500267,6.886000000000001e-05,22,7,ALICEUSDT,12,-0.20247846989471718,14
0.006812100000000002,0.08288055000000003,0.9120879120879121,0.08791208791208792,0.0,7.679176978556162e-05,0.12517336511067825,0.0004946200000000003,91,30,ALICEUSDT,13,-0.09142116183159849,11
-0.029805019999999995,-0.02980501999999999,0.8666666666666667,0.13333333333333333,0.0,0.0007742047581324792,0.010996131890684812,0.09557041,1095,365,ALICEUSDT,72,-0.3165170522253767,79
-0.0029064000000000004,-0.15154800000000002,0.18181818181818182,0.8181818181818182,0.0,0.00011696719683542558,1.0000000000000002,0.00293825,22,7,HBARUSDT,83,-0.695073783999721,82
-0.0038000499999999997,-0.04623394166666666,0.4065934065934066,0.5934065934065934,0.0,0.00011160904644332992,0.4553651117465985,0.00454098,91,30,HBARUSDT,71,-0.37843260156770986,77
0.01664732,0.01664732,0.634703196347032,0.365296803652968,0.0,9.036555668307928e-05,0.01997391007865526,0.006220250000000035,1095,365,HBARUSDT,50,-0.15832285053738995,50
0.0021999999999999997,0.11471428571428571,1.0,0.0,0.0,1.3552527156068805e-20,0.45454545454545464,0.0,22,7,ONEUSDT,5,-0.1488528571428572,4
0.0087607,0.10658851666666666,0.978021978021978,0.02197802197802198,0.0,2.2585174198211965e-05,0.112792470876984,6.581000000000035e-05,91,30,ONEUSDT,7,-0.04985871451538901,4
0.08908914000000001,0.08908914000000001,0.9315068493150684,0.0684931506849315,0.0,5.399035830545428e-05,0.010415443936946149,0.0006907699999999985,1095,365,ONEUSDT,4,-0.04387950056170822,1
0.00133302,0.06950747142857143,0.8636363636363636,0.13636363636363635,0.0,0.00010794470287379735,0.5568331783480986,0.00040053000000000007,22,7,DENTUSDT,20,-0.314401375004593,24
0.0055108000000000015,0.06704806666666668,0.8571428571428571,0.14285714285714285,0.0,0.00010320022655858731,0.1344230562426067,0.00040052999999999964,91,30,DENTUSDT,15,-0.120306021324623,14
0.07649620000000001,0.07649620000000001,0.8922374429223744,0.10776255707762557,0.0,8.757772632203181e-05,0.014581643950971522,0.0014568600000000043,1095,365,DENTUSDT,5,-0.06999144704398733,5
0.0011558100000000004,0.06026723571428573,0.9090909090909091,0.09090909090909091,0.0,0.0001530105168514529,0.5314315170775517,0.00061614,22,7,CELRUSDT,24,-0.327157926320714,26
0.007594670000000003,0.09240181833333337,0.967032967032967,0.03296703296703297,0.0,8.026136288752952e-05,0.11940840300813645,0.0006161400000000003,91,30,CELRUSDT,11,-0.07228256104670952,8
0.07237416000000002,0.07237416000000002,0.8748858447488584,0.12511415525114156,0.0,9.687544424412316e-05,0.015622172787060264,0.003061429999999976,1095,365,CELRUSDT,7,-0.07932767165408196,7
0.0021999999999999997,0.11471428571428571,1.0,0.0,0.0,1.3552527156068805e-20,0.45454545454545464,0.0,22,7,HOTUSDT,5,-0.1488528571428572,4
0.008228909999999999,0.10011840499999998,0.978021978021978,0.02197802197802198,0.0,5.503259478400768e-05,0.11436531254324438,0.0003492399999999998,91,30,HOTUSDT,9,-0.05970945291962992,7
0.07354378,0.07354378,0.8894977168949771,0.11050228310502283,0.0,9.549533243462515e-05,0.0109165395617577,0.003492389999999984,1095,365,HOTUSDT,6,-0.07246240465269506,6
0.0010973800000000002,0.05722052857142858,0.7727272727272727,0.22727272727272727,0.0,7.264641747464789e-05,0.7012229327947942,0.00016301999999999994,22,7,MTLUSDT,27,-0.3639388986190709,34
-0.011503520000000007,-0.1399594933333334,0.7802197802197802,0.21978021978021978,0.0,0.0012019066141833782,0.16167416834807796,0.01542031,91,30,MTLUSDT,82,-0.47054467278323664,82
-0.05325157999999999,-0.05325157999999999,0.7159817351598173,0.28401826484018267,0.0,0.0006279435146628183,0.014214875469161963,0.06252530999999989,1095,365,MTLUSDT,77,-0.31679818231823886,80
0.0021999999999999997,0.11471428571428571,1.0,0.0,0.0,1.3552527156068805e-20,0.45454545454545464,0.0,22,7,OGNUSDT,5,-0.1488528571428572,4
0.00270156,0.03286898,0.8241758241758241,0.17582417582417584,0.0,0.0001827549784748644,0.1380813050340301,0.0021160399999999996,91,30,OGNUSDT,31,-0.15545503208323758,27
-0.05141246,-0.05141246000000001,0.7150684931506849,0.28493150684931506,0.0,0.00036606220671076386,0.013560217467919572,0.07018807999999972,1095,365,OGNUSDT,76,-0.2260121903005784,68
-0.0025970299999999997,-0.13541656428571427,0.6363636363636364,0.36363636363636365,0.0,0.00033500784448598923,0.8198417528910528,0.00313012,22,7,GTCUSDT,81,-0.6598639591292992,77
-0.003747649999999999,-0.045596408333333324,0.7472527472527473,0.25274725274725274,0.0,0.00029100978167727635,0.17913514607875572,0.004383079999999999,91,30,GTCUSDT,70,-0.22608969480025623,43
0.05100468000000001,0.05100468000000002,0.8383561643835616,0.16164383561643836,0.0,0.00020365254202597824,0.08571958258301332,0.006616979999999932,1095,365,GTCUSDT,19,-0.15177185331747323,47
-0.00133993,-0.06986777857142858,0.13636363636363635,0.8636363636363636,0.0,5.821652496258265e-05,1.0,0.00140679,22,7,1000SHIBUSDT,71,-0.6622642063066735,78
-0.0007245700000000001,-0.008815601666666667,0.4945054945054945,0.5054945054945055,0.0,8.766802676376707e-05,0.32515143928284596,0.00252564,91,30,1000SHIBUSDT,56,-0.29923935005660396,65
-0.003977250000000002,-0.003977250000000002,0.5652968036529681,0.434703196347032,0.0,0.00011249839661704581,0.020977109568268006,0.013809529999999988,1095,365,1000SHIBUSDT,60,-0.1894426769343853,57
0.0028122899999999994,0.14664083571428568,1.0,0.0,0.0,4.685122675171372e-05,0.573301473176664,0.0,22,7,BTCDOMUSDT,2,-0.22519786930354993,17
0.011076500000000001,0.13476408333333334,1.0,0.0,0.0,5.290825769026825e-05,0.22942626280864892,0.0,91,30,BTCDOMUSDT,2,-0.08947365073533962,10
0.26950982,0.26950982,0.9981735159817352,0.0018264840182648401,0.0,0.0003231443673889575,0.057086440532606496,0.006374119999999997,1095,365,BTCDOMUSDT,1,-0.12885273137516606,32
0.0019504800000000005,0.10170360000000003,0.9545454545454546,0.045454545454545456,0.0,5.197474033660825e-05,0.4761904761904762,0.00014952,22,7,IOTXUSDT,14,-0.21269874661495158,15
0.0068404300000000015,0.08322523166666669,0.9010989010989011,0.0989010989010989,0.0,6.322759489218884e-05,0.12849935878819962,0.00020019999999999977,91,30,IOTXUSDT,12,-0.09226773142547055,12
0.007957280000000008,0.007957280000000008,0.7671232876712328,0.2328767123287671,0.0,0.0001973186585838317,0.013802099669974253,0.03559920000000004,1095,365,IOTXUSDT,54,-0.14977903054389152,45
-0.030668060000000007,-1.599120271428572,0.0,1.0,0.0,0.0016555495478326602,0.0,0.02991402,22,7,C98USDT,96,-1.0059912027142857,95
-0.05302432,-0.6451292266666666,0.4945054945054945,0.5054945054945055,0.0,0.0013481924956032048,0.22856515935562904,0.054526240000000004,91,30,C98USDT,91,-0.6337354322873012,90
-0.0038653499999999896,-0.0038653499999999896,0.7926940639269406,0.20730593607305936,0.0,0.00043972923949645173,0.012186481438648252,0.05452623999999999,1095,365,C98USDT,59,-0.22502381601122495,67
0.0028871499999999994,0.15054424999999996,1.0,0.0,0.0,0.00010789697521495766,0.6049806903001231,0.0,22,7,ATAUSDT,1,-0.28444151034165643,20
0.00975705,0.118710775,0.945054945054945,0.054945054945054944,0.0,0.0001231089006204638,0.30005949224415013,0.00063981,91,30,ATAUSDT,3,-0.15112435637396382,26
0.03602334000000001,0.03602334000000001,0.8100456621004566,0.18995433789954339,0.0,0.00020781198230412077,0.07214995250273004,0.03217948000000001,1095,365,ATAUSDT,35,-0.15822916456337058,49
0.0004802600000000001,0.02504212857142858,0.7209302325581395,0.27906976744186046,0.0,4.142468835881162e-05,0.4917291162644322,0.0001248,43,7,MASKUSDT,36,-0.2872474880786717,22
0.0031900599999999998,0.038812396666666665,0.7624309392265194,0.23756906077348067,0.0,4.4048014466740674e-05,0.09403710704243892,0.0003336800000000007,181,30,MASKUSDT,26,-0.12162204636109321,15
-0.16503952999999996,-0.16503952999999996,0.7199537750385208,0.2800462249614792,0.0,0.00045173311093900734,0.016566141712448572,0.19614319000000072,2596,365,MASKUSDT,86,-0.2562495731697767,74
-4.4929999999999924e-05,-0.0023427785714285674,0.7727272727272727,0.22727272727272727,0.0,0.00016952048824771536,0.7795690542268233,0.00103932,22,7,DYDXUSDT,43,-0.4678752095759327,43
0.004912590000000002,0.05976984500000002,0.8571428571428571,0.14285714285714285,0.0,0.00010848897417278474,0.1402005428565019,0.001039319999999999,91,30,DYDXUSDT,18,-0.12379584308599895,16
0.06623599000000001,0.06623599000000001,0.8401826484018264,0.1598173515981735,0.0,8.929898283545126e-05,0.011850530210497411,0.0018284500000000023,1095,365,DYDXUSDT,9,-0.08696800914501168,11
-0.0018489499999999998,-0.0964095357142857,0.4090909090909091,0.5909090909090909,0.0,0.00022279127537973872,1.0,0.00182388,22,7,1000XECUSDT,74,-0.7041676809298643,83
0.0002873900000000003,0.0034965783333333372,0.6263736263736264,0.37362637362637363,0.0,0.00015099649621807935,0.2020945074754758,0.0023657800000000014,91,30,1000XECUSDT,47,-0.23307759977372022,46
0.045701170000000006,0.04570117,0.806392694063927,0.19360730593607306,0.0,0.0001317809998753568,0.012366151863764576,0.0031385399999999952,1095,365,1000XECUSDT,27,-0.11323223237757177,23
-0.0008710500000000001,-0.04541903571428572,0.45454545454545453,0.5454545454545454,0.0,0.00016667341524360428,1.0,0.0012398499999999998,22,7,GALAUSDT,58,-0.6437709019987269,72
2.360000000000296e-06,2.8713333333336933e-05,0.6263736263736264,0.37362637362637363,0.0,0.00013160105550010952,0.21000947142716136,0.0018764699999999992,91,30,GALAUSDT,50,-0.23018486896417512,45
0.046220800000000006,0.046220800000000006,0.771689497716895,0.228310502283105,0.0,9.431408716541191e-05,0.014193779150473929,0.0035395399999999314,1095,365,GALAUSDT,23,-0.11228403340975013,21
0.0006345300000000001,0.03308620714285715,0.7727272727272727,0.22727272727272727,0.0,0.00011699652543138418,0.6833541756356902,0.00037029999999999995,22,7,CELOUSDT,32,-0.3937577788900023,37
0.00022322000000000037,0.002715843333333338,0.6703296703296703,0.32967032967032966,0.0,0.0001572572707345801,0.1761062554703005,0.0029470399999999993,91,30,CELOUSDT,48,-0.2117918697877941,40
0.02150905000000001,0.02150905000000001,0.782648401826484,0.217351598173516,0.0,0.00022444738350011834,0.012460747089076022,0.017869710000000063,1095,365,CELOUSDT,47,-0.15348918693123922,48
-0.0006829199999999998,-0.03560939999999999,0.3181818181818182,0.6818181818181818,0.0,8.723208363254905e-05,1.0000000000000002,0.0008922600000000001,22,7,ARUSDT,52,-0.6251302359802181,64
0.0010299800000000002,0.012531423333333335,0.5604395604395604,0.43956043956043955,0.0,8.246804330687073e-05,0.266819643262137,0.00132154,91,30,ARUSDT,40,-0.2565330274870971,52
0.024565740000000003,0.024565740000000003,0.7123287671232876,0.2876712328767123,0.0,0.00012451944099614774,0.015989794673447615,0.01947447999999993,1095,365,ARUSDT,43,-0.14316127501423256,40
0.0023377899999999993,0.12189904999999997,1.0,0.0,0.0,2.8701504773089336e-05,0.48669469883950245,0.0,22,7,CTSIUSDT,3,-0.18234767195095652,12
0.009221440000000001,0.11219418666666667,1.0,0.0,0.0,1.4484301563707908e-05,0.12338528472776486,0.0,91,30,CTSIUSDT,4,-0.043731925859873275,2
0.05226954000000002,0.052269540000000024,0.9077625570776255,0.09223744292237443,0.0,0.00033273400346140277,0.011921857395184334,0.014421490000000006,1095,365,CTSIUSDT,16,-0.1492833139127507,44
-0.0095853,-0.4998049285714285,0.13636363636363635,0.8636363636363636,0.0,0.0006213043788362971,1.0,0.00955071,22,7,ARPAUSDT,92,-1.116959466881377,96
-0.12513765000000002,-1.5225080750000002,0.24175824175824176,0.7582417582417582,0.0,0.002258585722477264,0.4779383650684407,0.12709042,91,30,ARPAUSDT,97,-1.0682177327054487,98
-0.12354623000000002,-0.12354623000000002,0.7488584474885844,0.2511415525114155,0.0,0.0008346932017562018,0.013332496052581229,0.15066296,1095,365,ARPAUSDT,81,-0.3780870748772854,83
-0.00095135,-0.049606107142857146,0.3181818181818182,0.6818181818181818,0.0,7.163988461149809e-05,1.0,0.00106487,22,7,ENSUSDT,61,-0.6127985038444906,59
-0.0023313099999999996,-0.028364271666666663,0.43956043956043955,0.5604395604395604,0.0,7.849793657027915e-05,0.4872284646244617,0.0029574899999999997,91,30,ENSUSDT,62,-0.3684331409083994,75
0.03912241,0.03912241,0.7388127853881279,0.26118721461187216,0.0,8.115993946991743e-05,0.01787043581218142,0.0029574899999999515,1095,365,ENSUSDT,33,-0.11985413840328091,26
0.00178698,0.09317824285714285,0.9545454545454546,0.045454545454545456,0.0,3.40445145154846e-05,0.5540964349435376,1.7759999999999993e-05,22,7,PEOPLEUSDT,17,-0.22415115482303122,16
0.0054253500000000015,0.06600842500000002,0.8351648351648352,0.16483516483516483,0.0,6.304078476164718e-05,0.15814727306657048,0.00024843999999999995,91,30,PEOPLEUSDT,16,-0.12392859989558414,17
0.057013690000000006,0.05701369000000001,0.8100456621004566,0.18995433789954339,0.0,7.533660095389449e-05,0.013685538887937743,0.0010099900000000005,1095,365,PEOPLEUSDT,13,-0.09276710390799209,12
-0.00823129,-0.4292029785714286,0.0,1.0,0.0,9.86252604877354e-05,0.0,0.008069780000000002,43,7,LPTUSDT,90,-0.4131792080066818,39
-0.07592059,-0.9237005116666666,0.20994475138121546,0.7900552486187845,0.0,0.001165184999328982,0.37985838879265815,0.07693241999999999,181,30,LPTUSDT,95,-0.728085923672789,92
-1.04980004,-1.04980004,0.30246913580246915,0.6975308641975309,0.0,0.0014285216402698724,0.016755195534807407,1.0496138500000103,3078,365,LPTUSDT,99,-0.7418009652490858,100
-0.02105044,-1.0976300857142856,0.0,1.0,0.0,0.0013987774729307418,0.0,0.02100101,22,7,ROSEUSDT,94,-1.0009763008571428,94
-0.07573008,-0.9213826400000001,0.18681318681318682,0.8131868131868132,0.0,0.0011543795141534532,0.6075998590368326,0.07737020000000001,91,30,ROSEUSDT,93,-0.8077647944770424,94
-0.014850670000000003,-0.014850670000000003,0.7926940639269406,0.20730593607305936,0.0,0.000424047711900623,0.013089056632421329,0.07737019999999999,1095,365,ROSEUSDT,66,-0.2199912193886092,65
-0.13541763,-7.061062135714286,0.046511627906976744,0.9534883720930233,0.0,0.003021566648548418,1.0,0.13349364000000002,43,7,DUSKUSDT,100,-1.3752617841478407,100
-0.37916935000000007,-4.613227091666667,0.024390243902439025,0.975609756097561,0.0,0.0027517192828627507,0.9999999999999998,0.37772168999999983,246,30,DUSKUSDT,99,-1.3580834904288617,99
-0.36232892000000005,-0.36232892000000005,0.6818545163868905,0.3181454836131095,0.0,0.0014166828489239512,0.02284441451147151,0.41795790999999965,1251,365,DUSKUSDT,96,-0.6076313588452358,96
-0.028326289999999997,-1.4770136928571427,0.2558139534883721,0.7441860465116279,0.0,0.0012220998622573228,0.997754494899644,0.030816239999999998,43,7,FLOWUSDT,95,-1.2496105155942914,97
-0.04680083,-0.5694100983333333,0.5686274509803921,0.43137254901960786,0.0,0.00093091650265954,0.43314958145496363,0.05765083999999998,255,30,FLOWUSDT,89,-0.5568566225055507,87
-0.21522343,-0.21522342999999997,0.6295143212951432,0.37048567870485677,0.0,0.0008242723071785575,0.14564128161755574,0.2554727999999999,1606,365,FLOWUSDT,89,-0.4584340484253992,87
0.00022719000000000003,0.011846335714285715,0.627906976744186,0.37209302325581395,0.0,4.139730357940253e-05,0.5821534162497972,0.00042436000000000004,43,7,IMXUSDT,40,-0.3478952352155124,31
-0.00830085,-0.10099367500000002,0.4088397790055249,0.5911602209944752,0.0,0.00010905333321147703,0.2098003283471735,0.008681250000000008,181,30,IMXUSDT,79,-0.29647260450677804,64
-0.08407455999999999,-0.08407455999999999,0.5739726027397261,0.42557077625570777,0.00045662100456621003,0.000206844467193887,0.0097388278789771,0.08599254999999932,2190,365,IMXUSDT,79,-0.2162522427992456,64
-0.05983287000000001,-3.1198567928571435,0.11627906976744186,0.8837209302325582,0.0,0.0022500095364423826,1.0,0.059831140000000005,43,7,API3USDT,97,-1.3128264749053158,98
-0.07589161999999999,-0.9233480433333332,0.2430939226519337,0.7569060773480663,0.0,0.0012363659166296,0.32220439357911096,0.07568337999999995,181,30,API3USDT,94,-0.7184466596095249,91
-1.0992047299999999,-1.0992047299999999,0.5300467794170565,0.46995322058294353,0.0,0.0014642791907504415,0.05613166758014726,1.1004373600000117,2779,365,API3USDT,100,-0.6925937810682172,99
-0.0009325900000000002,-0.048627907142857155,0.46511627906976744,0.5348837209302325,0.0,7.337800523557876e-05,0.6533385600418137,0.0011321399999999996,43,7,GMTUSDT,60,-0.4512923414275617,41
-0.03325708,-0.4046278066666667,0.13942307692307693,0.8605769230769231,0.0,0.00014630524170364853,0.46617873292620393,0.032915960000000015,208,30,GMTUSDT,88,-0.48366049470696026,84
-0.1673328,-0.1673328,0.5528771384136858,0.44712286158631415,0.0,0.0008620207071943717,0.047892604060211216,0.16782963999999867,1286,365,GMTUSDT,87,-0.46408417807577085,89
-0.0022516,-0.11740485714285713,0.22727272727272727,0.7727272727272727,0.0,0.00010470291433502667,1.0,0.0023481599999999997,22,7,APEUSDT,78,-0.6699225469029395,80
-0.0027623599999999997,-0.03360871333333333,0.45054945054945056,0.5494505494505495,0.0,0.0001085711893179283,0.3705474096883326,0.00360117,91,30,APEUSDT,66,-0.3349433995862078,71
0.030225210000000002,0.030225210000000002,0.691324200913242,0.308675799086758,0.0,8.764611044874949e-05,0.017781248677519627,0.004760959999999939,1095,365,APEUSDT,40,-0.13783512046745652,37
0.0008621600000000002,0.044955485714285724,0.7272727272727273,0.2727272727272727,0.0,9.394500339459207e-05,0.6890706504137869,0.00020014000000000002,22,7,WOOUSDT,30,-0.39208735067192657,36
0.0009019800000000003,0.010974090000000004,0.5934065934065934,0.4065934065934066,0.0,9.812813472181468e-05,0.23243543524697421,0.00102037,91,30,WOOUSDT,41,-0.2387952212318991,48
0.04059567000000001,0.04059567000000001,0.7561643835616438,0.24383561643835616,0.0,0.00010508287021421771,0.014079993511938987,0.011819249999999767,1095,365,WOOUSDT,30,-0.1211619733425015,27
