date,regime,score,pnl,cost,funding,r_ls_net,alt_turnover,major_turnover,alt_gross,major_gross,total_gross
2024-09-16,BALANCED,0.0,0.0,0.0,-0.0010832857142857135,0.0010832857142857135,0.0,0.0,0.0,0.0,0.0
2024-09-17,BALANCED,0.0,0.0,0.0,-0.002217584210526314,0.002217584210526314,0.0,0.0,0.0,0.0,0.0
2024-09-18,BALANCED,0.0,0.0,0.0,0.005079536842105263,-0.005079536842105263,0.0,0.0,0.0,0.0,0.0
2024-09-19,BALANCED,0.0,0.0,0.0,0.010291515789473685,-0.010291515789473685,0.0,0.0,0.0,0.0,0.0
2024-09-20,BALANCED,0.0,0.0,0.0,0.01914325130890053,-0.01914325130890053,0.0,0.0,0.0,0.0,0.0
2024-09-21,BALANCED,0.0,0.0,0.0,0.008460219895287963,-0.008460219895287963,0.0,0.0,0.0,0.0,0.0
2024-09-22,BALANCED,0.0,0.0,0.0,0.0037602408376963383,-0.0037602408376963383,0.0,0.0,0.0,0.0,0.0
2024-09-23,BALANCED,0.0,0.0,0.0,0.008028219895287958,-0.008028219895287958,0.0,0.0,0.0,0.0,0.0
2024-09-24,BALANCED,0.0,0.0,0.0,0.015416623036649216,-0.015416623036649216,0.0,0.0,0.0,0.0,0.0
2024-09-25,BALANCED,0.0,0.0,0.0,0.01747232984293194,-0.01747232984293194,0.0,0.0,0.0,0.0,0.0
2024-09-26,BALANCED,0.0,0.0,0.0,0.012278324607329846,-0.012278324607329846,0.0,0.0,0.0,0.0,0.0
2024-09-27,BALANCED,0.0,0.0,0.0,0.020221869109947645,-0.020221869109947645,0.0,0.0,0.0,0.0,0.0
2024-09-28,BALANCED,0.0,0.0,0.0,0.02277920418848168,-0.02277920418848168,0.0,0.0,0.0,0.0,0.0
2024-09-29,BALANCED,0.0,0.0,0.0,0.020084623036649218,-0.020084623036649218,0.0,0.0,0.0,0.0,0.0
2024-09-30,BALANCED,0.0,0.0,0.0,0.013905486910994764,-0.013905486910994764,0.0,0.0,0.0,0.0,0.0
2024-10-01,BALANCED,0.0,0.0,0.0,0.012309062827225133,-0.012309062827225133,0.0,0.0,0.0,0.0,0.0
2024-10-02,BALANCED,0.0,0.0,0.0,0.001645812500000001,-0.001645812500000001,0.0,0.0,0.0,0.0,0.0
2024-10-03,BALANCED,0.0,0.0,0.0,0.004877642487046633,-0.004877642487046633,0.0,0.0,0.0,0.0,0.0
2024-10-04,BALANCED,0.0,0.0,0.0,0.0005230569948186539,-0.0005230569948186539,0.0,0.0,0.0,0.0,0.0
2024-10-05,BALANCED,0.0,0.0,0.0,0.0029137616580310875,-0.0029137616580310875,0.0,0.0,0.0,0.0,0.0
2024-10-06,BALANCED,0.0,0.0,0.0,0.012724103626943008,-0.012724103626943008,0.0,0.0,0.0,0.0,0.0
2024-10-07,BALANCED,0.0,0.0,0.0,0.008842647668393783,-0.008842647668393783,0.0,0.0,0.0,0.0,0.0
2024-10-08,BALANCED,0.0,0.0,0.0,0.013066911917098446,-0.013066911917098446,0.0,0.0,0.0,0.0,0.0
2024-10-09,BALANCED,0.0,0.0,0.0,0.006917564766839378,-0.006917564766839378,0.0,0.0,0.0,0.0,0.0
2024-10-10,BALANCED,0.0,0.0,0.0,-0.002474829015544038,0.002474829015544038,0.0,0.0,0.0,0.0,0.0
2024-10-11,BALANCED,0.0,0.0,0.0,0.008344709844559584,-0.008344709844559584,0.0,0.0,0.0,0.0,0.0
2024-10-12,BALANCED,-0.04134981874395405,0.0,0.0,0.017134398963730573,-0.017134398963730573,0.0,0.0,0.0,0.0,0.0
2024-10-13,BALANCED,-0.4230151718277464,0.0,0.0,0.01922252331606218,-0.01922252331606218,0.0,0.0,0.0,0.0,0.0
2024-10-14,WEAK_RISK_ON_ALTS,-0.8254999232540412,0.0,0.0,0.014475715025906737,-0.014475715025906737,0.0,0.0,0.0,0.0,0.0
2024-10-15,WEAK_RISK_ON_ALTS,-0.2799243200193481,0.0,0.0,0.021074689119170986,-0.021074689119170986,0.0,0.0,0.0,0.0,0.0
2024-10-16,WEAK_RISK_ON_ALTS,-0.45581341548306803,0.0,0.0,0.019257450777202072,-0.019257450777202072,0.0,0.0,0.0,0.0,0.0
2024-10-17,WEAK_RISK_ON_ALTS,-0.21326199475813115,0.0,0.0,0.01302439896373057,-0.01302439896373057,0.0,0.0,0.0,0.0,0.0
2024-10-18,WEAK_RISK_ON_ALTS,-0.21116494675401856,0.0,0.0,0.008366968911917096,-0.008366968911917096,0.0,0.0,0.0,0.0,0.0
2024-10-19,BALANCED,-0.08541595471342753,0.0,0.0,0.014614880829015547,-0.014614880829015547,0.0,0.0,0.0,0.0,0.0
2024-10-20,BALANCED,-0.07573147676580075,0.0,0.0,0.015901554404145077,-0.015901554404145077,0.0,0.0,0.0,0.0,0.0
2024-10-21,BALANCED,0.1247767582350067,0.0,0.0,0.021018466321243528,-0.021018466321243528,0.0,0.0,0.0,0.0,0.0
2024-10-22,BALANCED,-0.39273913061800475,0.0,0.0,0.020117797927461146,-0.020117797927461146,0.0,0.0,0.0,0.0,0.0
2024-10-23,BALANCED,0.017660957130917938,0.0,0.0,0.01908334196891192,-0.01908334196891192,0.0,0.0,0.0,0.0,0.0
2024-10-24,BALANCED,-0.08164211211365781,0.0,0.0,0.01162133160621762,-0.01162133160621762,0.0,0.0,0.0,0.0,0.0
2024-10-25,BALANCED,-0.04996476898894198,0.0,0.0,0.01850420103092784,-0.01850420103092784,0.0,0.0,0.0,0.0,0.0
2024-10-26,BALANCED,0.146010526334872,0.0,0.0,0.00202666836734694,-0.00202666836734694,0.0,0.0,0.0,0.0,0.0
2024-10-27,BALANCED,0.1795133538377811,0.0,0.0,0.008912801020408163,-0.008912801020408163,0.0,0.0,0.0,0.0,0.0
2024-10-28,BALANCED,0.18626500442940125,0.0,0.0,0.009439132653061226,-0.009439132653061226,0.0,0.0,0.0,0.0,0.0
2024-10-29,WEAK_RISK_ON_MAJORS,0.5683282624178392,0.0,0.0003,0.012947632653061227,-0.013247632653061227,0.19999999999999998,0.39999999999999997,0.19999999999999998,0.39999999999999997,0.6
2024-10-30,WEAK_RISK_ON_MAJORS,0.5109541049248655,0.015308996616076369,9.799972465287564e-6,0.025008290816326537,-0.009709094172715456,0.01959994493057513,0.0,0.19999999999999998,0.39999999999999997,0.6
2024-10-31,BALANCED,0.022632540361293557,-0.0026632562236210064,0.0003,0.02166336734693878,-0.024626623570559787,0.19999999999999998,0.39999999999999997,0.0,0.0,0.0
2024-11-01,BALANCED,0.08252021025719136,0.0,0.0,0.015995678571428574,-0.015995678571428574,0.0,0.0,0.0,0.0,0.0
2024-11-02,BALANCED,0.2629093561813826,0.0,0.0,0.020007505102040822,-0.020007505102040822,0.0,0.0,0.0,0.0,0.0
2024-11-03,BALANCED,-0.11195828626150359,0.0,0.0,0.010760357142857144,-0.010760357142857144,0.0,0.0,0.0,0.0,0.0
2024-11-04,BALANCED,-0.11506280762811927,0.0,0.0,0.009528673469387756,-0.009528673469387756,0.0,0.0,0.0,0.0,0.0
2024-11-05,BALANCED,0.022164766879546563,0.0,0.0,0.010050642857142859,-0.010050642857142859,0.0,0.0,0.0,0.0,0.0
2024-11-06,WEAK_RISK_ON_MAJORS,0.6668563191811593,0.0,0.0003,0.01633382142857143,-0.016633821428571432,0.2,0.39999999999999997,0.2,0.39999999999999997,0.6
2024-11-07,WEAK_RISK_ON_MAJORS,0.9009210335173375,0.03743509411487247,0.000010522038763540919,0.02637045685279188,0.011054115223317049,0.021044077527081838,0.0,0.2,0.39999999999999997,0.6
2024-11-08,WEAK_RISK_ON_MAJORS,0.38439313697208377,0.004471470557185139,0.000018946199727318388,0.023897573604060914,-0.019445049246603095,0.03789239945463677,0.0,0.19999999999999998,0.39999999999999997,0.6
2024-11-09,STRONG_RISK_ON_MAJORS,1.8214507544776612,0.002989656774989092,0.0002,0.00914938190954774,-0.006359725134558649,0.13333333333333333,0.26666666666666666,0.3333333333333333,0.6666666666666666,1.0
2024-11-10,BALANCED,-0.05919934478657818,0.014275844568128578,0.0005,0.01612650753768845,-0.0023506629695598732,0.3333333333333333,0.6666666666666666,0.0,0.0,0.0
2024-11-11,BALANCED,0.13081212458059124,0.0,0.0,0.04814648743718593,-0.04814648743718593,0.0,0.0,0.0,0.0,0.0
2024-11-12,WEAK_RISK_ON_MAJORS,0.6913925440499924,0.0,0.0003,0.06669453731343283,-0.06699453731343283,0.19999999999999998,0.39999999999999997,0.19999999999999998,0.39999999999999997,0.6
2024-11-13,WEAK_RISK_ON_MAJORS,0.30539441038774,-0.0018946028922304373,0.0003,0.05350541791044777,-0.05570002080267821,0.19999999999999998,0.39999999999999997,0.0,0.0,0.0
2024-11-14,BALANCED,0.01557121269513112,0.0,0.0,0.03623673134328358,-0.03623673134328358,0.0,0.0,0.0,0.0,0.0
2024-11-15,BALANCED,-0.25532666825266565,0.0,0.0,0.02519168656716418,-0.02519168656716418,0.0,0.0,0.0,0.0,0.0
2024-11-16,BALANCED,0.3152097087198186,0.0,0.0,0.034624128712871294,-0.034624128712871294,0.0,0.0,0.0,0.0,0.0
2024-11-18,BALANCED,-0.11966890591495216,0.0,0.0,0.03456776732673268,-0.03456776732673268,0.0,0.0,0.0,0.0,0.0
2024-11-19,BALANCED,-0.042751984350191494,0.0,0.0,0.04808432352941178,-0.04808432352941178,0.0,0.0,0.0,0.0,0.0
2024-11-20,BALANCED,-0.08848735252424915,0.0,0.0,0.02580632352941177,-0.02580632352941177,0.0,0.0,0.0,0.0,0.0
2024-11-21,BALANCED,0.011687749030769872,0.0,0.0,0.01143957352941177,-0.01143957352941177,0.0,0.0,0.0,0.0,0.0
2024-11-22,BALANCED,0.43421788042473153,0.0,0.0,0.049111170731707315,-0.049111170731707315,0.0,0.0,0.0,0.0,0.0
2024-11-23,WEAK_RISK_ON_MAJORS,0.5029174310253517,0.0,0.0003,0.052937546341463415,-0.05323754634146342,0.19999999999999998,0.39999999999999997,0.19999999999999998,0.39999999999999997,0.6
2024-11-24,WEAK_RISK_ON_MAJORS,0.34911193104895427,0.006203728309039563,0.0003,0.04303447317073169,-0.03713074486169213,0.19999999999999998,0.39999999999999997,0.0,0.0,0.0
2024-11-25,BALANCED,-0.41549908922591583,0.0,0.0,0.0453999512195122,-0.0453999512195122,0.0,0.0,0.0,0.0,0.0
2024-11-26,WEAK_RISK_ON_ALTS,-0.7572983972068471,0.0,0.0,0.027031448780487806,-0.027031448780487806,0.0,0.0,0.0,0.0,0.0
2024-11-27,BALANCED,0.09559667251031209,0.0,0.0,0.0016858097560975616,-0.0016858097560975616,0.0,0.0,0.0,0.0,0.0
2024-11-28,BALANCED,-0.0563594612345345,0.0,0.0,0.04353020388349514,-0.04353020388349514,0.0,0.0,0.0,0.0,0.0
2024-11-29,BALANCED,-0.06932433521992759,0.0,0.0,0.04130065048543689,-0.04130065048543689,0.0,0.0,0.0,0.0,0.0
2024-11-30,BALANCED,-0.1482107189689444,0.0,0.0,0.05612241262135921,-0.05612241262135921,0.0,0.0,0.0,0.0,0.0
2024-12-01,BALANCED,-0.4865785281521169,0.0,0.0,0.05810442233009708,-0.05810442233009708,0.0,0.0,0.0,0.0,0.0
2024-12-02,BALANCED,0.11338246313664964,0.0,0.0,0.08133987378640775,-0.08133987378640775,0.0,0.0,0.0,0.0,0.0
2024-12-03,BALANCED,-0.08474507173055906,0.0,0.0,0.06898549514563107,-0.06898549514563107,0.0,0.0,0.0,0.0,0.0
2024-12-04,BALANCED,0.0,0.0,0.0,0.1076803980582524,-0.1076803980582524,0.0,0.0,0.0,0.0,0.0
2024-12-05,BALANCED,0.0,0.0,0.0,0.07069556250000002,-0.07069556250000002,0.0,0.0,0.0,0.0,0.0
2024-12-06,BALANCED,0.0,0.0,0.0,0.10637968269230766,-0.10637968269230766,0.0,0.0,0.0,0.0,0.0
2024-12-07,BALANCED,0.0,0.0,0.0,0.10187462857142857,-0.10187462857142857,0.0,0.0,0.0,0.0,0.0
2024-12-08,BALANCED,0.0,0.0,0.0,0.11919575714285713,-0.11919575714285713,0.0,0.0,0.0,0.0,0.0
2024-12-09,BALANCED,0.0,0.0,0.0,0.08428054285714284,-0.08428054285714284,0.0,0.0,0.0,0.0,0.0
2024-12-10,BALANCED,0.0,0.0,0.0,0.010126890995260667,-0.010126890995260667,0.0,0.0,0.0,0.0,0.0
2024-12-11,BALANCED,0.0,0.0,0.0,0.009120827102803744,-0.009120827102803744,0.0,0.0,0.0,0.0,0.0
2024-12-12,BALANCED,0.0,0.0,0.0,0.017420509345794394,-0.017420509345794394,0.0,0.0,0.0,0.0,0.0
2024-12-13,BALANCED,0.0,0.0,0.0,0.020121911214953277,-0.020121911214953277,0.0,0.0,0.0,0.0,0.0
2024-12-14,BALANCED,0.0,0.0,0.0,0.020462214953271034,-0.020462214953271034,0.0,0.0,0.0,0.0,0.0
2024-12-15,BALANCED,0.0,0.0,0.0,0.016500827102803747,-0.016500827102803747,0.0,0.0,0.0,0.0,0.0
2024-12-16,BALANCED,0.0,0.0,0.0,0.022166607476635517,-0.022166607476635517,0.0,0.0,0.0,0.0,0.0
2024-12-17,BALANCED,0.0,0.0,0.0,-0.010560402777777774,0.010560402777777774,0.0,0.0,0.0,0.0,0.0
2024-12-18,BALANCED,0.0,0.0,0.0,0.012025423963133644,-0.012025423963133644,0.0,0.0,0.0,0.0,0.0
2024-12-19,BALANCED,0.0,0.0,0.0,0.008024697247706426,-0.008024697247706426,0.0,0.0,0.0,0.0,0.0
2024-12-20,BALANCED,0.0,0.0,0.0,-0.0019114816513761466,0.0019114816513761466,0.0,0.0,0.0,0.0,0.0
2024-12-21,BALANCED,0.0,0.0,0.0,0.01439370270270271,-0.01439370270270271,0.0,0.0,0.0,0.0,0.0
2024-12-22,BALANCED,0.0,0.0,0.0,0.0032290675675675715,-0.0032290675675675715,0.0,0.0,0.0,0.0,0.0
2024-12-23,BALANCED,0.0,0.0,0.0,-0.053033486486486495,0.053033486486486495,0.0,0.0,0.0,0.0,0.0
2024-12-24,BALANCED,0.0,0.0,0.0,0.008521224215246644,-0.008521224215246644,0.0,0.0,0.0,0.0,0.0
2024-12-25,BALANCED,0.0,0.0,0.0,0.011422218750000006,-0.011422218750000006,0.0,0.0,0.0,0.0,0.0
2024-12-26,BALANCED,0.0,0.0,0.0,-0.0008910937499999964,0.0008910937499999964,0.0,0.0,0.0,0.0,0.0
2024-12-27,BALANCED,0.0,0.0,0.0,-0.00870677678571428,0.00870677678571428,0.0,0.0,0.0,0.0,0.0
2024-12-28,BALANCED,0.0,0.0,0.0,0.009359250000000005,-0.009359250000000005,0.0,0.0,0.0,0.0,0.0
2024-12-29,BALANCED,0.0,0.0,0.0,-0.01781773660714285,0.01781773660714285,0.0,0.0,0.0,0.0,0.0
2024-12-30,BALANCED,0.0,0.0,0.0,-0.002055468749999999,0.002055468749999999,0.0,0.0,0.0,0.0,0.0
2024-12-31,BALANCED,0.0,0.0,0.0,0.00847702666666667,-0.00847702666666667,0.0,0.0,0.0,0.0,0.0
2025-01-01,BALANCED,0.0,0.0,0.0,0.0029418666666666724,-0.0029418666666666724,0.0,0.0,0.0,0.0,0.0
2025-01-02,BALANCED,0.0,0.0,0.0,0.013916466666666676,-0.013916466666666676,0.0,0.0,0.0,0.0,0.0
2025-01-03,BALANCED,0.0,0.0,0.0,0.02173647345132744,-0.02173647345132744,0.0,0.0,0.0,0.0,0.0
2025-01-04,BALANCED,0.0,0.0,0.0,0.024342594713656393,-0.024342594713656393,0.0,0.0,0.0,0.0,0.0
2025-01-05,BALANCED,0.0,0.0,0.0,0.012867911894273134,-0.012867911894273134,0.0,0.0,0.0,0.0,0.0
2025-01-06,BALANCED,0.0,0.0,0.0,-0.017227427312775323,0.017227427312775323,0.0,0.0,0.0,0.0,0.0
2025-01-07,BALANCED,0.0,0.0,0.0,-0.015896814977973572,0.015896814977973572,0.0,0.0,0.0,0.0,0.0
2025-01-08,BALANCED,0.0,0.0,0.0,0.0001613842794759872,-0.0001613842794759872,0.0,0.0,0.0,0.0,0.0
2025-01-09,BALANCED,0.0,0.0,0.0,-0.016817504347826084,0.016817504347826084,0.0,0.0,0.0,0.0,0.0
2025-01-10,BALANCED,0.0,0.0,0.0,-0.02461853478260869,0.02461853478260869,0.0,0.0,0.0,0.0,0.0
2025-01-11,BALANCED,0.0,0.0,0.0,-0.0019149913043478195,0.0019149913043478195,0.0,0.0,0.0,0.0,0.0
2025-01-12,BALANCED,0.0,0.0,0.0,-0.0228876,0.0228876,0.0,0.0,0.0,0.0,0.0
2025-01-13,BALANCED,0.0,0.0,0.0,-0.01582069565217391,0.01582069565217391,0.0,0.0,0.0,0.0,0.0
2025-01-14,BALANCED,0.0,0.0,0.0,-0.020404852173913045,0.020404852173913045,0.0,0.0,0.0,0.0,0.0
2025-01-15,BALANCED,0.0,0.0,0.0,0.007173508695652175,-0.007173508695652175,0.0,0.0,0.0,0.0,0.0
2025-01-16,BALANCED,0.0,0.0,0.0,0.01833548051948053,-0.01833548051948053,0.0,0.0,0.0,0.0,0.0
2025-01-17,BALANCED,0.0,0.0,0.0,0.015146625000000004,-0.015146625000000004,0.0,0.0,0.0,0.0,0.0
2025-01-18,BALANCED,0.0,0.0,0.0,-0.019208497854077248,0.019208497854077248,0.0,0.0,0.0,0.0,0.0
2025-01-20,BALANCED,0.0,0.0,0.0,0.021548243589743596,-0.021548243589743596,0.0,0.0,0.0,0.0,0.0
2025-01-21,BALANCED,0.0,0.0,0.0,0.020443455319148943,-0.020443455319148943,0.0,0.0,0.0,0.0,0.0
2025-01-22,BALANCED,0.0,0.0,0.0,0.025356906382978727,-0.025356906382978727,0.0,0.0,0.0,0.0,0.0
2025-01-23,BALANCED,0.0,0.0,0.0,-0.004118288135593214,0.004118288135593214,0.0,0.0,0.0,0.0,0.0
2025-01-24,BALANCED,0.0,0.0,0.0,-0.0239688860759494,0.0239688860759494,0.0,0.0,0.0,0.0,0.0
2025-01-25,BALANCED,0.0,0.0,0.0,-0.021026259414225937,0.021026259414225937,0.0,0.0,0.0,0.0,0.0
2025-01-26,BALANCED,0.0,0.0,0.0,-0.020999146443514638,0.020999146443514638,0.0,0.0,0.0,0.0,0.0
2025-01-27,BALANCED,0.0,0.0,0.0,-0.03574889121338913,0.03574889121338913,0.0,0.0,0.0,0.0,0.0
2025-01-28,BALANCED,0.0,0.0,0.0,-0.02357411297071149,0.02357411297071149,0.0,0.0,0.0,0.0,0.0
2025-01-29,BALANCED,0.0,0.0,0.0,-0.00859040585774058,0.00859040585774058,0.0,0.0,0.0,0.0,0.0
2025-01-30,BALANCED,0.0,0.0,0.0,-0.0034581374999999985,0.0034581374999999985,0.0,0.0,0.0,0.0,0.0
2025-01-31,BALANCED,0.0,0.0,0.0,0.006645900000000003,-0.006645900000000003,0.0,0.0,0.0,0.0,0.0
2025-02-01,BALANCED,0.0,0.0,0.0,-0.0020724374999999905,0.0020724374999999905,0.0,0.0,0.0,0.0,0.0
2025-02-02,BALANCED,0.0,0.0,0.0,-0.032427475000000004,0.032427475000000004,0.0,0.0,0.0,0.0,0.0
2025-02-03,BALANCED,0.0,0.0,0.0,-0.018475512499999996,0.018475512499999996,0.0,0.0,0.0,0.0,0.0
2025-02-04,BALANCED,0.0,0.0,0.0,-0.008841462499999996,0.008841462499999996,0.0,0.0,0.0,0.0,0.0
2025-02-05,BALANCED,0.0,0.0,0.0,-0.033944387500000055,0.033944387500000055,0.0,0.0,0.0,0.0,0.0
2025-02-06,BALANCED,0.0,0.0,0.0,-0.0181960875,0.0181960875,0.0,0.0,0.0,0.0,0.0
2025-02-07,BALANCED,0.0,0.0,0.0,-0.04366061825726143,0.04366061825726143,0.0,0.0,0.0,0.0,0.0
2025-02-08,BALANCED,0.46385037757908626,0.0,0.0,-0.021712593360995847,0.021712593360995847,0.0,0.0,0.0,0.0,0.0
2025-02-09,WEAK_RISK_ON_MAJORS,0.5791358561571571,0.0,0.0003,-0.03363634854771784,0.03333634854771784,0.19999999999999998,0.39999999999999997,0.19999999999999998,0.39999999999999997,0.6
2025-02-10,WEAK_RISK_ON_MAJORS,0.7236139433831439,-0.0026176256471045476,0.000016518298406699646,-0.021457232365145226,0.01882308841963398,0.033036596813399294,0.0,0.2,0.39999999999999997,0.6
2025-02-11,WEAK_RISK_ON_MAJORS,0.769931922107012,0.005304933620089786,0.000023463116695801763,-0.024334282157676364,0.029615752661070346,0.046926233391603525,0.0,0.2,0.39999999999999997,0.6
2025-02-12,WEAK_RISK_ON_MAJORS,0.5386998595432341,-0.0032581957392737396,0.000016457763430297507,-0.05527252066115703,0.05199786715845299,0.03291552686059501,0.0,0.19999999999999998,0.39999999999999997,0.6
2025-02-13,WEAK_RISK_ON_MAJORS,1.125738120861037,0.008880705151198886,0.0003,-0.0012458677685950386,0.009826572919793924,0.19999999999999998,0.39999999999999997,0.0,0.0,0.0
2025-02-14,WEAK_RISK_ON_MAJORS,0.4895565059784678,0.0,0.0003,-0.03332435655737708,0.03302435655737708,0.19999999999999998,0.39999999999999997,0.19999999999999998,0.39999999999999997,0.6
2025-02-15,WEAK_RISK_ON_MAJORS,0.8710060606337071,0.006612203534426823,0.00004703985482506891,0.003793131147540985,0.002772032532060769,0.09407970965013783,0.0,0.19999999999999998,0.39999999999999997,0.6
2025-02-16,BALANCED,0.07275481954604554,-0.007464203564035331,0.0003,-0.017477200819672127,0.009712997255636797,0.19999999999999998,0.39999999999999997,0.0,0.0,0.0
2025-02-17,BALANCED,0.05027687941029632,0.0,0.0,-0.06440234016393447,0.06440234016393447,0.0,0.0,0.0,0.0,0.0
2025-02-18,BALANCED,0.23445649336415092,0.0,0.0,-0.05017726229508205,0.05017726229508205,0.0,0.0,0.0,0.0,0.0
2025-02-19,WEAK_RISK_ON_MAJORS,0.5289436017058483,0.0,0.0003,-0.027577401639344287,0.027277401639344286,0.19999999999999998,0.39999999999999997,0.19999999999999998,0.39999999999999997,0.6
2025-02-20,WEAK_RISK_ON_MAJORS,0.47989309494185317,0.005918354518289757,0.0000258930211220097,-0.03646909426229508,0.04236155575946283,0.0517860422440194,0.0,0.19999999999999998,0.39999999999999997,0.6
2025-02-21,WEAK_RISK_ON_MAJORS,0.5076678877599171,0.011065582484863133,3.008600985535853e-6,-0.001836587755102034,0.01289916163897963,0.0060172019710717055,0.0,0.19999999999999998,0.39999999999999997,0.6
2025-02-22,BALANCED,0.02487876909806926,-0.011075069760711341,0.0003,-0.019324151020408173,0.007949081259696832,0.19999999999999998,0.39999999999999997,0.0,0.0,0.0
2025-02-23,WEAK_RISK_ON_MAJORS,0.6825487814793054,0.0,0.0003,-0.023938004081632703,0.0236380040816327,0.19999999999999998,0.39999999999999997,0.19999999999999998,0.39999999999999997,0.6
2025-02-24,BALANCED,-0.27456472393529785,-0.0010223098731172002,0.0003,-0.03117275510204082,0.02985044522892362,0.19999999999999998,0.39999999999999997,0.0,0.0,0.0
2025-02-25,WEAK_RISK_ON_MAJORS,0.5209266118151042,0.0,0.0003,-0.026398812244897957,0.026098812244897955,0.2,0.39999999999999997,0.2,0.39999999999999997,0.6
2025-02-26,BALANCED,0.06376654150007961,-0.0046413294669180845,0.0003,-0.014184697959183677,0.009243368492265591,0.2,0.39999999999999997,0.0,0.0,0.0
2025-02-27,BALANCED,0.03259439557527774,0.0,0.0,0.006696355102040821,-0.006696355102040821,0.0,0.0,0.0,0.0,0.0
2025-02-28,BALANCED,0.4646163375242153,0.0,0.0,0.0004420530612244919,-0.0004420530612244919,0.0,0.0,0.0,0.0,0.0
2025-03-01,WEAK_RISK_ON_MAJORS,0.5035419760084732,0.0,0.0003,0.013227171428571435,-0.013527171428571435,0.19999999999999998,0.39999999999999997,0.19999999999999998,0.39999999999999997,0.6
2025-03-02,WEAK_RISK_ON_MAJORS,0.2812928425127803,0.007117639871164856,4.6076371041925014e-6,0.0023840571428571434,0.00472897509120352,0.009215274208385003,0.0,0.19999999999999998,0.39999999999999997,0.6
2025-03-03,WEAK_RISK_ON_MAJORS,0.31812988158481104,0.04427519156482294,0.00003141140135436374,0.01779411428571429,0.026449665877754287,0.06282280270872748,0.0,0.19999999999999998,0.39999999999999997,0.6
2025-03-04,BALANCED,-0.07227880579820971,-0.03960602396433793,0.0003,-0.032017836734693876,-0.007888187229644059,0.19999999999999998,0.39999999999999997,0.0,0.0,0.0
2025-03-05,WEAK_RISK_ON_MAJORS,1.338721171358288,0.0,0.0003,-0.004879469387755101,0.004579469387755101,0.19999999999999998,0.39999999999999997,0.19999999999999998,0.39999999999999997,0.6
2025-03-06,WEAK_RISK_ON_MAJORS,0.35323948107173436,0.01807424620198441,0.000010394930205225016,-0.009002179591836733,0.02706603086361592,0.020789860410450032,0.0,0.19999999999999996,0.39999999999999997,0.5999999999999999
2025-03-07,BALANCED,-0.16963864759743547,-0.0024747412737583553,0.0002999999999999999,-0.012214646341463416,0.00943990506770506,0.19999999999999996,0.39999999999999997,0.0,0.0,0.0
2025-03-08,BALANCED,-0.21349009710765365,0.0,0.0,-0.006852499999999999,0.006852499999999999,0.0,0.0,0.0,0.0,0.0
2025-03-09,BALANCED,-0.16667970043261435,0.0,0.0,-0.016021719512195116,0.016021719512195116,0.0,0.0,0.0,0.0,0.0
2025-03-10,BALANCED,-0.2660197635093848,0.0,0.0,-0.04091842682926832,0.04091842682926832,0.0,0.0,0.0,0.0,0.0
2025-03-11,BALANCED,0.052194100800527915,0.0,0.0,-0.05853457317073171,0.05853457317073171,0.0,0.0,0.0,0.0,0.0
2025-03-12,BALANCED,0.49259757128318005,0.0,0.0,-0.020616097560975613,0.020616097560975613,0.0,0.0,0.0,0.0,0.0
2025-03-13,BALANCED,0.3492911753347327,0.0,0.0,-0.0047970243902439,0.0047970243902439,0.0,0.0,0.0,0.0,0.0
2025-03-14,WEAK_RISK_ON_MAJORS,1.048989057375,0.0,0.0003,-0.010499353658536584,0.010199353658536584,0.19999999999999998,0.39999999999999997,0.19999999999999998,0.39999999999999997,0.6
2025-03-15,WEAK_RISK_ON_MAJORS,0.6260030681461759,0.010475696384297064,6.7286310505506375e-6,-0.033526890243902444,0.04399585799714896,0.013457262101101274,0.0,0.19999999999999998,0.39999999999999997,0.6
2025-03-16,WEAK_RISK_ON_MAJORS,0.24671380956056266,0.002752201647513536,2.8775726475939545e-6,-0.025242487804878047,0.027991811879743988,0.0057551452951879085,0.0,0.19999999999999998,0.39999999999999997,0.6
2025-03-17,BALANCED,-0.275256558457485,-0.007523301514127024,0.0003,-0.027832012195121943,0.02000871068099492,0.19999999999999998,0.39999999999999997,0.0,0.0,0.0
2025-03-18,WEAK_RISK_ON_MAJORS,0.5683331365294031,0.0,0.0003,-0.030256817073170773,0.02995681707317077,0.2,0.39999999999999997,0.2,0.39999999999999997,0.6
2025-03-19,BALANCED,0.09706958886848097,-0.00492647525754072,0.0003,-0.021777548780487807,0.016551073522947088,0.2,0.39999999999999997,0.0,0.0,0.0
2025-03-20,WEAK_RISK_ON_MAJORS,1.2260850483479269,0.0,0.0003,-0.008863190283400806,0.008563190283400806,0.2,0.39999999999999997,0.2,0.39999999999999997,0.6
2025-03-21,BALANCED,-0.19152423499325105,-0.009836684931058,0.0003,-0.02178371659919032,0.01164703166813232,0.2,0.39999999999999997,0.0,0.0,0.0
2025-03-22,BALANCED,-0.1075487952992627,0.0,0.0,-0.04238970967741935,0.04238970967741935,0.0,0.0,0.0,0.0,0.0
2025-03-24,BALANCED,0.29557581992757564,0.0,0.0,-0.013693835999999994,0.013693835999999994,0.0,0.0,0.0,0.0,0.0
2025-03-25,BALANCED,0.31533485145395584,0.0,0.0,-0.003232331999999992,0.003232331999999992,0.0,0.0,0.0,0.0,0.0
2025-03-26,BALANCED,0.33285793534240593,0.0,0.0,-0.009392652,0.009392652,0.0,0.0,0.0,0.0,0.0
2025-03-27,BALANCED,-0.2693075287272319,0.0,0.0,-0.014110039840637446,0.014110039840637446,0.0,0.0,0.0,0.0,0.0
2025-03-28,BALANCED,-0.4224761675954618,0.0,0.0,-0.04394678656126483,0.04394678656126483,0.0,0.0,0.0,0.0,0.0
2025-03-29,BALANCED,-0.4116837320392968,0.0,0.0,-0.027456,0.027456,0.0,0.0,0.0,0.0,0.0
2025-03-30,BALANCED,-0.3751084700853024,0.0,0.0,-0.023167114624505925,0.023167114624505925,0.0,0.0,0.0,0.0,0.0
2025-03-31,BALANCED,0.03445027819600769,0.0,0.0,-0.015989347826086953,0.015989347826086953,0.0,0.0,0.0,0.0,0.0
2025-04-01,BALANCED,0.42621492703280217,0.0,0.0,-0.00978751181102362,0.00978751181102362,0.0,0.0,0.0,0.0,0.0
2025-04-02,BALANCED,-0.012519223994515022,0.0,0.0,-0.009856830708661418,0.009856830708661418,0.0,0.0,0.0,0.0,0.0
2025-04-03,BALANCED,0.2522805975693804,0.0,0.0,-0.0383439294117647,0.0383439294117647,0.0,0.0,0.0,0.0,0.0
2025-04-04,BALANCED,0.11898987195951943,0.0,0.0,-0.006180035294117644,0.006180035294117644,0.0,0.0,0.0,0.0,0.0
2025-04-05,WEAK_RISK_ON_MAJORS,0.5997321560935703,0.0,0.0003,-0.001373117647058824,0.001073117647058824,0.19999999999999998,0.39999999999999997,0.19999999999999998,0.39999999999999997,0.6
2025-04-06,BALANCED,0.13086883810230485,-0.0003669387243165869,0.0003,-0.0135622734375,0.012895334713183413,0.19999999999999998,0.39999999999999997,0.0,0.0,0.0
2025-04-07,BALANCED,0.06532327754976514,0.0,0.0,-0.033069339843750004,0.033069339843750004,0.0,0.0,0.0,0.0,0.0
2025-04-08,WEAK_RISK_ON_MAJORS,0.542925818886966,0.0,0.0003,-0.018618515625,0.018318515624999997,0.19999999999999998,0.39999999999999997,0.19999999999999998,0.39999999999999997,0.6
2025-04-09,BALANCED,-0.16368334395575757,-0.012325007614727346,0.0003,-0.036596578125,0.023971570510272655,0.19999999999999998,0.39999999999999997,0.0,0.0,0.0
2025-04-10,WEAK_RISK_ON_MAJORS,1.1971570170214392,0.0,0.0003,-0.0027063398437500003,0.0024063398437500004,0.19999999999999998,0.39999999999999997,0.19999999999999998,0.39999999999999997,0.6
2025-04-11,BALANCED,0.11338327119236011,-0.010007364986372676,0.0003,-0.05905489453125,0.04874752954487732,0.19999999999999998,0.39999999999999997,0.0,0.0,0.0
2025-04-12,WEAK_RISK_ON_MAJORS,1.0454956936636393,0.0,0.0003,-0.03615809765624999,0.03585809765624999,0.19999999999999998,0.39999999999999997,0.19999999999999998,0.39999999999999997,0.6
2025-04-13,WEAK_RISK_ON_MAJORS,0.3887478909044805,0.01023626157692761,8.78501659252178e-6,-0.027669431906614785,0.037896908466949875,0.01757003318504356,0.0,0.19999999999999998,0.39999999999999997,0.6
2025-04-14,BALANCED,0.0,-0.0076093077544287895,0.0003,-0.02368320233463035,0.015773894580201564,0.19999999999999998,0.39999999999999997,0.0,0.0,0.0
2025-04-15,BALANCED,0.0,0.0,0.0,-0.05061790272373541,0.05061790272373541,0.0,0.0,0.0,0.0,0.0
2025-04-16,BALANCED,0.0,0.0,0.0,-0.04126734630350194,0.04126734630350194,0.0,0.0,0.0,0.0,0.0
2025-04-17,BALANCED,0.0,0.0,0.0,-0.03421963953488372,0.03421963953488372,0.0,0.0,0.0,0.0,0.0
2025-04-18,BALANCED,0.0,0.0,0.0,-0.05565923255813954,0.05565923255813954,0.0,0.0,0.0,0.0,0.0
2025-04-19,BALANCED,0.0,0.0,0.0,-0.06734949999999999,0.06734949999999999,0.0,0.0,0.0,0.0,0.0
2025-04-20,BALANCED,0.0,0.0,0.0,-0.04469890697674418,0.04469890697674418,0.0,0.0,0.0,0.0,0.0
2025-04-21,BALANCED,0.0,0.0,0.0,-0.041867639534883774,0.041867639534883774,0.0,0.0,0.0,0.0,0.0
2025-04-22,BALANCED,0.0,0.0,0.0,-0.022144662790697676,0.022144662790697676,0.0,0.0,0.0,0.0,0.0
2025-04-23,BALANCED,0.0,0.0,0.0,-0.002430911538461538,0.002430911538461538,0.0,0.0,0.0,0.0,0.0
2025-04-24,BALANCED,0.0,0.0,0.0,0.007830496153846154,-0.007830496153846154,0.0,0.0,0.0,0.0,0.0
2025-04-25,BALANCED,0.0,0.0,0.0,0.009768461538461538,-0.009768461538461538,0.0,0.0,0.0,0.0,0.0
2025-04-26,BALANCED,0.0,0.0,0.0,0.009835096153846154,-0.009835096153846154,0.0,0.0,0.0,0.0,0.0
2025-04-27,BALANCED,0.0,0.0,0.0,0.008941015384615385,-0.008941015384615385,0.0,0.0,0.0,0.0,0.0
2025-04-28,BALANCED,0.0,0.0,0.0,0.006030657692307692,-0.006030657692307692,0.0,0.0,0.0,0.0,0.0
2025-04-29,BALANCED,0.0,0.0,0.0,0.00953026717557252,-0.00953026717557252,0.0,0.0,0.0,0.0,0.0
2025-04-30,BALANCED,0.0,0.0,0.0,-0.011051541984732825,0.011051541984732825,0.0,0.0,0.0,0.0,0.0
2025-05-01,BALANCED,0.0,0.0,0.0,0.002719386363636365,-0.002719386363636365,0.0,0.0,0.0,0.0,0.0
2025-05-02,BALANCED,0.0,0.0,0.0,-0.0032475454545454526,0.0032475454545454526,0.0,0.0,0.0,0.0,0.0
2025-05-03,BALANCED,0.0,0.0,0.0,-0.0000772981132075478,0.0000772981132075478,0.0,0.0,0.0,0.0,0.0
2025-05-04,BALANCED,0.0,0.0,0.0,-0.0312515320754717,0.0312515320754717,0.0,0.0,0.0,0.0,0.0
2025-05-05,BALANCED,0.0,0.0,0.0,-0.01039275849056604,0.01039275849056604,0.0,0.0,0.0,0.0,0.0
2025-05-06,BALANCED,0.0,0.0,0.0,-0.029830562264150942,0.029830562264150942,0.0,0.0,0.0,0.0,0.0
2025-05-07,BALANCED,0.0,0.0,0.0,-0.017419301886792454,0.017419301886792454,0.0,0.0,0.0,0.0,0.0
2025-05-08,BALANCED,0.0,0.0,0.0,-0.011175913533834585,0.011175913533834585,0.0,0.0,0.0,0.0,0.0
2025-05-09,BALANCED,0.0,0.0,0.0,0.018382984962406014,-0.018382984962406014,0.0,0.0,0.0,0.0,0.0
2025-05-10,BALANCED,0.0,0.0,0.0,0.021171955056179775,-0.021171955056179775,0.0,0.0,0.0,0.0,0.0
2025-05-11,BALANCED,0.0,0.0,0.0,0.024156786516853934,-0.024156786516853934,0.0,0.0,0.0,0.0,0.0
2025-05-12,BALANCED,0.0,0.0,0.0,0.01550238202247191,-0.01550238202247191,0.0,0.0,0.0,0.0,0.0
2025-05-13,BALANCED,0.0,0.0,0.0,0.016912220149253733,-0.016912220149253733,0.0,0.0,0.0,0.0,0.0
2025-05-14,BALANCED,0.0,0.0,0.0,0.020891330855018587,-0.020891330855018587,0.0,0.0,0.0,0.0,0.0
2025-05-15,BALANCED,0.0,0.0,0.0,0.013739130111524164,-0.013739130111524164,0.0,0.0,0.0,0.0,0.0
2025-05-16,BALANCED,0.0,0.0,0.0,0.0021764222222222223,-0.0021764222222222223,0.0,0.0,0.0,0.0,0.0
2025-05-17,BALANCED,0.0,0.0,0.0,0.005441977859778596,-0.005441977859778596,0.0,0.0,0.0,0.0,0.0
2025-05-18,BALANCED,0.0,0.0,0.0,-0.0016694169741697414,0.0016694169741697414,0.0,0.0,0.0,0.0,0.0
2025-05-19,BALANCED,0.0,0.0,0.0,0.010824752767527673,-0.010824752767527673,0.0,0.0,0.0,0.0,0.0
2025-05-20,BALANCED,0.0,0.0,0.0,0.011048424354243544,-0.011048424354243544,0.0,0.0,0.0,0.0,0.0
2025-05-21,BALANCED,0.0,0.0,0.0,0.011349863468634687,-0.011349863468634687,0.0,0.0,0.0,0.0,0.0
2025-05-22,BALANCED,0.0,0.0,0.0,0.016591577205882353,-0.016591577205882353,0.0,0.0,0.0,0.0,0.0
2025-05-23,BALANCED,0.0,0.0,0.0,0.022030758241758243,-0.022030758241758243,0.0,0.0,0.0,0.0,0.0
2025-05-24,BALANCED,0.0,0.0,0.0,0.005154240875912409,-0.005154240875912409,0.0,0.0,0.0,0.0,0.0
2025-05-26,BALANCED,0.0,0.0,0.0,0.0029416532846715327,-0.0029416532846715327,0.0,0.0,0.0,0.0,0.0
2025-05-27,BALANCED,0.0,0.0,0.0,-0.003369010909090908,0.003369010909090908,0.0,0.0,0.0,0.0,0.0
2025-05-28,BALANCED,0.0,0.0,0.0,0.012550778181818184,-0.012550778181818184,0.0,0.0,0.0,0.0,0.0
2025-05-29,BALANCED,0.0,0.0,0.0,0.003933238267148014,-0.003933238267148014,0.0,0.0,0.0,0.0,0.0
2025-05-30,BALANCED,0.0,0.0,0.0,-0.013141521582733812,0.013141521582733812,0.0,0.0,0.0,0.0,0.0
2025-05-31,BALANCED,0.0,0.0,0.0,-0.042469161290322584,0.042469161290322584,0.0,0.0,0.0,0.0,0.0
2025-06-01,BALANCED,0.0,0.0,0.0,-0.022119096774193547,0.022119096774193547,0.0,0.0,0.0,0.0,0.0
2025-06-02,BALANCED,0.0,0.0,0.0,-0.0014114193548387093,0.0014114193548387093,0.0,0.0,0.0,0.0,0.0
2025-06-03,BALANCED,0.0,0.0,0.0,0.006407580645161291,-0.006407580645161291,0.0,0.0,0.0,0.0,0.0
2025-06-04,BALANCED,0.0,0.0,0.0,-0.00202137634408602,0.00202137634408602,0.0,0.0,0.0,0.0,0.0
2025-06-05,BALANCED,0.0,0.0,0.0,-0.010325935483870969,0.010325935483870969,0.0,0.0,0.0,0.0,0.0
2025-06-06,BALANCED,0.0,0.0,0.0,-0.04239703928571428,0.04239703928571428,0.0,0.0,0.0,0.0,0.0
2025-06-07,BALANCED,0.0,0.0,0.0,-0.016400260714285714,0.016400260714285714,0.0,0.0,0.0,0.0,0.0
2025-06-08,BALANCED,0.0,0.0,0.0,-0.0006790821428571401,0.0006790821428571401,0.0,0.0,0.0,0.0,0.0
2025-06-09,BALANCED,0.0,0.0,0.0,-0.007511967857142856,0.007511967857142856,0.0,0.0,0.0,0.0,0.0
2025-06-10,BALANCED,0.0,0.0,0.0,0.013506942857142858,-0.013506942857142858,0.0,0.0,0.0,0.0,0.0
2025-06-11,BALANCED,0.0,0.0,0.0,0.006847765957446808,-0.006847765957446808,0.0,0.0,0.0,0.0,0.0
2025-06-12,BALANCED,0.0,0.0,0.0,-0.012507919014084504,0.012507919014084504,0.0,0.0,0.0,0.0,0.0
2025-06-13,BALANCED,0.0,0.0,0.0,-0.03812482394366197,0.03812482394366197,0.0,0.0,0.0,0.0,0.0
2025-06-14,BALANCED,0.0,0.0,0.0,-0.01632464210526316,0.01632464210526316,0.0,0.0,0.0,0.0,0.0
2025-06-15,BALANCED,0.0,0.0,0.0,-0.020996052631578943,0.020996052631578943,0.0,0.0,0.0,0.0,0.0
2025-06-16,BALANCED,0.0,0.0,0.0,-0.016587084210526314,0.016587084210526314,0.0,0.0,0.0,0.0,0.0
2025-06-17,BALANCED,0.0,0.0,0.0,-0.00512378947368421,0.00512378947368421,0.0,0.0,0.0,0.0,0.0
2025-06-18,BALANCED,0.0,0.0,0.0,-0.014853010489510491,0.014853010489510491,0.0,0.0,0.0,0.0,0.0
2025-06-19,BALANCED,0.0,0.0,0.0,-0.00824509756097561,0.00824509756097561,0.0,0.0,0.0,0.0,0.0
2025-06-20,BALANCED,0.0,0.0,0.0,-0.005251808362369337,0.005251808362369337,0.0,0.0,0.0,0.0,0.0
2025-06-21,BALANCED,0.0,0.0,0.0,-0.027500278745644598,0.027500278745644598,0.0,0.0,0.0,0.0,0.0
2025-06-22,BALANCED,0.0,0.0,0.0,-0.01634095818815331,0.01634095818815331,0.0,0.0,0.0,0.0,0.0
2025-06-23,BALANCED,0.0,0.0,0.0,-0.01115759581881533,0.01115759581881533,0.0,0.0,0.0,0.0,0.0
2025-06-24,BALANCED,0.0,0.0,0.0,0.006500393728222998,-0.006500393728222998,0.0,0.0,0.0,0.0,0.0
2025-06-25,BALANCED,0.26498057223049454,0.0,0.0,0.0012284216027874577,-0.0012284216027874577,0.0,0.0,0.0,0.0,0.0
2025-06-26,BALANCED,0.2317369489190487,0.0,0.0,-0.008318875,0.008318875,0.0,0.0,0.0,0.0,0.0
2025-06-27,BALANCED,0.07544816862435118,0.0,0.0,-0.039952474048442904,0.039952474048442904,0.0,0.0,0.0,0.0,0.0
2025-06-28,WEAK_RISK_ON_MAJORS,0.5179359062585821,0.0,0.0003,-0.0020215640138408304,0.0017215640138408305,0.19999999999999998,0.39999999999999997,0.19999999999999998,0.39999999999999997,0.6
2025-06-29,WEAK_RISK_ON_MAJORS,0.25866594445441793,0.0014021269457891094,4.006824121673894e-6,-0.005445955017301038,0.006844075138968474,0.008013648243347788,0.0,0.2,0.39999999999999997,0.6
2025-06-30,WEAK_RISK_ON_MAJORS,0.5739576849398393,0.004013690169154314,5.158569822863967e-6,0.005282823529411767,-0.001274291930080317,0.010317139645727934,0.0,0.19999999999999998,0.39999999999999997,0.6
2025-07-01,BALANCED,0.011515345200520197,-0.003658438848726301,0.0003,-0.014766695501730105,0.010808256653003804,0.19999999999999998,0.39999999999999997,0.0,0.0,0.0
2025-07-02,BALANCED,0.4681870207308363,0.0,0.0,-0.017314868512110726,0.017314868512110726,0.0,0.0,0.0,0.0,0.0
2025-07-03,WEAK_RISK_ON_MAJORS,0.5025045927528762,0.0,0.0003,-0.010720972318339104,0.010420972318339104,0.19999999999999998,0.39999999999999997,0.19999999999999998,0.39999999999999997,0.6
2025-07-04,WEAK_RISK_ON_MAJORS,0.2586964952307078,0.002065848651517442,6.874588672444435e-7,-0.023390627586206896,0.025455788778857093,0.001374917734488887,0.0,0.19999999999999998,0.39999999999999997,0.6
2025-07-05,BALANCED,0.1967821211740513,-0.005184075361303446,0.0003,-0.03447718556701031,0.02899311020570686,0.19999999999999998,0.39999999999999997,0.0,0.0,0.0
2025-07-06,BALANCED,0.16661680791097602,0.0,0.0,-0.013652474226804125,0.013652474226804125,0.0,0.0,0.0,0.0,0.0
2025-07-07,BALANCED,0.2250271231846184,0.0,0.0,-0.004776319587628866,0.004776319587628866,0.0,0.0,0.0,0.0,0.0
2025-07-08,BALANCED,-0.06403654374559403,0.0,0.0,-0.004619568493150685,0.004619568493150685,0.0,0.0,0.0,0.0,0.0
2025-07-09,BALANCED,0.23099962840279312,0.0,0.0,-0.006614260273972602,0.006614260273972602,0.0,0.0,0.0,0.0,0.0
2025-07-10,BALANCED,0.18848175782873192,0.0,0.0,0.008012773972602739,-0.008012773972602739,0.0,0.0,0.0,0.0,0.0
2025-07-11,BALANCED,0.12663960025938104,0.0,0.0,0.0024228979591836733,-0.0024228979591836733,0.0,0.0,0.0,0.0,0.0
2025-07-12,BALANCED,0.2319597423730908,0.0,0.0,0.005747081632653062,-0.005747081632653062,0.0,0.0,0.0,0.0,0.0
2025-07-13,BALANCED,-0.17337452753408072,0.0,0.0,-0.005654173469387753,0.005654173469387753,0.0,0.0,0.0,0.0,0.0
2025-07-14,WEAK_RISK_ON_MAJORS,1.1329652556552638,0.0,0.0003,0.009122204081632654,-0.009422204081632654,0.19999999999999998,0.39999999999999997,0.19999999999999998,0.39999999999999997,0.6
2025-07-15,BALANCED,-0.22692607222692235,0.0015915061041911539,0.0003,0.012587959183673472,-0.011296453079482318,0.19999999999999998,0.39999999999999997,0.0,0.0,0.0
2025-07-16,BALANCED,-0.45078439322060404,0.0,0.0,0.021488501694915257,-0.021488501694915257,0.0,0.0,0.0,0.0,0.0
2025-07-17,BALANCED,-0.41548319662486144,0.0,0.0,0.018303905084745768,-0.018303905084745768,0.0,0.0,0.0,0.0,0.0
2025-07-18,WEAK_RISK_ON_ALTS,-0.800258083295945,0.0,0.0,0.015990476351351354,-0.015990476351351354,0.0,0.0,0.0,0.0,0.0
2025-07-19,WEAK_RISK_ON_ALTS,-0.9224759462719216,0.0,0.0,0.019252429054054054,-0.019252429054054054,0.0,0.0,0.0,0.0,0.0
2025-07-20,WEAK_RISK_ON_ALTS,-0.7675294336799681,0.0,0.0,0.0002707094594594585,-0.0002707094594594585,0.0,0.0,0.0,0.0,0.0
2025-07-21,WEAK_RISK_ON_ALTS,-0.5946501830728297,0.0,0.0,0.01764528040540541,-0.01764528040540541,0.0,0.0,0.0,0.0,0.0
2025-07-22,WEAK_RISK_ON_ALTS,-0.6056067613610435,0.0,0.0,0.014350763513513515,-0.014350763513513515,0.0,0.0,0.0,0.0,0.0
2025-07-23,WEAK_RISK_ON_ALTS,-0.8453577297101517,0.0,0.0,0.026046314189189186,-0.026046314189189186,0.0,0.0,0.0,0.0,0.0
2025-07-24,WEAK_RISK_ON_ALTS,-1.0052262830883367,0.0,0.0,0.0011016946308724843,-0.0011016946308724843,0.0,0.0,0.0,0.0,0.0
2025-07-25,WEAK_RISK_ON_ALTS,-0.2111665583282261,0.0,0.0,-0.007974533557046977,0.007974533557046977,0.0,0.0,0.0,0.0,0.0
2025-07-26,BALANCED,0.1549806054654247,0.0,0.0,0.006942980000000003,-0.006942980000000003,0.0,0.0,0.0,0.0,0.0
2025-07-28,WEAK_RISK_ON_ALTS,-0.5552596345227715,0.0,0.0,0.015178450000000003,-0.015178450000000003,0.0,0.0,0.0,0.0,0.0
2025-07-29,WEAK_RISK_ON_ALTS,-0.7976707284511765,0.0,0.0,-0.005602009999999999,0.005602009999999999,0.0,0.0,0.0,0.0,0.0
2025-07-30,WEAK_RISK_ON_ALTS,-0.30732984453910517,0.0,0.0,0.00608446688741722,-0.00608446688741722,0.0,0.0,0.0,0.0,0.0
2025-07-31,BALANCED,0.16065670016011355,0.0,0.0,0.011487278145695366,-0.011487278145695366,0.0,0.0,0.0,0.0,0.0
2025-08-01,WEAK_RISK_ON_ALTS,-0.708727074881035,0.0,0.0,-0.007976304635761588,0.007976304635761588,0.0,0.0,0.0,0.0,0.0
2025-08-02,WEAK_RISK_ON_ALTS,-0.46434403911912925,0.0,0.0,0.00341632450331126,-0.00341632450331126,0.0,0.0,0.0,0.0,0.0
2025-08-03,WEAK_RISK_ON_ALTS,-0.5134862237358051,0.0,0.0,-0.002518966887417219,0.002518966887417219,0.0,0.0,0.0,0.0,0.0
2025-08-04,BALANCED,-0.03940519212841151,0.0,0.0,0.0018955827814569537,-0.0018955827814569537,0.0,0.0,0.0,0.0,0.0
2025-08-05,BALANCED,0.1005984424314621,0.0,0.0,0.011638549668874171,-0.011638549668874171,0.0,0.0,0.0,0.0,0.0
2025-08-06,WEAK_RISK_ON_ALTS,-0.5904798582942639,0.0,0.0,-0.01381529702970297,0.01381529702970297,0.0,0.0,0.0,0.0,0.0
2025-08-07,BALANCED,-0.14442057298863356,0.0,0.0,-0.00665858415841584,0.00665858415841584,0.0,0.0,0.0,0.0,0.0
2025-08-08,BALANCED,-0.1414508566835369,0.0,0.0,0.017028276315789476,-0.017028276315789476,0.0,0.0,0.0,0.0,0.0
2025-08-09,BALANCED,-0.4551281353940636,0.0,0.0,0.0179458125,-0.0179458125,0.0,0.0,0.0,0.0,0.0
2025-08-10,BALANCED,0.0632323681823733,0.0,0.0,0.01762880921052632,-0.01762880921052632,0.0,0.0,0.0,0.0,0.0
2025-08-11,BALANCED,-0.2358281022242587,0.0,0.0,0.017475641447368424,-0.017475641447368424,0.0,0.0,0.0,0.0,0.0
2025-08-12,WEAK_RISK_ON_ALTS,-0.7978442096753837,0.0,0.0,0.00331510855263158,-0.00331510855263158,0.0,0.0,0.0,0.0,0.0
2025-08-13,BALANCED,0.01010465990195214,0.0,0.0,0.015575259868421055,-0.015575259868421055,0.0,0.0,0.0,0.0,0.0
2025-08-14,BALANCED,-0.16892981986820038,0.0,0.0,0.0007191315789473734,-0.0007191315789473734,0.0,0.0,0.0,0.0,0.0
2025-08-15,WEAK_RISK_ON_ALTS,-0.7860694670238668,0.0,0.0,-0.007065749999999999,0.007065749999999999,0.0,0.0,0.0,0.0,0.0
2025-08-16,WEAK_RISK_ON_ALTS,-0.6041759393062638,0.0,0.0,0.004971383606557377,-0.004971383606557377,0.0,0.0,0.0,0.0,0.0
2025-08-17,BALANCED,0.07418433349579234,0.0,0.0,0.0072955967213114755,-0.0072955967213114755,0.0,0.0,0.0,0.0,0.0
2025-08-18,BALANCED,-0.3662392322841275,0.0,0.0,0.0013017836065573796,-0.0013017836065573796,0.0,0.0,0.0,0.0,0.0
2025-08-19,BALANCED,0.10530275144610332,0.0,0.0,-0.007470727868852457,0.007470727868852457,0.0,0.0,0.0,0.0,0.0
2025-08-20,BALANCED,-0.45394545675688996,0.0,0.0,-0.02724665901639344,0.02724665901639344,0.0,0.0,0.0,0.0,0.0
2025-08-21,BALANCED,0.06563460466200237,0.0,0.0,0.009289901960784313,-0.009289901960784313,0.0,0.0,0.0,0.0,0.0
2025-08-22,WEAK_RISK_ON_ALTS,-0.7374755661253037,0.0,0.0,-0.0002956470588235298,0.0002956470588235298,0.0,0.0,0.0,0.0,0.0
2025-08-23,BALANCED,-0.15669346890567648,0.0,0.0,0.024547182410423453,-0.024547182410423453,0.0,0.0,0.0,0.0,0.0
2025-08-24,BALANCED,-0.34295227447370874,0.0,0.0,0.015084603896103894,-0.015084603896103894,0.0,0.0,0.0,0.0,0.0
2025-08-25,BALANCED,0.028663406260276525,0.0,0.0,0.009809094155844158,-0.009809094155844158,0.0,0.0,0.0,0.0,0.0
2025-08-26,BALANCED,-0.15821542412549155,0.0,0.0,-0.04823752427184466,0.04823752427184466,0.0,0.0,0.0,0.0,0.0
2025-08-27,BALANCED,0.07049400111997493,0.0,0.0,-0.00546947572815534,0.00546947572815534,0.0,0.0,0.0,0.0,0.0
2025-08-28,BALANCED,-0.3107801997347474,0.0,0.0,-0.018358388349514566,0.018358388349514566,0.0,0.0,0.0,0.0,0.0
2025-08-29,BALANCED,-0.2043266458250412,0.0,0.0,0.004661213592233012,-0.004661213592233012,0.0,0.0,0.0,0.0,0.0
2025-08-30,BALANCED,-0.17158775916138677,0.0,0.0,-0.001808980582524271,0.001808980582524271,0.0,0.0,0.0,0.0,0.0
2025-08-31,BALANCED,-0.18987125538839547,0.0,0.0,-0.0038810485436893177,0.0038810485436893177,0.0,0.0,0.0,0.0,0.0
2025-09-01,WEAK_RISK_ON_ALTS,-0.5039940406778401,0.0,0.0,-0.003814893203883493,0.003814893203883493,0.0,0.0,0.0,0.0,0.0
2025-09-02,BALANCED,-0.13294302803801447,0.0,0.0,-0.0019808032258064505,0.0019808032258064505,0.0,0.0,0.0,0.0,0.0
2025-09-03,BALANCED,-0.12591001808049423,0.0,0.0,0.008359151612903227,-0.008359151612903227,0.0,0.0,0.0,0.0,0.0
2025-09-04,BALANCED,-0.053668779128934696,0.0,0.0,0.011733260450160772,-0.011733260450160772,0.0,0.0,0.0,0.0,0.0
2025-09-05,BALANCED,-0.18389652001165324,0.0,0.0,-0.001082141479099678,0.001082141479099678,0.0,0.0,0.0,0.0,0.0
2025-09-06,BALANCED,-0.24548555211949447,0.0,0.0,0.003226630225080388,-0.003226630225080388,0.0,0.0,0.0,0.0,0.0
2025-09-07,BALANCED,-0.45954336748787294,0.0,0.0,0.011891160771704181,-0.011891160771704181,0.0,0.0,0.0,0.0,0.0
2025-09-08,BALANCED,-0.35452401026597313,0.0,0.0,0.013421247588424438,-0.013421247588424438,0.0,0.0,0.0,0.0,0.0
2025-09-09,BALANCED,-0.20623230534877582,0.0,0.0,0.011490846153846157,-0.011490846153846157,0.0,0.0,0.0,0.0,0.0
2025-09-10,BALANCED,-0.33215571630468116,0.0,0.0,0.0064065000000000025,-0.0064065000000000025,0.0,0.0,0.0,0.0,0.0
2025-09-11,BALANCED,-0.06619955762428345,0.0,0.0,0.013990184713375795,-0.013990184713375795,0.0,0.0,0.0,0.0,0.0
2025-09-12,BALANCED,-0.08382277055990575,0.0,0.0,0.01502938853503185,-0.01502938853503185,0.0,0.0,0.0,0.0,0.0
2025-09-13,BALANCED,-0.11207549390235381,0.0,0.0,0.03161797784810127,-0.03161797784810127,0.0,0.0,0.0,0.0,0.0
2025-09-14,BALANCED,-0.3442189422802676,0.0,0.0,0.03145482911392405,-0.03145482911392405,0.0,0.0,0.0,0.0,0.0
2025-09-15,WEAK_RISK_ON_ALTS,-0.5603562783717115,0.0,0.0,0.01416696835443038,-0.01416696835443038,0.0,0.0,0.0,0.0,0.0
2025-09-16,WEAK_RISK_ON_ALTS,-0.547339929963861,0.0,0.0,0.00804993690851735,-0.00804993690851735,0.0,0.0,0.0,0.0,0.0
2025-09-17,WEAK_RISK_ON_ALTS,-0.3215359223487615,0.0,0.0,0.009843482649842273,-0.009843482649842273,0.0,0.0,0.0,0.0,0.0
2025-09-18,BALANCED,-0.03693652498638168,0.0,0.0,0.015643096874999998,-0.015643096874999998,0.0,0.0,0.0,0.0,0.0
2025-09-19,BALANCED,-0.07485842338323907,0.0,0.0,0.025142878504672898,-0.025142878504672898,0.0,0.0,0.0,0.0,0.0
2025-09-20,BALANCED,-0.13465823755694628,0.0,0.0,0.01230367080745342,-0.01230367080745342,0.0,0.0,0.0,0.0,0.0
2025-09-21,BALANCED,-0.20385898016962017,0.0,0.0,0.017935826086956524,-0.017935826086956524,0.0,0.0,0.0,0.0,0.0
2025-09-22,BALANCED,-0.4928556287105998,0.0,0.0,0.01796179192546584,-0.01796179192546584,0.0,0.0,0.0,0.0,0.0
2025-09-23,WEAK_RISK_ON_ALTS,-0.5991413038147719,0.0,0.0,-0.004937897515527952,0.004937897515527952,0.0,0.0,0.0,0.0,0.0
2025-09-24,BALANCED,0.19397937992796588,0.0,0.0,0.007958572755417958,-0.007958572755417958,0.0,0.0,0.0,0.0,0.0
2025-09-25,BALANCED,-0.4604749302766272,0.0,0.0,-0.0007612222222222211,0.0007612222222222211,0.0,0.0,0.0,0.0,0.0
2025-09-26,BALANCED,-0.44368593075745233,0.0,0.0,0.0008077569230769237,-0.0008077569230769237,0.0,0.0,0.0,0.0,0.0
2025-09-27,BALANCED,-0.012421149388570252,0.0,0.0,0.01195145871559633,-0.01195145871559633,0.0,0.0,0.0,0.0,0.0
2025-09-29,WEAK_RISK_ON_ALTS,-0.2911491103924491,0.0,0.0,0.010536868902439024,-0.010536868902439024,0.0,0.0,0.0,0.0,0.0
2025-09-30,WEAK_RISK_ON_ALTS,-0.20935290465858059,0.0,0.0,0.007368227272727273,-0.007368227272727273,0.0,0.0,0.0,0.0,0.0
2025-10-01,WEAK_RISK_ON_ALTS,-0.8096050509255397,0.0,0.0,0.008561345454545455,-0.008561345454545455,0.0,0.0,0.0,0.0,0.0
2025-10-02,WEAK_RISK_ON_ALTS,-0.33234046940024775,0.0,0.0,0.011458015105740182,-0.011458015105740182,0.0,0.0,0.0,0.0,0.0
2025-10-03,BALANCED,-0.07234189856732479,0.0,0.0,0.007097927710843376,-0.007097927710843376,0.0,0.0,0.0,0.0,0.0
2025-10-04,WEAK_RISK_ON_ALTS,-0.6306542600301819,0.0,0.0,0.022636210843373493,-0.022636210843373493,0.0,0.0,0.0,0.0,0.0
2025-10-05,WEAK_RISK_ON_ALTS,-0.70965635525266,0.0,0.0,0.01135893072289157,-0.01135893072289157,0.0,0.0,0.0,0.0,0.0
2025-10-06,WEAK_RISK_ON_ALTS,-0.5733075360205302,0.0,0.0,0.007449777108433735,-0.007449777108433735,0.0,0.0,0.0,0.0,0.0
2025-10-07,BALANCED,0.2764056666977124,0.0,0.0,0.02396582530120482,-0.02396582530120482,0.0,0.0,0.0,0.0,0.0
2025-10-08,WEAK_RISK_ON_ALTS,-0.6012959999432059,0.0,0.0,0.002534207207207208,-0.002534207207207208,0.0,0.0,0.0,0.0,0.0
2025-10-09,BALANCED,0.13881785513942577,0.0,0.0,0.02087794311377246,-0.02087794311377246,0.0,0.0,0.0,0.0,0.0
2025-10-10,WEAK_RISK_ON_ALTS,-0.8948709685883776,0.0,0.0,0.01272952835820896,-0.01272952835820896,0.0,0.0,0.0,0.0,0.0
2025-10-11,BALANCED,0.14237044477273653,0.0,0.0,-0.18251805044510389,0.18251805044510389,0.0,0.0,0.0,0.0,0.0
2025-10-12,BALANCED,0.28298762783882225,0.0,0.0,-0.06430583431952662,0.06430583431952662,0.0,0.0,0.0,0.0,0.0
2025-10-13,WEAK_RISK_ON_MAJORS,0.5000273911971186,0.0,0.0003,-0.04294385502958581,0.04264385502958581,0.2,0.39999999999999997,0.2,0.39999999999999997,0.6
2025-10-14,WEAK_RISK_ON_MAJORS,0.8979817453939472,0.0005479846321373385,5.890585331003747e-7,-0.024859061946902655,0.025406457520506895,0.0011781170662007493,0.0,0.2,0.39999999999999997,0.6
2025-10-15,BALANCED,-0.28468273810014905,-0.0043409316736585535,0.0003,-0.022971652941176465,0.018330721267517912,0.2,0.39999999999999997,0.0,0.0,0.0
2025-10-16,BALANCED,-0.1543282435089001,0.0,0.0,-0.028824782991202343,0.028824782991202343,0.0,0.0,0.0,0.0,0.0
2025-10-17,BALANCED,-0.28963938666997,0.0,0.0,-0.0368411788856305,0.0368411788856305,0.0,0.0,0.0,0.0,0.0
2025-10-18,BALANCED,0.49973026884895544,0.0,0.0,-0.03250018421052631,0.03250018421052631,0.0,0.0,0.0,0.0,0.0
2025-10-19,BALANCED,0.4263835975689254,0.0,0.0,-0.024279219298245613,0.024279219298245613,0.0,0.0,0.0,0.0,0.0
2025-10-20,WEAK_RISK_ON_MAJORS,0.6527225366393941,0.0,0.0003,-0.025468728070175434,0.025168728070175433,0.19999999999999998,0.39999999999999997,0.19999999999999998,0.39999999999999997,0.6
2025-10-21,WEAK_RISK_ON_MAJORS,0.5826170905545869,0.004137075080279755,7.538142408075467e-7,-0.011477413994169095,0.015613735260208043,0.0015076284816150933,0.0,0.2,0.39999999999999997,0.6
2025-10-22,BALANCED,0.11973073456304006,-0.005020548821720541,0.0003,-0.02060919533527697,0.01528864651355643,0.2,0.39999999999999997,0.0,0.0,0.0
2025-10-23,BALANCED,0.19760128814133177,0.0,0.0,-0.03210173177842566,0.03210173177842566,0.0,0.0,0.0,0.0,0.0
2025-10-24,WEAK_RISK_ON_MAJORS,0.5380720020287397,0.0,0.0003,-0.00695710495626822,0.0066571049562682205,0.19999999999999998,0.39999999999999997,0.19999999999999998,0.39999999999999997,0.6
2025-10-25,WEAK_RISK_ON_MAJORS,0.39171561354344764,0.002089933261336571,2.102589438641862e-7,-0.013950489795918373,0.01604021279831108,0.0004205178877283724,0.0,0.19999999999999996,0.39999999999999997,0.5999999999999999
2025-10-26,BALANCED,-0.09960450423254973,0.0012525340527768459,0.0002999999999999999,-0.018099218658892125,0.019051752711668972,0.19999999999999996,0.39999999999999997,0.0,0.0,0.0
2025-10-27,BALANCED,0.2890811715167868,0.0,0.0,0.0007875743440233262,-0.0007875743440233262,0.0,0.0,0.0,0.0,0.0
2025-10-28,BALANCED,0.21313457841342862,0.0,0.0,-0.015973189504373177,0.015973189504373177,0.0,0.0,0.0,0.0,0.0
2025-10-29,BALANCED,0.14653176987882008,0.0,0.0,-0.02886078717201166,0.02886078717201166,0.0,0.0,0.0,0.0,0.0
2025-10-30,BALANCED,-0.41705891478527835,0.0,0.0,-0.01327588953488372,0.01327588953488372,0.0,0.0,0.0,0.0,0.0
2025-10-31,BALANCED,-0.1835488301014182,0.0,0.0,-0.05552719186046512,0.05552719186046512,0.0,0.0,0.0,0.0,0.0
2025-11-01,BALANCED,0.40977599360118994,0.0,0.0,-0.009043365217391304,0.009043365217391304,0.0,0.0,0.0,0.0,0.0
2025-11-02,BALANCED,0.21149012488427374,0.0,0.0,-0.012471278260869564,0.012471278260869564,0.0,0.0,0.0,0.0,0.0
2025-11-03,BALANCED,-0.3295832626405171,0.0,0.0,-0.01730753043478261,0.01730753043478261,0.0,0.0,0.0,0.0,0.0
2025-11-04,BALANCED,0.12045286669012237,0.0,0.0,-0.05401804347826087,0.05401804347826087,0.0,0.0,0.0,0.0,0.0
2025-11-05,BALANCED,-0.13144203822131137,0.0,0.0,0.009324086705202312,-0.009324086705202312,0.0,0.0,0.0,0.0,0.0
2025-11-06,BALANCED,0.3790729838684276,0.0,0.0,-0.023231713872832363,0.023231713872832363,0.0,0.0,0.0,0.0,0.0
2025-11-07,BALANCED,-0.29850350936946624,0.0,0.0,-0.07672816332378225,0.07672816332378225,0.0,0.0,0.0,0.0,0.0
2025-11-08,WEAK_RISK_ON_MAJORS,0.5202298873944711,0.0,0.0003,0.0070134154727793715,-0.007313415472779371,0.19999999999999998,0.39999999999999997,0.19999999999999998,0.39999999999999997,0.6
2025-11-09,BALANCED,-0.2595057292037497,-0.0035108514160616475,0.0003,-0.03683835816618911,0.033027506750127465,0.19999999999999998,0.39999999999999997,0.0,0.0,0.0
2025-11-10,BALANCED,-0.004122910457049295,0.0,0.0,-0.02329376217765043,0.02329376217765043,0.0,0.0,0.0,0.0,0.0
2025-11-11,BALANCED,-0.02728100883965459,0.0,0.0,-0.008324467048710602,0.008324467048710602,0.0,0.0,0.0,0.0,0.0
2025-11-12,BALANCED,-0.35311231029621537,0.0,0.0,-0.044381269340974215,0.044381269340974215,0.0,0.0,0.0,0.0,0.0
2025-11-13,BALANCED,0.02848061778630158,0.0,0.0,-0.040875196581196586,0.040875196581196586,0.0,0.0,0.0,0.0,0.0
2025-11-14,BALANCED,-0.01247597134668832,0.0,0.0,-0.042943435897435905,0.042943435897435905,0.0,0.0,0.0,0.0,0.0
2025-11-15,WEAK_RISK_ON_ALTS,-0.606165077071337,0.0,0.0,-0.015589585227272724,0.015589585227272724,0.0,0.0,0.0,0.0,0.0
2025-11-16,WEAK_RISK_ON_ALTS,-0.3414847822266764,0.0,0.0,-0.020436093750000002,0.020436093750000002,0.0,0.0,0.0,0.0,0.0
2025-11-17,WEAK_RISK_ON_ALTS,-0.35320096202198986,0.0,0.0,-0.023828497159090908,0.023828497159090908,0.0,0.0,0.0,0.0,0.0
2025-11-18,WEAK_RISK_ON_ALTS,-0.40151105196021386,0.0,0.0,-0.026231838068181815,0.026231838068181815,0.0,0.0,0.0,0.0,0.0
2025-11-19,BALANCED,0.020779766510171674,0.0,0.0,-0.009783826704545452,0.009783826704545452,0.0,0.0,0.0,0.0,0.0
2025-11-20,BALANCED,-0.26589966900571965,0.0,0.0,-0.017680201704545453,0.017680201704545453,0.0,0.0,0.0,0.0,0.0
2025-11-21,BALANCED,-0.3330470512773711,0.0,0.0,-0.03153842897727273,0.03153842897727273,0.0,0.0,0.0,0.0,0.0
2025-11-22,BALANCED,-0.48825634231513226,0.0,0.0,-0.025019830028328607,0.025019830028328607,0.0,0.0,0.0,0.0,0.0
2025-11-23,BALANCED,-0.2280080233940373,0.0,0.0,-0.021348339943342773,0.021348339943342773,0.0,0.0,0.0,0.0,0.0
2025-11-24,BALANCED,0.16827345845290104,0.0,0.0,-0.030459798866855518,0.030459798866855518,0.0,0.0,0.0,0.0,0.0
2025-11-25,BALANCED,-0.05038732467283495,0.0,0.0,-0.024321943342776195,0.024321943342776195,0.0,0.0,0.0,0.0,0.0
2025-11-26,BALANCED,-0.28229010398236565,0.0,0.0,-0.03275606515580736,0.03275606515580736,0.0,0.0,0.0,0.0,0.0
2025-11-27,BALANCED,-0.16717199077383627,0.0,0.0,-0.0378863220338983,0.0378863220338983,0.0,0.0,0.0,0.0,0.0
2025-11-28,BALANCED,-0.2763732695493377,0.0,0.0,-0.039188313559322036,0.039188313559322036,0.0,0.0,0.0,0.0,0.0
2025-11-29,BALANCED,-0.48927070226737773,0.0,0.0,-0.05061471186440682,0.05061471186440682,0.0,0.0,0.0,0.0,0.0
