date,regime,score,pnl,cost,funding,r_ls_gross,r_ls_net,alt_turnover,major_turnover,alt_gross,major_gross,total_gross
2024-09-10,BALANCED,0.42624196886328747,0.0,0.0,0.0,0.0,0.0,0.0,0.0,0.0,0.0,0.0
2024-09-11,BALANCED,0.27115518638989045,0.0,0.0,0.0,0.0,0.0,0.0,0.0,0.0,0.0,0.0
2024-09-12,BALANCED,-0.02710001075150381,0.0,0.0,0.0,0.0,0.0,0.0,0.0,0.0,0.0,0.0
2024-09-13,BALANCED,0.2388491939560285,0.0,0.0,0.0,0.0,0.0,0.0,0.0,0.0,0.0,0.0
2024-09-14,BALANCED,0.2860515166939732,0.0,0.0,0.0,0.0,0.0,0.0,0.0,0.0,0.0,0.0
2024-09-15,BALANCED,-0.1359455646691884,0.0,0.0,0.0,0.0,0.0,0.0,0.0,0.0,0.0,0.0
2024-09-16,BALANCED,-0.18642130022012293,0.0,0.0,0.0,0.0,0.0,0.0,0.0,0.0,0.0,0.0
2024-09-17,BALANCED,-0.15282728348813285,0.0,0.0,0.0,0.0,0.0,0.0,0.0,0.0,0.0,0.0
2024-09-18,BALANCED,0.2998754210264054,0.0,0.0,0.0,0.0,0.0,0.0,0.0,0.0,0.0,0.0
2024-09-19,BALANCED,0.14444362821294135,0.0,0.0,0.0,0.0,0.0,0.0,0.0,0.0,0.0,0.0
2024-09-20,BALANCED,0.19236358698083264,0.0,0.0,0.0,0.0,0.0,0.0,0.0,0.0,0.0,0.0
2024-09-21,BALANCED,-0.0034525534314699437,0.0,0.0,0.0,0.0,0.0,0.0,0.0,0.0,0.0,0.0
2024-09-22,BALANCED,-0.20779614062676016,0.0,0.0,0.0,0.0,0.0,0.0,0.0,0.0,0.0,0.0
2024-09-23,BALANCED,-0.40245955659012683,0.0,0.0,0.0,0.0,0.0,0.0,0.0,0.0,0.0,0.0
2024-09-24,BALANCED,-0.3733565707944104,0.0,0.0,0.0,0.0,0.0,0.0,0.0,0.0,0.0,0.0
2024-09-25,BALANCED,-0.33893164659650576,0.0,0.0,0.0,0.0,0.0,0.0,0.0,0.0,0.0,0.0
2024-09-26,WEAK_RISK_ON_ALTS,-0.6256129026468252,0.0,0.0,0.0,0.0,0.0,0.0,0.0,0.0,0.0,0.0
2024-09-27,WEAK_RISK_ON_ALTS,-0.26100906310589544,0.0,0.0,0.0,0.0,0.0,0.0,0.0,0.0,0.0,0.0
2024-09-28,WEAK_RISK_ON_ALTS,-0.3491225663041858,0.0,0.0,0.0,0.0,0.0,0.0,0.0,0.0,0.0,0.0
2024-09-29,WEAK_RISK_ON_ALTS,-0.6058644995665817,0.0,0.0,0.0,0.0,0.0,0.0,0.0,0.0,0.0,0.0
2024-09-30,WEAK_RISK_ON_ALTS,-0.25366528143226424,0.0,0.0,0.0,0.0,0.0,0.0,0.0,0.0,0.0,0.0
2024-10-01,WEAK_RISK_ON_ALTS,-0.5116777540162258,0.0,0.0,0.0,0.0,0.0,0.0,0.0,0.0,0.0,0.0
2024-10-02,WEAK_RISK_ON_ALTS,-0.5241796106858011,0.0,0.0,0.0,0.0,0.0,0.0,0.0,0.0,0.0,0.0
2024-10-03,WEAK_RISK_ON_ALTS,-0.3599510698337276,0.0,0.0,0.0,0.0,0.0,0.0,0.0,0.0,0.0,0.0
2024-10-04,WEAK_RISK_ON_ALTS,-0.3030259577201596,0.0,0.0,0.0,0.0,0.0,0.0,0.0,0.0,0.0,0.0
2024-10-05,BALANCED,0.10194468586741229,0.0,0.0,0.0,0.0,0.0,0.0,0.0,0.0,0.0,0.0
2024-10-06,BALANCED,-0.3378985494055683,0.0,0.0,0.0,0.0,0.0,0.0,0.0,0.0,0.0,0.0
2024-10-07,BALANCED,0.002580430171515505,0.0,0.0,0.0,0.0,0.0,0.0,0.0,0.0,0.0,0.0
2024-10-08,BALANCED,-0.3345152227793315,0.0,0.0,0.0,0.0,0.0,0.0,0.0,0.0,0.0,0.0
2024-10-09,BALANCED,-0.36297853000273295,0.0,0.0,0.0,0.0,0.0,0.0,0.0,0.0,0.0,0.0
2024-10-10,BALANCED,-0.2248296282429446,0.0,0.0,0.0,0.0,0.0,0.0,0.0,0.0,0.0,0.0
2024-10-11,BALANCED,-0.11670623370452272,0.0,0.0,0.0,0.0,0.0,0.0,0.0,0.0,0.0,0.0
2024-10-12,BALANCED,-0.224089683132347,0.0,0.0,0.0,0.0,0.0,0.0,0.0,0.0,0.0,0.0
2024-10-13,BALANCED,-0.3150137246227975,0.0,0.0,0.0,0.0,0.0,0.0,0.0,0.0,0.0,0.0
2024-10-14,BALANCED,-0.23862269734115127,0.0,0.0,0.0,0.0,0.0,0.0,0.0,0.0,0.0,0.0
2024-10-15,BALANCED,-0.28029459839573756,0.0,0.0,0.0,0.0,0.0,0.0,0.0,0.0,0.0,0.0
2024-10-16,BALANCED,-0.2722803222725705,0.0,0.0,0.0,0.0,0.0,0.0,0.0,0.0,0.0,0.0
2024-10-17,BALANCED,-0.45921029299978533,0.0,0.0,0.0,0.0,0.0,0.0,0.0,0.0,0.0,0.0
2024-10-18,BALANCED,-0.3108007148189633,0.0,0.0,0.0,0.0,0.0,0.0,0.0,0.0,0.0,0.0
2024-10-19,BALANCED,0.07903923006020125,0.0,0.0,0.0,0.0,0.0,0.0,0.0,0.0,0.0,0.0
2024-10-20,BALANCED,0.036747554596079784,0.0,0.0,0.0,0.0,0.0,0.0,0.0,0.0,0.0,0.0
2024-10-21,BALANCED,0.006728476050295973,0.0,0.0,0.0,0.0,0.0,0.0,0.0,0.0,0.0,0.0
2024-10-22,BALANCED,-0.3220500076331407,0.0,0.0,0.0,0.0,0.0,0.0,0.0,0.0,0.0,0.0
2024-10-23,BALANCED,-0.037231266574852456,0.0,0.0,0.0,0.0,0.0,0.0,0.0,0.0,0.0,0.0
2024-10-24,BALANCED,-0.1415589839852515,0.0,0.0,0.0,0.0,0.0,0.0,0.0,0.0,0.0,0.0
2024-10-25,WEAK_RISK_ON_MAJORS,1.2770911382295531,0.0,0.0007108364552918212,0.0,0.0,-0.0007108364552918212,0.35541822764591063,0.35541822764591063,0.35541822764591063,0.35541822764591063,0.7108364552918213
2024-10-26,WEAK_RISK_ON_MAJORS,0.1258843108488234,0.01669324145789132,0.00031083645529182127,0.008958298656903795,0.01669324145789132,0.0074241063456957045,0.15541822764591062,0.15541822764591062,0.20000000000000004,0.2,0.4
2024-10-27,WEAK_RISK_ON_MAJORS,0.47821737527353564,-0.002868156023571764,0.0,0.0034944,-0.002868156023571764,-0.0063625560235717644,0.0,0.0,0.20000000000000004,0.2,0.4
2024-10-28,WEAK_RISK_ON_MAJORS,0.3650211253431653,0.0007739658306532937,0.0,0.003585420000000001,0.0007739658306532937,-0.0028114541693467074,0.0,0.0,0.20000000000000004,0.2,0.4
2024-10-29,WEAK_RISK_ON_MAJORS,0.41710597591121257,0.003920414209391795,0.000020000000000000005,0.00204117,0.003920414209391795,0.001859244209391795,0.020000000000000004,0.0,0.20000000000000004,0.2,0.4
2024-10-30,WEAK_RISK_ON_MAJORS,0.6480239069346198,0.001373595317297558,0.0000792095627738479,0.0005491800000000007,0.001373595317297558,0.0007452057545237094,0.04960478138692394,0.029604781386923962,0.22960478138692397,0.22960478138692397,0.45920956277384795
2024-10-31,BALANCED,0.1947098817756051,0.0003181244895341304,0.00045920956277384795,0.0024715003075660574,0.0003181244895341304,-0.002612585380805775,0.22960478138692397,0.22960478138692397,0.0,0.0,0.0
2024-11-01,BALANCED,0.11398052511623977,0.0,0.0,0.0,0.0,0.0,0.0,0.0,0.0,0.0,0.0
2024-11-02,BALANCED,0.25684189010090763,0.0,0.0,0.0,0.0,0.0,0.0,0.0,0.0,0.0,0.0
2024-11-03,BALANCED,0.20060689663162645,0.0,0.0,0.0,0.0,0.0,0.0,0.0,0.0,0.0,0.0
2024-11-04,BALANCED,0.19238102808488144,0.0,0.0,0.0,0.0,0.0,0.0,0.0,0.0,0.0,0.0
2024-11-05,BALANCED,0.1607260995873811,0.0,0.0,0.0,0.0,0.0,0.0,0.0,0.0,0.0,0.0
2024-11-06,WEAK_RISK_ON_MAJORS,1.3938030715160137,0.0,0.0007575212286064054,0.0,0.0,-0.0007575212286064054,0.37876061430320274,0.37876061430320274,0.37876061430320274,0.37876061430320274,0.7575212286064055
2024-11-07,WEAK_RISK_ON_MAJORS,0.6039544455328342,-0.005407232853360269,0.00033801853930392843,0.0011920732813964687,-0.005407232853360269,-0.006937324674060667,0.18004881410729257,0.15796972519663588,0.22079088910656686,0.22079088910656686,0.4415817782131337
2024-11-08,WEAK_RISK_ON_MAJORS,0.25808384244210936,-0.00211972361733112,0.00006158177821313367,0.0004761465919027666,-0.00211972361733112,-0.00265745198744702,0.04079088910656682,0.020790889106566846,0.20000000000000004,0.2,0.4
2024-11-09,WEAK_RISK_ON_MAJORS,0.9702322384567228,-0.002306069603083361,0.0002080928953826891,0.0012552300000000004,-0.002306069603083361,-0.0037693924984660504,0.11404644769134455,0.09404644769134457,0.2940464476913446,0.2940464476913446,0.5880928953826892
2024-11-10,WEAK_RISK_ON_MAJORS,0.3509649356509501,-0.013132121036305738,0.00022809289538268913,0.0005069213734974955,-0.013132121036305738,-0.013867135305185923,0.13404644769134455,0.09404644769134457,0.20000000000000004,0.2,0.4
2024-11-12,WEAK_RISK_ON_MAJORS,0.34680078297454897,-0.0003386810730330557,0.0,0.013130220000000005,-0.0003386810730330557,-0.01346890107303306,0.0,0.0,0.20000000000000004,0.2,0.4
2024-11-13,WEAK_RISK_ON_MAJORS,0.4515658388763129,0.007085821639290832,0.000020000000000000005,-0.004867560000000002,0.007085821639290832,0.011933381639290834,0.020000000000000004,0.0,0.20000000000000004,0.2,0.4
2024-11-14,BALANCED,-0.0701806885169756,0.007088610757675525,0.0004,-0.0016835700000000006,0.007088610757675525,0.008372180757675526,0.20000000000000004,0.2,0.0,0.0,0.0
2024-11-15,BALANCED,0.3735677900867987,0.0,0.0,0.0,0.0,0.0,0.0,0.0,0.0,0.0,0.0
2024-11-16,BALANCED,0.5,0.0,0.0,0.0,0.0,0.0,0.0,0.0,0.0,0.0,0.0
2024-11-17,BALANCED,0.07306379710406632,0.0,0.0,0.0,0.0,0.0,0.0,0.0,0.0,0.0,0.0
2024-11-18,BALANCED,0.23099531002193993,0.0,0.0,0.0,0.0,0.0,0.0,0.0,0.0,0.0,0.0
2024-11-19,WEAK_RISK_ON_MAJORS,0.5290039884201706,0.0,0.0004116015953680683,0.0,0.0,-0.0004116015953680683,0.20580079768403414,0.20580079768403414,0.20580079768403414,0.20580079768403414,0.4116015953680683
2024-11-20,WEAK_RISK_ON_MAJORS,0.06295406251392646,0.00816076406614374,0.000031601595368068246,-0.00003966810375359911,0.00816076406614374,0.008168830574529272,0.025800797684034114,0.005800797684034131,0.20000000000000004,0.2,0.4
2024-11-21,WEAK_RISK_ON_MAJORS,0.39804791313661647,0.007050102551268688,0.0,0.0015709800000000005,0.007050102551268688,0.005479122551268687,0.0,0.0,0.20000000000000004,0.2,0.4
2024-11-22,WEAK_RISK_ON_MAJORS,0.482105949255927,-0.0006000380385955267,0.00004000000000000001,-0.001932900000000003,-0.0006000380385955267,0.0012928619614044762,0.04000000000000001,0.0,0.20000000000000004,0.2,0.4
2024-11-23,WEAK_RISK_ON_MAJORS,0.2132975207830236,-0.013463406906340266,0.000020000000000000005,-0.0011959500000000003,-0.013463406906340266,-0.012287456906340265,0.020000000000000004,0.0,0.20000000000000004,0.2,0.4
2024-11-24,BALANCED,-0.07496293377885266,-0.017543916431764617,0.0004,-0.0038119799999999995,-0.017543916431764617,-0.014131936431764618,0.20000000000000004,0.2,0.0,0.0,0.0
2024-11-25,BALANCED,-0.25935898472978863,0.0,0.0,0.0,0.0,0.0,0.0,0.0,0.0,0.0,0.0
2024-11-26,BALANCED,-0.1704445628186919,0.0,0.0,0.0,0.0,0.0,0.0,0.0,0.0,0.0,0.0
2024-11-27,BALANCED,-0.14196036555448646,0.0,0.0,0.0,0.0,0.0,0.0,0.0,0.0,0.0,0.0
2024-11-28,BALANCED,0.3810757378588955,0.0,0.0,0.0,0.0,0.0,0.0,0.0,0.0,0.0,0.0
2024-11-29,BALANCED,-0.1629519633290103,0.0,0.0,0.0,0.0,0.0,0.0,0.0,0.0,0.0,0.0
2024-11-30,BALANCED,-0.22581846688820878,0.0,0.0,0.0,0.0,0.0,0.0,0.0,0.0,0.0,0.0
2024-12-01,BALANCED,0.21825169573887898,0.0,0.0,0.0,0.0,0.0,0.0,0.0,0.0,0.0,0.0
2024-12-02,WEAK_RISK_ON_ALTS,-0.6423448684219772,0.0,0.0,0.0,0.0,0.0,0.0,0.0,0.0,0.0,0.0
2024-12-03,WEAK_RISK_ON_ALTS,-0.5866405083853414,0.0,0.0,0.0,0.0,0.0,0.0,0.0,0.0,0.0,0.0
2024-12-04,WEAK_RISK_ON_ALTS,-0.4261083224237303,0.0,0.0,0.0,0.0,0.0,0.0,0.0,0.0,0.0,0.0
2024-12-05,WEAK_RISK_ON_ALTS,-0.4790930794699921,0.0,0.0,0.0,0.0,0.0,0.0,0.0,0.0,0.0,0.0
2024-12-06,WEAK_RISK_ON_ALTS,-0.5596059395865634,0.0,0.0,0.0,0.0,0.0,0.0,0.0,0.0,0.0,0.0
2024-12-07,BALANCED,-0.04993800462838982,0.0,0.0,0.0,0.0,0.0,0.0,0.0,0.0,0.0,0.0
2024-12-08,BALANCED,-0.43487949865554265,0.0,0.0,0.0,0.0,0.0,0.0,0.0,0.0,0.0,0.0
2024-12-09,WEAK_RISK_ON_ALTS,-0.5144334999124829,0.0,0.0,0.0,0.0,0.0,0.0,0.0,0.0,0.0,0.0
2024-12-10,WEAK_RISK_ON_ALTS,-0.2222354373118903,0.0,0.0,0.0,0.0,0.0,0.0,0.0,0.0,0.0,0.0
2024-12-11,WEAK_RISK_ON_ALTS,-0.7365478075397254,0.0,0.0,0.0,0.0,0.0,0.0,0.0,0.0,0.0,0.0
2024-12-12,BALANCED,-0.027044302978097554,0.0,0.0,0.0,0.0,0.0,0.0,0.0,0.0,0.0,0.0
2024-12-13,BALANCED,-0.014886356012271215,0.0,0.0,0.0,0.0,0.0,0.0,0.0,0.0,0.0,0.0
2024-12-14,BALANCED,-0.05697267343665933,0.0,0.0,0.0,0.0,0.0,0.0,0.0,0.0,0.0,0.0
2024-12-15,WEAK_RISK_ON_ALTS,-0.5577525564581682,0.0,0.0,0.0,0.0,0.0,0.0,0.0,0.0,0.0,0.0
2024-12-16,WEAK_RISK_ON_ALTS,-0.2538281089368091,0.0,0.0,0.0,0.0,0.0,0.0,0.0,0.0,0.0,0.0
2024-12-17,WEAK_RISK_ON_ALTS,-0.4551592616564461,0.0,0.0,0.0,0.0,0.0,0.0,0.0,0.0,0.0,0.0
2024-12-18,WEAK_RISK_ON_ALTS,-0.5495170770161764,0.0,0.0,0.0,0.0,0.0,0.0,0.0,0.0,0.0,0.0
2024-12-19,WEAK_RISK_ON_ALTS,-0.5535606733450961,0.0,0.0,0.0,0.0,0.0,0.0,0.0,0.0,0.0,0.0
2024-12-20,WEAK_RISK_ON_ALTS,-0.4099186988955213,0.0,0.0,0.0,0.0,0.0,0.0,0.0,0.0,0.0,0.0
2024-12-21,BALANCED,-0.061512870512063174,0.0,0.0,0.0,0.0,0.0,0.0,0.0,0.0,0.0,0.0
2024-12-22,BALANCED,-0.17734530679933563,0.0,0.0,0.0,0.0,0.0,0.0,0.0,0.0,0.0,0.0
2024-12-23,BALANCED,-0.3085417652532706,0.0,0.0,0.0,0.0,0.0,0.0,0.0,0.0,0.0,0.0
2024-12-24,BALANCED,-0.03485469634614674,0.0,0.0,0.0,0.0,0.0,0.0,0.0,0.0,0.0,0.0
2024-12-25,BALANCED,0.1596034682027443,0.0,0.0,0.0,0.0,0.0,0.0,0.0,0.0,0.0,0.0
2024-12-26,BALANCED,-0.2800822652475728,0.0,0.0,0.0,0.0,0.0,0.0,0.0,0.0,0.0,0.0
2024-12-27,BALANCED,-0.2808246934651235,0.0,0.0,0.0,0.0,0.0,0.0,0.0,0.0,0.0,0.0
2024-12-28,BALANCED,-0.13641661720099613,0.0,0.0,0.0,0.0,0.0,0.0,0.0,0.0,0.0,0.0
2024-12-29,BALANCED,0.1441636737289733,0.0,0.0,0.0,0.0,0.0,0.0,0.0,0.0,0.0,0.0
2024-12-30,BALANCED,-0.33713674978343705,0.0,0.0,0.0,0.0,0.0,0.0,0.0,0.0,0.0,0.0
2024-12-31,BALANCED,-0.24400422069820907,0.0,0.0,0.0,0.0,0.0,0.0,0.0,0.0,0.0,0.0
2025-01-01,BALANCED,-0.2998407078374881,0.0,0.0,0.0,0.0,0.0,0.0,0.0,0.0,0.0,0.0
2025-01-02,BALANCED,-0.05014222468716204,0.0,0.0,0.0,0.0,0.0,0.0,0.0,0.0,0.0,0.0
2025-01-03,BALANCED,0.03528669997891247,0.0,0.0,0.0,0.0,0.0,0.0,0.0,0.0,0.0,0.0
2025-01-04,BALANCED,0.10621714623776017,0.0,0.0,0.0,0.0,0.0,0.0,0.0,0.0,0.0,0.0
2025-01-05,BALANCED,-0.09099713610414177,0.0,0.0,0.0,0.0,0.0,0.0,0.0,0.0,0.0,0.0
2025-01-06,BALANCED,-0.393151705873229,0.0,0.0,0.0,0.0,0.0,0.0,0.0,0.0,0.0,0.0
2025-01-07,BALANCED,-0.003908361602387393,0.0,0.0,0.0,0.0,0.0,0.0,0.0,0.0,0.0,0.0
2025-01-08,BALANCED,-0.2544168868105676,0.0,0.0,0.0,0.0,0.0,0.0,0.0,0.0,0.0,0.0
2025-01-09,BALANCED,-0.28175447314823604,0.0,0.0,0.0,0.0,0.0,0.0,0.0,0.0,0.0,0.0
2025-01-10,BALANCED,-0.4994536984963517,0.0,0.0,0.0,0.0,0.0,0.0,0.0,0.0,0.0,0.0
2025-01-11,BALANCED,0.09867114171579304,0.0,0.0,0.0,0.0,0.0,0.0,0.0,0.0,0.0,0.0
2025-01-12,BALANCED,-0.3167213297282543,0.0,0.0,0.0,0.0,0.0,0.0,0.0,0.0,0.0,0.0
2025-01-14,BALANCED,-0.20942407676352207,0.0,0.0,0.0,0.0,0.0,0.0,0.0,0.0,0.0,0.0
2025-01-15,BALANCED,0.031172819344884584,0.0,0.0,0.0,0.0,0.0,0.0,0.0,0.0,0.0,0.0
2025-01-16,BALANCED,0.061942005377860224,0.0,0.0,0.0,0.0,0.0,0.0,0.0,0.0,0.0,0.0
2025-01-17,BALANCED,-0.3174724317862064,0.0,0.0,0.0,0.0,0.0,0.0,0.0,0.0,0.0,0.0
2025-01-18,BALANCED,-0.06366086511501784,0.0,0.0,0.0,0.0,0.0,0.0,0.0,0.0,0.0,0.0
2025-01-19,BALANCED,-0.4834165484070979,0.0,0.0,0.0,0.0,0.0,0.0,0.0,0.0,0.0,0.0
2025-01-20,BALANCED,-0.44533070386745427,0.0,0.0,0.0,0.0,0.0,0.0,0.0,0.0,0.0,0.0
2025-01-21,BALANCED,-0.08470707590728227,0.0,0.0,0.0,0.0,0.0,0.0,0.0,0.0,0.0,0.0
2025-01-22,BALANCED,0.04784742806758027,0.0,0.0,0.0,0.0,0.0,0.0,0.0,0.0,0.0,0.0
2025-01-23,BALANCED,-0.0774085962867154,0.0,0.0,0.0,0.0,0.0,0.0,0.0,0.0,0.0,0.0
2025-01-24,BALANCED,-0.04605239427068408,0.0,0.0,0.0,0.0,0.0,0.0,0.0,0.0,0.0,0.0
2025-01-25,BALANCED,0.04307689458603928,0.0,0.0,0.0,0.0,0.0,0.0,0.0,0.0,0.0,0.0
2025-01-26,BALANCED,0.3770638089477192,0.0,0.0,0.0,0.0,0.0,0.0,0.0,0.0,0.0,0.0
2025-01-27,BALANCED,0.021728584720167345,0.0,0.0,0.0,0.0,0.0,0.0,0.0,0.0,0.0,0.0
2025-01-28,BALANCED,0.22290368654120268,0.0,0.0,0.0,0.0,0.0,0.0,0.0,0.0,0.0,0.0
2025-01-29,BALANCED,0.17449179270533252,0.0,0.0,0.0,0.0,0.0,0.0,0.0,0.0,0.0,0.0
2025-01-30,BALANCED,0.3947462317613536,0.0,0.0,0.0,0.0,0.0,0.0,0.0,0.0,0.0,0.0
2025-01-31,BALANCED,0.2937691419864687,0.0,0.0,0.0,0.0,0.0,0.0,0.0,0.0,0.0,0.0
2025-02-01,BALANCED,0.2646479776634071,0.0,0.0,0.0,0.0,0.0,0.0,0.0,0.0,0.0,0.0
2025-02-02,BALANCED,0.07657044409088114,0.0,0.0,0.0,0.0,0.0,0.0,0.0,0.0,0.0,0.0
2025-02-03,BALANCED,0.1498335549893511,0.0,0.0,0.0,0.0,0.0,0.0,0.0,0.0,0.0,0.0
2025-02-04,WEAK_RISK_ON_MAJORS,0.6139074403962486,0.0,0.0004455629761584995,0.0,0.0,-0.0004455629761584995,0.22278148807924975,0.22278148807924972,0.22278148807924975,0.22278148807924972,0.4455629761584995
2025-02-05,WEAK_RISK_ON_MAJORS,0.4361898995135702,0.004408512762218338,0.00004556297615849941,-0.0003641808985631496,0.004408512762218338,0.004727130684622988,0.022781488079249707,0.022781488079249707,0.20000000000000004,0.2,0.4
2025-02-06,WEAK_RISK_ON_MAJORS,0.472654884250382,0.0006984671497012526,0.000020000000000000005,0.0014582100000000001,0.0006984671497012526,-0.0007797428502987476,0.020000000000000004,0.0,0.20000000000000004,0.2,0.4
2025-02-07,BALANCED,0.19167913432586614,0.004986095331560503,0.0004,0.00818988,0.004986095331560503,-0.003603784668439497,0.20000000000000004,0.2,0.0,0.0,0.0
2025-02-08,BALANCED,0.3817258040836725,0.0,0.0,0.0,0.0,0.0,0.0,0.0,0.0,0.0,0.0
2025-02-09,WEAK_RISK_ON_MAJORS,0.5398670736287613,0.0,0.00041594682945150454,0.0,0.0,-0.00041594682945150454,0.20797341472575226,0.20797341472575226,0.20797341472575226,0.20797341472575226,0.4159468294515045
2025-02-10,WEAK_RISK_ON_MAJORS,0.4611723571243995,0.0009529558585708412,0.00001594682945150447,0.001735777315313337,0.0009529558585708412,-0.0007987682861940004,0.00797341472575222,0.007973414725752248,0.20000000000000004,0.2,0.4
2025-02-11,WEAK_RISK_ON_MAJORS,0.577810729709367,-0.0018923114357268357,0.000051124291883746774,0.0008314200000000007,-0.0018923114357268357,-0.0027748557276105834,0.03556214594187339,0.015562145941873384,0.21556214594187342,0.2155621459418734,0.4311242918837468
2025-02-12,WEAK_RISK_ON_MAJORS,0.2591554861089812,-0.0042456724703380825,0.000051124291883746774,0.0033636101690624,-0.0042456724703380825,-0.007660406931284229,0.03556214594187339,0.015562145941873384,0.20000000000000004,0.2,0.4
2025-02-13,WEAK_RISK_ON_MAJORS,0.6172649124055885,-0.002643699391329037,0.000046905964962235346,0.00379593,-0.002643699391329037,-0.006486535356291272,0.023452982481117664,0.023452982481117685,0.2234529824811177,0.2234529824811177,0.4469059649622354
2025-02-14,WEAK_RISK_ON_MAJORS,0.30061640276167517,0.001108976692239584,0.000046905964962235346,0.0029988842693352124,0.001108976692239584,-0.0019368135420578638,0.023452982481117664,0.023452982481117685,0.20000000000000004,0.2,0.4
2025-02-15,WEAK_RISK_ON_MAJORS,0.5272600922674424,-0.004301081102400003,0.000030904036906976926,-0.00016475999999999985,-0.004301081102400003,-0.00416722513930698,0.025452018453488455,0.005452018453488472,0.20545201845348848,0.20545201845348848,0.41090403690697697
2025-02-16,BALANCED,0.051386771747309656,0.002748969182242448,0.00041090403690697695,0.0024261623407153994,0.002748969182242448,-0.00008809719537992804,0.20545201845348848,0.20545201845348848,0.0,0.0,0.0
2025-02-17,BALANCED,0.2298662094686405,0.0,0.0,0.0,0.0,0.0,0.0,0.0,0.0,0.0,0.0
2025-02-18,WEAK_RISK_ON_MAJORS,0.6043061688460042,0.0,0.00044172246753840174,0.0,0.0,-0.00044172246753840174,0.2208612337692009,0.22086123376920086,0.2208612337692009,0.22086123376920086,0.4417224675384017
2025-02-19,WEAK_RISK_ON_MAJORS,0.2056858580236843,0.005579238181961722,0.00004172246753840169,0.006448032676830131,0.005579238181961722,-0.0009105169624068106,0.020861233769200842,0.02086123376920085,0.20000000000000004,0.2,0.4
2025-02-20,WEAK_RISK_ON_MAJORS,0.3176036986612783,-0.0021179281109332095,0.0,0.0028898700000000005,-0.0021179281109332095,-0.00500779811093321,0.0,0.0,0.20000000000000004,0.2,0.4
2025-02-21,WEAK_RISK_ON_MAJORS,0.4416671192412583,0.0014212704846252116,0.000020000000000000005,0.00015167999999999985,0.0014212704846252116,0.0012495904846252116,0.020000000000000004,0.0,0.20000000000000004,0.2,0.4
2025-02-22,BALANCED,0.13395911287241052,0.0017119088114064575,0.0004,0.010957380000000003,0.0017119088114064575,-0.009645471188593545,0.20000000000000004,0.2,0.0,0.0,0.0
2025-02-23,BALANCED,0.35748842788536206,0.0,0.0,0.0,0.0,0.0,0.0,0.0,0.0,0.0,0.0
2025-02-24,BALANCED,0.10036549317182034,0.0,0.0,0.0,0.0,0.0,0.0,0.0,0.0,0.0,0.0
2025-02-25,BALANCED,0.016036742370358785,0.0,0.0,0.0,0.0,0.0,0.0,0.0,0.0,0.0,0.0
2025-02-26,BALANCED,0.15232060232944117,0.0,0.0,0.0,0.0,0.0,0.0,0.0,0.0,0.0,0.0
2025-02-27,BALANCED,0.06792602724874755,0.0,0.0,0.0,0.0,0.0,0.0,0.0,0.0,0.0,0.0
2025-02-28,BALANCED,0.43825123382292674,0.0,0.0,0.0,0.0,0.0,0.0,0.0,0.0,0.0,0.0
2025-03-01,WEAK_RISK_ON_MAJORS,0.5236973846207842,0.0,0.00040947895384831366,0.0,0.0,-0.00040947895384831366,0.20473947692415687,0.20473947692415684,0.20473947692415687,0.20473947692415684,0.4094789538483137
2025-03-02,BALANCED,-0.09236594073796053,-0.0002455442917528067,0.00040947895384831366,-0.000721245992334573,-0.0002455442917528067,0.00006622274673345264,0.20473947692415687,0.20473947692415684,0.0,0.0,0.0
2025-03-03,BALANCED,0.45666134101787076,0.0,0.0,0.0,0.0,0.0,0.0,0.0,0.0,0.0,0.0
2025-03-04,BALANCED,-0.015214100987864299,0.0,0.0,0.0,0.0,0.0,0.0,0.0,0.0,0.0,0.0
2025-03-05,BALANCED,-0.39359451333650475,0.0,0.0,0.0,0.0,0.0,0.0,0.0,0.0,0.0,0.0
2025-03-06,BALANCED,-0.03876932253930114,0.0,0.0,0.0,0.0,0.0,0.0,0.0,0.0,0.0,0.0
2025-03-07,BALANCED,-0.49160841941266814,0.0,0.0,0.0,0.0,0.0,0.0,0.0,0.0,0.0,0.0
2025-03-08,BALANCED,-0.4907327742700751,0.0,0.0,0.0,0.0,0.0,0.0,0.0,0.0,0.0,0.0
2025-03-09,BALANCED,0.05813705685089807,0.0,0.0,0.0,0.0,0.0,0.0,0.0,0.0,0.0,0.0
2025-03-10,BALANCED,-0.22623427815310382,0.0,0.0,0.0,0.0,0.0,0.0,0.0,0.0,0.0,0.0
2025-03-11,BALANCED,-0.16676342587624166,0.0,0.0,0.0,0.0,0.0,0.0,0.0,0.0,0.0,0.0
2025-03-12,BALANCED,0.38158810967137463,0.0,0.0,0.0,0.0,0.0,0.0,0.0,0.0,0.0,0.0
2025-03-13,BALANCED,0.13035762034631942,0.0,0.0,0.0,0.0,0.0,0.0,0.0,0.0,0.0,0.0
2025-03-14,BALANCED,-0.07862058910187336,0.0,0.0,0.0,0.0,0.0,0.0,0.0,0.0,0.0,0.0
2025-03-15,BALANCED,0.2557118518372656,0.0,0.0,0.0,0.0,0.0,0.0,0.0,0.0,0.0,0.0
2025-03-16,BALANCED,0.1998955167280136,0.0,0.0,0.0,0.0,0.0,0.0,0.0,0.0,0.0,0.0
2025-03-18,BALANCED,0.43509364676542356,0.0,0.0,0.0,0.0,0.0,0.0,0.0,0.0,0.0,0.0
2025-03-19,BALANCED,-0.017180259789708843,0.0,0.0,0.0,0.0,0.0,0.0,0.0,0.0,0.0,0.0
2025-03-20,BALANCED,0.34289219215439254,0.0,0.0,0.0,0.0,0.0,0.0,0.0,0.0,0.0,0.0
2025-03-21,BALANCED,-0.30971959974393837,0.0,0.0,0.0,0.0,0.0,0.0,0.0,0.0,0.0,0.0
2025-03-22,BALANCED,-0.1580113347885736,0.0,0.0,0.0,0.0,0.0,0.0,0.0,0.0,0.0,0.0
2025-03-23,BALANCED,0.055347928675831964,0.0,0.0,0.0,0.0,0.0,0.0,0.0,0.0,0.0,0.0
2025-03-24,BALANCED,0.37298083122185577,0.0,0.0,0.0,0.0,0.0,0.0,0.0,0.0,0.0,0.0
2025-03-25,BALANCED,0.15683938982287499,0.0,0.0,0.0,0.0,0.0,0.0,0.0,0.0,0.0,0.0
2025-03-26,BALANCED,0.10589202944036694,0.0,0.0,0.0,0.0,0.0,0.0,0.0,0.0,0.0,0.0
2025-03-27,BALANCED,-0.01242308501130683,0.0,0.0,0.0,0.0,0.0,0.0,0.0,0.0,0.0,0.0
2025-03-28,BALANCED,0.04251087931471553,0.0,0.0,0.0,0.0,0.0,0.0,0.0,0.0,0.0,0.0
2025-03-29,BALANCED,-0.05213492812887252,0.0,0.0,0.0,0.0,0.0,0.0,0.0,0.0,0.0,0.0
2025-03-30,BALANCED,0.00522886871464396,0.0,0.0,0.0,0.0,0.0,0.0,0.0,0.0,0.0,0.0
2025-03-31,BALANCED,0.17782432157092948,0.0,0.0,0.0,0.0,0.0,0.0,0.0,0.0,0.0,0.0
2025-04-01,BALANCED,0.3683414231509727,0.0,0.0,0.0,0.0,0.0,0.0,0.0,0.0,0.0,0.0
2025-04-02,BALANCED,0.4129138932233355,0.0,0.0,0.0,0.0,0.0,0.0,0.0,0.0,0.0,0.0
2025-04-03,BALANCED,0.35882138163378946,0.0,0.0,0.0,0.0,0.0,0.0,0.0,0.0,0.0,0.0
2025-04-04,BALANCED,0.2482121691191412,0.0,0.0,0.0,0.0,0.0,0.0,0.0,0.0,0.0,0.0
2025-04-05,BALANCED,0.45655909031801345,0.0,0.0,0.0,0.0,0.0,0.0,0.0,0.0,0.0,0.0
2025-04-06,BALANCED,0.17459425453558491,0.0,0.0,0.0,0.0,0.0,0.0,0.0,0.0,0.0,0.0
2025-04-07,BALANCED,0.10317296300391686,0.0,0.0,0.0,0.0,0.0,0.0,0.0,0.0,0.0,0.0
2025-04-08,WEAK_RISK_ON_MAJORS,0.8991564868620024,0.0,0.0005596625947448011,0.0,0.0,-0.0005596625947448011,0.27983129737240053,0.27983129737240053,0.27983129737240053,0.27983129737240053,0.5596625947448011
2025-04-09,WEAK_RISK_ON_MAJORS,0.33479178171728624,0.00015545069002844726,0.00017966259474480107,0.006550360966717494,0.00015545069002844726,-0.006574572871433848,0.09983129737240053,0.07983129737240052,0.20000000000000004,0.2,0.4
2025-04-10,WEAK_RISK_ON_MAJORS,0.7276288367337289,-0.003088770430599821,0.00011105153469349158,0.0016463100000000002,-0.003088770430599821,-0.004846131965293312,0.06552576734674578,0.045525767346745794,0.2455257673467458,0.2455257673467458,0.4910515346934916
2025-04-11,WEAK_RISK_ON_MAJORS,0.7896309339799104,-0.0008238505593759458,0.000024800838898472644,0.0026652681385674975,-0.0008238505593759458,-0.003513919536841916,0.012400419449236331,0.01240041944923631,0.2579261867959821,0.2579261867959821,0.5158523735919642
2025-04-12,WEAK_RISK_ON_MAJORS,0.5689236987255432,0.005442811627849459,0.00010966136807625782,0.0026571168874441886,0.005442811627849459,0.0026760333723290126,0.06551992102538434,0.04414144705087347,0.21378473974510867,0.21378473974510864,0.4275694794902173
2025-04-13,WEAK_RISK_ON_MAJORS,0.2940607010474778,-0.0035646300625502307,0.000027569479490217255,0.0016876915602067985,-0.0035646300625502307,-0.005279891102247246,0.013784739745108625,0.013784739745108632,0.20000000000000004,0.2,0.4
2025-04-14,BALANCED,-0.0015948289582460437,0.008466277790700723,0.0004,0.00434331,0.008466277790700723,0.0037229677907007234,0.20000000000000004,0.2,0.0,0.0,0.0
2025-04-15,BALANCED,0.346602475693046,0.0,0.0,0.0,0.0,0.0,0.0,0.0,0.0,0.0,0.0
2025-04-16,BALANCED,0.04135448916359125,0.0,0.0,0.0,0.0,0.0,0.0,0.0,0.0,0.0,0.0
2025-04-17,BALANCED,0.2578453169315529,0.0,0.0,0.0,0.0,0.0,0.0,0.0,0.0,0.0,0.0
2025-04-18,BALANCED,0.47140244720222496,0.0,0.0,0.0,0.0,0.0,0.0,0.0,0.0,0.0,0.0
2025-04-19,BALANCED,0.3715549874154041,0.0,0.0,0.0,0.0,0.0,0.0,0.0,0.0,0.0,0.0
2025-04-20,BALANCED,0.22171568573894082,0.0,0.0,0.0,0.0,0.0,0.0,0.0,0.0,0.0,0.0
2025-04-21,BALANCED,0.17683395912307381,0.0,0.0,0.0,0.0,0.0,0.0,0.0,0.0,0.0,0.0
2025-04-22,WEAK_RISK_ON_MAJORS,0.7475573051081781,0.0,0.0004990229220432713,0.0,0.0,-0.0004990229220432713,0.24951146102163563,0.24951146102163563,0.24951146102163563,0.24951146102163563,0.49902292204327126
2025-04-23,WEAK_RISK_ON_MAJORS,1.1394317459067653,5.165068674987255e-6,0.00018170092242159847,-0.003977936271921834,5.165068674987255e-6,0.0038014004181752222,0.10332603426188101,0.07837488815971744,0.32788634918135307,0.32788634918135307,0.6557726983627061
2025-04-24,WEAK_RISK_ON_MAJORS,0.7196025046611083,-0.004276022621712943,0.00016793169649826278,-0.0040794799849271,-0.004276022621712943,-0.0003644743332841052,0.08396584824913139,0.08396584824913139,0.24392050093222167,0.24392050093222167,0.48784100186444335
2025-04-25,WEAK_RISK_ON_MAJORS,0.8226178696025527,-0.0023791250885709793,0.00004120614597657779,-0.00560379300034172,-0.0023791250885709793,0.0031834617657941627,0.020603072988288895,0.020603072988288895,0.26452357392051057,0.26452357392051057,0.5290471478410211
2025-04-26,WEAK_RISK_ON_MAJORS,0.7894218310722843,0.0003858018847235907,0.000013278415412107391,-0.01138051836370995,0.0003858018847235907,0.011753041833021434,0.006639207706053696,0.006639207706053696,0.2578843662144569,0.2578843662144569,0.5157687324289137
2025-04-27,WEAK_RISK_ON_MAJORS,0.452145948414097,-0.0011766700895064397,0.0001157687324289137,-0.0010041243567292307,-0.0011766700895064397,-0.0002883144652061228,0.05788436621445684,0.05788436621445686,0.20000000000000004,0.2,0.4
2025-04-28,BALANCED,0.19781954079731093,0.0011374465616421463,0.0004,-0.00035846999999999995,0.0011374465616421463,0.0010959165616421461,0.20000000000000004,0.2,0.0,0.0,0.0
2025-04-29,WEAK_RISK_ON_MAJORS,0.5786197720645356,0.0,0.0004314479088258143,0.0,0.0,-0.0004314479088258143,0.21572395441290718,0.21572395441290715,0.21572395441290718,0.21572395441290715,0.4314479088258143
2025-04-30,WEAK_RISK_ON_MAJORS,0.21904953502257687,0.0008562638920518982,0.000031447908825814267,-0.0014737721255603786,0.0008562638920518982,0.0022985881087864623,0.01572395441290713,0.015723954412907137,0.20000000000000004,0.2,0.4
2025-05-01,WEAK_RISK_ON_MAJORS,0.7837152663632738,0.0009304158150596869,0.00013348610654530954,0.00011711999999999964,0.0009304158150596869,0.0006798097085143778,0.07674305327265477,0.056743053272654775,0.2567430532726548,0.2567430532726548,0.5134861065453096
2025-05-02,WEAK_RISK_ON_MAJORS,0.5445634618134026,0.003133133947729757,0.0000956607218199485,-0.014781198225860619,0.003133133947729757,0.017818671451770428,0.04783036090997426,0.04783036090997425,0.20891269236268054,0.20891269236268054,0.41782538472536107
2025-05-03,WEAK_RISK_ON_MAJORS,0.4909469790211726,0.00094287150490163,0.00003782538472536103,-0.014936954580527732,0.00094287150490163,0.015842000700704,0.028912692362680507,0.008912692362680524,0.20000000000000004,0.2,0.4
2025-05-04,WEAK_RISK_ON_MAJORS,0.3813045616494193,0.0022631857152570845,0.0,-0.0025740300000000015,0.0022631857152570845,0.004837215715257086,0.0,0.0,0.20000000000000004,0.2,0.4
2025-05-05,BALANCED,0.17283359895200992,-0.0003082562186273478,0.0004,-0.0008181899999999999,-0.0003082562186273478,0.00010993378137265212,0.20000000000000004,0.2,0.0,0.0,0.0
2025-05-06,BALANCED,0.4775194570743934,0.0,0.0,0.0,0.0,0.0,0.0,0.0,0.0,0.0,0.0
2025-05-07,BALANCED,0.24535412776009996,0.0,0.0,0.0,0.0,0.0,0.0,0.0,0.0,0.0,0.0
2025-05-08,BALANCED,0.40187656303273744,0.0,0.0,0.0,0.0,0.0,0.0,0.0,0.0,0.0,0.0
2025-05-09,WEAK_RISK_ON_MAJORS,0.813432627216174,0.0,0.0005253730508864697,0.0,0.0,-0.0005253730508864697,0.26268652544323484,0.26268652544323484,0.26268652544323484,0.26268652544323484,0.5253730508864697
2025-05-10,WEAK_RISK_ON_MAJORS,0.3875622577542128,-0.009100486710137497,0.00012537305088646967,0.006630457454386419,-0.009100486710137497,-0.015856317215410386,0.06268652544323482,0.06268652544323483,0.20000000000000004,0.2,0.4
2025-05-11,WEAK_RISK_ON_MAJORS,0.33314024374081197,-0.009443058102119739,0.0,0.0025507800000000003,-0.009443058102119739,-0.01199383810211974,0.0,0.0,0.20000000000000004,0.2,0.4
2025-05-12,BALANCED,-0.024367948549862732,-0.00035701035864525114,0.0004,0.0018442800000000004,-0.00035701035864525114,-0.0026012903586452515,0.20000000000000004,0.2,0.0,0.0,0.0
2025-05-13,BALANCED,0.25349783044121504,0.0,0.0,0.0,0.0,0.0,0.0,0.0,0.0,0.0,0.0
2025-05-14,BALANCED,0.3696296953393162,0.0,0.0,0.0,0.0,0.0,0.0,0.0,0.0,0.0,0.0
2025-05-15,BALANCED,0.07114268310399476,0.0,0.0,0.0,0.0,0.0,0.0,0.0,0.0,0.0,0.0
2025-05-16,BALANCED,0.13862678273527282,0.0,0.0,0.0,0.0,0.0,0.0,0.0,0.0,0.0,0.0
2025-05-17,BALANCED,-0.048548527275528865,0.0,0.0,0.0,0.0,0.0,0.0,0.0,0.0,0.0,0.0
2025-05-18,BALANCED,0.05274993637413013,0.0,0.0,0.0,0.0,0.0,0.0,0.0,0.0,0.0,0.0
2025-05-20,BALANCED,0.028992195161547954,0.0,0.0,0.0,0.0,0.0,0.0,0.0,0.0,0.0,0.0
2025-05-21,BALANCED,0.22794521991622332,0.0,0.0,0.0,0.0,0.0,0.0,0.0,0.0,0.0,0.0
2025-05-22,BALANCED,0.2986210350604774,0.0,0.0,0.0,0.0,0.0,0.0,0.0,0.0,0.0,0.0
2025-05-23,WEAK_RISK_ON_MAJORS,0.6330802820373329,0.0,0.00045323211281493326,0.0,0.0,-0.00045323211281493326,0.22661605640746663,0.2266160564074666,0.22661605640746663,0.2266160564074666,0.45323211281493325
2025-05-24,BALANCED,-0.04095863812892735,0.0018552498469710244,0.00045323211281493326,0.0006634638283441398,0.0018552498469710244,0.0007385539058119514,0.22661605640746663,0.2266160564074666,0.0,0.0,0.0
2025-05-25,BALANCED,0.3738397758263221,0.0,0.0,0.0,0.0,0.0,0.0,0.0,0.0,0.0,0.0
2025-05-26,BALANCED,0.3123946889837579,0.0,0.0,0.0,0.0,0.0,0.0,0.0,0.0,0.0,0.0
2025-05-27,BALANCED,0.28332198261544844,0.0,0.0,0.0,0.0,0.0,0.0,0.0,0.0,0.0,0.0
2025-05-28,BALANCED,0.22153421089975125,0.0,0.0,0.0,0.0,0.0,0.0,0.0,0.0,0.0,0.0
2025-05-29,BALANCED,-0.03420942084012929,0.0,0.0,0.0,0.0,0.0,0.0,0.0,0.0,0.0,0.0
2025-05-30,BALANCED,-0.3141544908502046,0.0,0.0,0.0,0.0,0.0,0.0,0.0,0.0,0.0,0.0
2025-05-31,BALANCED,0.2370459924265319,0.0,0.0,0.0,0.0,0.0,0.0,0.0,0.0,0.0,0.0
2025-06-01,BALANCED,0.47660484653734364,0.0,0.0,0.0,0.0,0.0,0.0,0.0,0.0,0.0,0.0
2025-06-02,BALANCED,0.34449032130588064,0.0,0.0,0.0,0.0,0.0,0.0,0.0,0.0,0.0,0.0
2025-06-03,BALANCED,0.36924720584495924,0.0,0.0,0.0,0.0,0.0,0.0,0.0,0.0,0.0,0.0
2025-06-04,BALANCED,0.15085892561612893,0.0,0.0,0.0,0.0,0.0,0.0,0.0,0.0,0.0,0.0
2025-06-05,BALANCED,0.0925896665026148,0.0,0.0,0.0,0.0,0.0,0.0,0.0,0.0,0.0,0.0
2025-06-06,BALANCED,0.052698702715170125,0.0,0.0,0.0,0.0,0.0,0.0,0.0,0.0,0.0,0.0
2025-06-07,BALANCED,0.35623719262334186,0.0,0.0,0.0,0.0,0.0,0.0,0.0,0.0,0.0,0.0
2025-06-08,WEAK_RISK_ON_MAJORS,0.5632424450443372,0.0,0.0004252969780177349,0.0,0.0,-0.0004252969780177349,0.21264848900886746,0.21264848900886746,0.21264848900886746,0.21264848900886746,0.4252969780177349
2025-06-09,WEAK_RISK_ON_MAJORS,0.2621842580895051,0.00007516360976932538,0.000025296978017734873,-0.0030367480121400326,0.00007516360976932538,0.0030866146438916233,0.012648489008867426,0.012648489008867447,0.20000000000000004,0.2,0.4
2025-06-10,WEAK_RISK_ON_MAJORS,0.6291215871133407,-8.832980546765595e-6,0.00005164863484533627,0.0008002200000000004,-8.832980546765595e-6,-0.0008607016153921023,0.025824317422668136,0.025824317422668136,0.22582431742266817,0.22582431742266815,0.45164863484533635
2025-06-11,WEAK_RISK_ON_MAJORS,0.6662718371711108,-0.0071937984736669125,0.000014860100023108031,0.001882697334352785,-0.0071937984736669125,-0.009091355908042806,0.007430050011554001,0.007430050011554029,0.23325436743422218,0.23325436743422218,0.46650873486844435
2025-06-12,BALANCED,-0.10846335548945095,0.0009335406965555152,0.00046650873486844434,-0.0010964238168429325,0.0009335406965555152,0.0015634557785300033,0.23325436743422218,0.23325436743422218,0.0,0.0,0.0
2025-06-13,BALANCED,-0.10239471566505165,0.0,0.0,0.0,0.0,0.0,0.0,0.0,0.0,0.0,0.0
2025-06-14,BALANCED,0.20619711117535328,0.0,0.0,0.0,0.0,0.0,0.0,0.0,0.0,0.0,0.0
2025-06-15,BALANCED,0.0353255230655828,0.0,0.0,0.0,0.0,0.0,0.0,0.0,0.0,0.0,0.0
2025-06-16,BALANCED,0.22836791791765948,0.0,0.0,0.0,0.0,0.0,0.0,0.0,0.0,0.0,0.0
2025-06-17,BALANCED,0.3474374076996398,0.0,0.0,0.0,0.0,0.0,0.0,0.0,0.0,0.0,0.0
2025-06-18,BALANCED,-0.1639382295769318,0.0,0.0,0.0,0.0,0.0,0.0,0.0,0.0,0.0,0.0
2025-06-19,BALANCED,-0.025686776986386217,0.0,0.0,0.0,0.0,0.0,0.0,0.0,0.0,0.0,0.0
2025-06-20,BALANCED,-0.3590062631823178,0.0,0.0,0.0,0.0,0.0,0.0,0.0,0.0,0.0,0.0
2025-06-21,BALANCED,-0.02360885519091648,0.0,0.0,0.0,0.0,0.0,0.0,0.0,0.0,0.0,0.0
2025-06-22,BALANCED,-0.05535016498633294,0.0,0.0,0.0,0.0,0.0,0.0,0.0,0.0,0.0,0.0
2025-06-23,BALANCED,0.19519503971385765,0.0,0.0,0.0,0.0,0.0,0.0,0.0,0.0,0.0,0.0
2025-06-24,WEAK_RISK_ON_MAJORS,1.1230861010859015,0.0,0.0006492344404343607,0.0,0.0,-0.0006492344404343607,0.32461722021718037,0.3246172202171803,0.32461722021718037,0.3246172202171803,0.6492344404343606
2025-06-25,WEAK_RISK_ON_MAJORS,0.5061525148838413,-0.0012150953918274728,0.00024677343448082414,-0.004179235709103055,-0.0012150953918274728,0.002717366882794758,0.12338671724041209,0.12338671724041206,0.20123050297676828,0.20123050297676826,0.4024610059535365
2025-06-26,BALANCED,-0.10273086403904928,0.0026813374351573292,0.0004024610059535365,-0.0012583949503652205,0.0026813374351573292,0.003537271379569013,0.20123050297676828,0.20123050297676826,0.0,0.0,0.0
2025-06-27,BALANCED,0.28289791193388764,0.0,0.0,0.0,0.0,0.0,0.0,0.0,0.0,0.0,0.0
2025-06-28,WEAK_RISK_ON_MAJORS,0.5772730651418803,0.0,0.00043090922605675214,0.0,0.0,-0.00043090922605675214,0.21545461302837607,0.21545461302837607,0.21545461302837607,0.21545461302837607,0.43090922605675214
2025-06-29,WEAK_RISK_ON_MAJORS,0.4648373521761996,-0.0013473482130197262,0.00003090922605675209,-0.0008504855394682117,-0.0013473482130197262,-0.0005277718996082665,0.015454613028376037,0.015454613028376057,0.20000000000000004,0.2,0.4
2025-06-30,WEAK_RISK_ON_MAJORS,0.3681803001888123,-0.0025785734115201155,0.0,-0.00240297,-0.0025785734115201155,-0.0001756034115201156,0.0,0.0,0.20000000000000004,0.2,0.4
2025-07-01,WEAK_RISK_ON_MAJORS,0.20462146790201496,0.0013003878047783686,0.0,-0.0019801500000000004,0.0013003878047783686,0.003280537804778369,0.0,0.0,0.20000000000000004,0.2,0.4
2025-07-02,BALANCED,-0.06504798592495872,0.004272414401628253,0.0004,0.00247668,0.004272414401628253,0.0013957344016282524,0.20000000000000004,0.2,0.0,0.0,0.0
2025-07-03,WEAK_RISK_ON_MAJORS,0.7309093717432995,0.0,0.0004923637486973199,0.0,0.0,-0.0004923637486973199,0.2461818743486599,0.2461818743486599,0.2461818743486599,0.2461818743486599,0.4923637486973198
2025-07-04,WEAK_RISK_ON_MAJORS,0.05983182058774496,-0.0001687853402196405,0.00009236374869731975,0.0005684585660584913,-0.0001687853402196405,-0.0008296076549754516,0.04618187434865986,0.04618187434865989,0.20000000000000004,0.2,0.4
2025-07-05,BALANCED,-0.21128843641214387,0.0031785258794966176,0.0004,0.003348630000000001,0.0031785258794966176,-0.0005701041205033834,0.20000000000000004,0.2,0.0,0.0,0.0
2025-07-06,BALANCED,0.3356024126260522,0.0,0.0,0.0,0.0,0.0,0.0,0.0,0.0,0.0,0.0
2025-07-07,BALANCED,0.4537183859253195,0.0,0.0,0.0,0.0,0.0,0.0,0.0,0.0,0.0,0.0
2025-07-08,BALANCED,-0.22029427715482786,0.0,0.0,0.0,0.0,0.0,0.0,0.0,0.0,0.0,0.0
2025-07-09,BALANCED,0.20909897092744373,0.0,0.0,0.0,0.0,0.0,0.0,0.0,0.0,0.0,0.0
2025-07-10,BALANCED,0.24696451580083742,0.0,0.0,0.0,0.0,0.0,0.0,0.0,0.0,0.0,0.0
2025-07-11,BALANCED,0.45763018521211773,0.0,0.0,0.0,0.0,0.0,0.0,0.0,0.0,0.0,0.0
2025-07-12,BALANCED,0.11815080286085787,0.0,0.0,0.0,0.0,0.0,0.0,0.0,0.0,0.0,0.0
2025-07-13,BALANCED,-0.0905488164385275,0.0,0.0,0.0,0.0,0.0,0.0,0.0,0.0,0.0,0.0
2025-07-14,BALANCED,0.25468382626988656,0.0,0.0,0.0,0.0,0.0,0.0,0.0,0.0,0.0,0.0
2025-07-15,BALANCED,0.09070459919727539,0.0,0.0,0.0,0.0,0.0,0.0,0.0,0.0,0.0,0.0
2025-07-16,BALANCED,-0.05032519840956989,0.0,0.0,0.0,0.0,0.0,0.0,0.0,0.0,0.0,0.0
2025-07-17,BALANCED,-0.29557173182845264,0.0,0.0,0.0,0.0,0.0,0.0,0.0,0.0,0.0,0.0
2025-07-18,BALANCED,-0.2563404577314727,0.0,0.0,0.0,0.0,0.0,0.0,0.0,0.0,0.0,0.0
2025-07-19,BALANCED,-0.4969185490215906,0.0,0.0,0.0,0.0,0.0,0.0,0.0,0.0,0.0,0.0
2025-07-20,BALANCED,-0.42918799144312636,0.0,0.0,0.0,0.0,0.0,0.0,0.0,0.0,0.0,0.0
2025-07-22,BALANCED,-0.02580365673211016,0.0,0.0,0.0,0.0,0.0,0.0,0.0,0.0,0.0,0.0
2025-07-23,WEAK_RISK_ON_ALTS,-0.5124418773498812,0.0,0.0,0.0,0.0,0.0,0.0,0.0,0.0,0.0,0.0
2025-07-24,WEAK_RISK_ON_ALTS,-0.490382492773003,0.0,0.0,0.0,0.0,0.0,0.0,0.0,0.0,0.0,0.0
2025-07-25,WEAK_RISK_ON_ALTS,-0.37587449148376373,0.0,0.0,0.0,0.0,0.0,0.0,0.0,0.0,0.0,0.0
2025-07-26,BALANCED,0.3606602629379415,0.0,0.0,0.0,0.0,0.0,0.0,0.0,0.0,0.0,0.0
2025-07-27,BALANCED,-0.36556451928029043,0.0,0.0,0.0,0.0,0.0,0.0,0.0,0.0,0.0,0.0
2025-07-28,BALANCED,-0.4170302327701514,0.0,0.0,0.0,0.0,0.0,0.0,0.0,0.0,0.0,0.0
2025-07-29,BALANCED,-0.25431368619030337,0.0,0.0,0.0,0.0,0.0,0.0,0.0,0.0,0.0,0.0
2025-07-30,WEAK_RISK_ON_ALTS,-0.8140606737038647,0.0,0.0,0.0,0.0,0.0,0.0,0.0,0.0,0.0,0.0
2025-07-31,WEAK_RISK_ON_ALTS,-0.4143688276238878,0.0,0.0,0.0,0.0,0.0,0.0,0.0,0.0,0.0,0.0
2025-08-01,WEAK_RISK_ON_ALTS,-0.13202637571692344,0.0,0.0,0.0,0.0,0.0,0.0,0.0,0.0,0.0,0.0
2025-08-02,WEAK_RISK_ON_ALTS,-0.4236249344344185,0.0,0.0,0.0,0.0,0.0,0.0,0.0,0.0,0.0,0.0
2025-08-03,WEAK_RISK_ON_ALTS,-0.3731665030585762,0.0,0.0,0.0,0.0,0.0,0.0,0.0,0.0,0.0,0.0
2025-08-04,BALANCED,-0.10106068385216693,0.0,0.0,0.0,0.0,0.0,0.0,0.0,0.0,0.0,0.0
2025-08-05,BALANCED,-0.24996768824520174,0.0,0.0,0.0,0.0,0.0,0.0,0.0,0.0,0.0,0.0
2025-08-06,WEAK_RISK_ON_ALTS,-0.5732175634928336,0.0,0.0,0.0,0.0,0.0,0.0,0.0,0.0,0.0,0.0
2025-08-07,WEAK_RISK_ON_MAJORS,0.5684446289475038,0.0,0.00042737785157900154,0.0,0.0,-0.00042737785157900154,0.2136889257895008,0.21368892578950077,0.2136889257895008,0.21368892578950077,0.42737785157900154
2025-08-08,WEAK_RISK_ON_MAJORS,0.22078521322549552,-0.005325722564305746,0.000027377851579001514,-0.004164337732446922,-0.005325722564305746,-0.0011887626834378249,0.013688925789500754,0.013688925789500761,0.20000000000000004,0.2,0.4
2025-08-09,WEAK_RISK_ON_MAJORS,0.05255904324036319,-0.005340001670652366,0.0,0.0020058000000000007,-0.005340001670652366,-0.007345801670652366,0.0,0.0,0.20000000000000004,0.2,0.4
2025-08-10,WEAK_RISK_ON_MAJORS,0.35896864221523056,-0.003658499108482153,0.0,0.003528570000000001,-0.003658499108482153,-0.007187069108482154,0.0,0.0,0.20000000000000004,0.2,0.4
2025-08-11,BALANCED,-0.2842355368353216,0.004825365498013417,0.0004,0.0031753500000000004,0.004825365498013417,0.0012500154980134162,0.20000000000000004,0.2,0.0,0.0,0.0
2025-08-12,BALANCED,-0.23309328286819583,0.0,0.0,0.0,0.0,0.0,0.0,0.0,0.0,0.0,0.0
2025-08-13,BALANCED,-0.0968085129264235,0.0,0.0,0.0,0.0,0.0,0.0,0.0,0.0,0.0,0.0
2025-08-14,BALANCED,0.05334727717723732,0.0,0.0,0.0,0.0,0.0,0.0,0.0,0.0,0.0,0.0
2025-08-15,WEAK_RISK_ON_ALTS,-0.599255139743043,0.0,0.0,0.0,0.0,0.0,0.0,0.0,0.0,0.0,0.0
2025-08-16,WEAK_RISK_ON_ALTS,-0.1859987649902501,0.0,0.0,0.0,0.0,0.0,0.0,0.0,0.0,0.0,0.0
2025-08-17,WEAK_RISK_ON_ALTS,-0.23289703986876883,0.0,0.0,0.0,0.0,0.0,0.0,0.0,0.0,0.0,0.0
2025-08-18,WEAK_RISK_ON_ALTS,-0.44870339605125303,0.0,0.0,0.0,0.0,0.0,0.0,0.0,0.0,0.0,0.0
2025-08-19,WEAK_RISK_ON_ALTS,-0.9544082638646091,0.0,0.0,0.0,0.0,0.0,0.0,0.0,0.0,0.0,0.0
2025-08-20,BALANCED,0.1647253622311272,0.0,0.0,0.0,0.0,0.0,0.0,0.0,0.0,0.0,0.0
2025-08-21,BALANCED,-0.2469951256955978,0.0,0.0,0.0,0.0,0.0,0.0,0.0,0.0,0.0,0.0
2025-08-22,WEAK_RISK_ON_ALTS,-0.5647349080776777,0.0,0.0,0.0,0.0,0.0,0.0,0.0,0.0,0.0,0.0
2025-08-23,BALANCED,0.15760203854736485,0.0,0.0,0.0,0.0,0.0,0.0,0.0,0.0,0.0,0.0
2025-08-24,BALANCED,-0.4657019481638176,0.0,0.0,0.0,0.0,0.0,0.0,0.0,0.0,0.0,0.0
2025-08-25,WEAK_RISK_ON_ALTS,-0.9907190055815851,0.0,0.0,0.0,0.0,0.0,0.0,0.0,0.0,0.0,0.0
2025-08-26,WEAK_RISK_ON_ALTS,-0.6123233508094641,0.0,0.0,0.0,0.0,0.0,0.0,0.0,0.0,0.0,0.0
2025-08-27,WEAK_RISK_ON_ALTS,-0.3681918711000727,0.0,0.0,0.0,0.0,0.0,0.0,0.0,0.0,0.0,0.0
2025-08-28,WEAK_RISK_ON_ALTS,-0.41814276736880385,0.0,0.0,0.0,0.0,0.0,0.0,0.0,0.0,0.0,0.0
2025-08-29,WEAK_RISK_ON_ALTS,-0.29453141874762306,0.0,0.0,0.0,0.0,0.0,0.0,0.0,0.0,0.0,0.0
2025-08-30,WEAK_RISK_ON_ALTS,-0.5167623698161894,0.0,0.0,0.0,0.0,0.0,0.0,0.0,0.0,0.0,0.0
2025-08-31,WEAK_RISK_ON_ALTS,-0.30491457057556953,0.0,0.0,0.0,0.0,0.0,0.0,0.0,0.0,0.0,0.0
2025-09-01,WEAK_RISK_ON_ALTS,-0.5623528912735212,0.0,0.0,0.0,0.0,0.0,0.0,0.0,0.0,0.0,0.0
2025-09-02,WEAK_RISK_ON_ALTS,-0.25180096806118785,0.0,0.0,0.0,0.0,0.0,0.0,0.0,0.0,0.0,0.0
2025-09-03,BALANCED,0.11927630602425231,0.0,0.0,0.0,0.0,0.0,0.0,0.0,0.0,0.0,0.0
2025-09-04,BALANCED,-0.14503185678110525,0.0,0.0,0.0,0.0,0.0,0.0,0.0,0.0,0.0,0.0
2025-09-05,BALANCED,-0.22595780312128336,0.0,0.0,0.0,0.0,0.0,0.0,0.0,0.0,0.0,0.0
2025-09-06,BALANCED,0.21591273167508593,0.0,0.0,0.0,0.0,0.0,0.0,0.0,0.0,0.0,0.0
2025-09-07,BALANCED,-0.2549010506409788,0.0,0.0,0.0,0.0,0.0,0.0,0.0,0.0,0.0,0.0
2025-09-08,BALANCED,0.0999882078107927,0.0,0.0,0.0,0.0,0.0,0.0,0.0,0.0,0.0,0.0
2025-09-09,BALANCED,0.09927612283160282,0.0,0.0,0.0,0.0,0.0,0.0,0.0,0.0,0.0,0.0
2025-09-10,BALANCED,0.014703027290555365,0.0,0.0,0.0,0.0,0.0,0.0,0.0,0.0,0.0,0.0
2025-09-11,BALANCED,0.18245803282584394,0.0,0.0,0.0,0.0,0.0,0.0,0.0,0.0,0.0,0.0
2025-09-12,WEAK_RISK_ON_MAJORS,0.5124476348283651,0.0,0.000404979053931346,0.0,0.0,-0.000404979053931346,0.20248952696567304,0.20248952696567302,0.20248952696567304,0.20248952696567302,0.40497905393134603
2025-09-13,WEAK_RISK_ON_MAJORS,0.15117295759687419,-0.0025124867324218597,4.9790539313460114e-6,-0.0044910759654297515,-0.0025124867324218597,0.001973610179076546,0.0024895269656730057,0.0024895269656730057,0.20000000000000004,0.2,0.4
2025-09-14,BALANCED,-0.179786052519487,-0.0012257425351684028,0.0004,0.00166482,-0.0012257425351684028,-0.003290562535168403,0.20000000000000004,0.2,0.0,0.0,0.0
2025-09-15,BALANCED,-0.3072240334797708,0.0,0.0,0.0,0.0,0.0,0.0,0.0,0.0,0.0,0.0
2025-09-16,BALANCED,-0.4651666862454233,0.0,0.0,0.0,0.0,0.0,0.0,0.0,0.0,0.0,0.0
2025-09-17,BALANCED,-0.12129889035948062,0.0,0.0,0.0,0.0,0.0,0.0,0.0,0.0,0.0,0.0
2025-09-18,BALANCED,0.22706943490723158,0.0,0.0,0.0,0.0,0.0,0.0,0.0,0.0,0.0,0.0
2025-09-19,BALANCED,-0.04558056781896762,0.0,0.0,0.0,0.0,0.0,0.0,0.0,0.0,0.0,0.0
2025-09-20,BALANCED,-0.12290569014543315,0.0,0.0,0.0,0.0,0.0,0.0,0.0,0.0,0.0,0.0
2025-09-21,BALANCED,-0.22479115116810486,0.0,0.0,0.0,0.0,0.0,0.0,0.0,0.0,0.0,0.0
2025-09-23,WEAK_RISK_ON_ALTS,-0.5895831862290816,0.0,0.0,0.0,0.0,0.0,0.0,0.0,0.0,0.0,0.0
2025-09-24,WEAK_RISK_ON_ALTS,-0.38981353607289787,0.0,0.0,0.0,0.0,0.0,0.0,0.0,0.0,0.0,0.0
2025-09-25,WEAK_RISK_ON_ALTS,-0.4391893613761869,0.0,0.0,0.0,0.0,0.0,0.0,0.0,0.0,0.0,0.0
2025-09-26,WEAK_RISK_ON_ALTS,-0.4271017352137219,0.0,0.0,0.0,0.0,0.0,0.0,0.0,0.0,0.0,0.0
2025-09-27,BALANCED,-0.05839736273093238,0.0,0.0,0.0,0.0,0.0,0.0,0.0,0.0,0.0,0.0
2025-09-28,BALANCED,-0.36311641790696086,0.0,0.0,0.0,0.0,0.0,0.0,0.0,0.0,0.0,0.0
2025-09-29,BALANCED,-0.06946429538911451,0.0,0.0,0.0,0.0,0.0,0.0,0.0,0.0,0.0,0.0
2025-09-30,BALANCED,-0.4263751019555004,0.0,0.0,0.0,0.0,0.0,0.0,0.0,0.0,0.0,0.0
2025-10-01,BALANCED,-0.4542010623000755,0.0,0.0,0.0,0.0,0.0,0.0,0.0,0.0,0.0,0.0
2025-10-02,BALANCED,-0.1542641313280016,0.0,0.0,0.0,0.0,0.0,0.0,0.0,0.0,0.0,0.0
2025-10-03,BALANCED,0.09000989570595827,0.0,0.0,0.0,0.0,0.0,0.0,0.0,0.0,0.0,0.0
2025-10-04,BALANCED,-0.36128923645026445,0.0,0.0,0.0,0.0,0.0,0.0,0.0,0.0,0.0,0.0
2025-10-05,BALANCED,-0.44123899965040503,0.0,0.0,0.0,0.0,0.0,0.0,0.0,0.0,0.0,0.0
2025-10-06,BALANCED,-0.1695247779391852,0.0,0.0,0.0,0.0,0.0,0.0,0.0,0.0,0.0,0.0
2025-10-07,BALANCED,0.08507746794925965,0.0,0.0,0.0,0.0,0.0,0.0,0.0,0.0,0.0,0.0
2025-10-08,BALANCED,-0.40781944928973524,0.0,0.0,0.0,0.0,0.0,0.0,0.0,0.0,0.0,0.0
2025-10-09,BALANCED,-0.048401142872248365,0.0,0.0,0.0,0.0,0.0,0.0,0.0,0.0,0.0,0.0
2025-10-10,WEAK_RISK_ON_ALTS,-1.4161039094245609,0.0,0.0,0.0,0.0,0.0,0.0,0.0,0.0,0.0,0.0
2025-10-11,BALANCED,-0.006827449429144147,0.0,0.0,0.0,0.0,0.0,0.0,0.0,0.0,0.0,0.0
2025-10-12,BALANCED,-0.31730314707840473,0.0,0.0,0.0,0.0,0.0,0.0,0.0,0.0,0.0,0.0
2025-10-13,BALANCED,0.22395781271046686,0.0,0.0,0.0,0.0,0.0,0.0,0.0,0.0,0.0,0.0
2025-10-14,BALANCED,-0.23250805951688974,0.0,0.0,0.0,0.0,0.0,0.0,0.0,0.0,0.0,0.0
2025-10-15,BALANCED,-0.4369433023640941,0.0,0.0,0.0,0.0,0.0,0.0,0.0,0.0,0.0,0.0
2025-10-16,BALANCED,-0.23658338810125068,0.0,0.0,0.0,0.0,0.0,0.0,0.0,0.0,0.0,0.0
2025-10-17,BALANCED,0.20297378802878083,0.0,0.0,0.0,0.0,0.0,0.0,0.0,0.0,0.0,0.0
2025-10-18,BALANCED,0.2720372976610074,0.0,0.0,0.0,0.0,0.0,0.0,0.0,0.0,0.0,0.0
2025-10-19,BALANCED,0.3093846864370532,0.0,0.0,0.0,0.0,0.0,0.0,0.0,0.0,0.0,0.0
2025-10-20,WEAK_RISK_ON_MAJORS,0.6324410498903641,0.0,0.0004529764199561457,0.0,0.0,-0.0004529764199561457,0.22648820997807284,0.22648820997807284,0.22648820997807284,0.22648820997807284,0.4529764199561457
2025-10-21,WEAK_RISK_ON_MAJORS,0.436860023427029,0.001911666568585716,0.00005297641995614564,-0.004446756270604493,0.001911666568585716,0.006305446419234063,0.02648820997807281,0.02648820997807283,0.20000000000000004,0.2,0.4
2025-10-22,WEAK_RISK_ON_MAJORS,0.06993142546582971,0.0012533382893145876,0.0,-0.00418476,0.0012533382893145876,0.005438098289314588,0.0,0.0,0.20000000000000004,0.2,0.4
2025-10-23,BALANCED,0.12131815170826553,0.0017096790636055468,0.0004,0.00369504,0.0017096790636055468,-0.0023853609363944533,0.20000000000000004,0.2,0.0,0.0,0.0
2025-10-24,WEAK_RISK_ON_MAJORS,0.5315979995740611,0.0,0.00041263919982962444,0.0,0.0,-0.00041263919982962444,0.20631959991481222,0.20631959991481222,0.20631959991481222,0.20631959991481222,0.41263919982962444
2025-10-25,WEAK_RISK_ON_MAJORS,0.43084395876259013,0.0034346258132780232,0.00003263919982962439,0.001631946771406182,0.0034346258132780232,0.001770039842042217,0.026319599914812183,0.006319599914812207,0.20000000000000004,0.2,0.4
2025-10-26,WEAK_RISK_ON_MAJORS,0.4480289494899513,-0.0041949522718077725,0.000020000000000000005,0.006200250000000002,-0.0041949522718077725,-0.010415202271807774,0.020000000000000004,0.0,0.20000000000000004,0.2,0.4
2025-10-27,WEAK_RISK_ON_MAJORS,0.38532393765354506,-0.0007382076058721106,0.00004000000000000001,0.00213954,-0.0007382076058721106,-0.0029177476058721108,0.04000000000000001,0.0,0.20000000000000004,0.2,0.4
2025-10-28,WEAK_RISK_ON_MAJORS,0.22854036697907326,0.0010986673016357665,0.000020000000000000005,0.00022980000000000006,0.0010986673016357665,0.0008488673016357664,0.020000000000000004,0.0,0.20000000000000004,0.2,0.4
2025-10-29,BALANCED,-0.11253313661575155,-0.00013584595782018937,0.0004,0.004153980000000001,-0.00013584595782018937,-0.00468982595782019,0.20000000000000004,0.2,0.0,0.0,0.0
2025-10-30,BALANCED,-0.050959783058013824,0.0,0.0,0.0,0.0,0.0,0.0,0.0,0.0,0.0,0.0
2025-10-31,BALANCED,-0.23268940614154004,0.0,0.0,0.0,0.0,0.0,0.0,0.0,0.0,0.0,0.0
2025-11-01,BALANCED,0.24285853872433183,0.0,0.0,0.0,0.0,0.0,0.0,0.0,0.0,0.0,0.0
2025-11-02,BALANCED,0.030449190121009728,0.0,0.0,0.0,0.0,0.0,0.0,0.0,0.0,0.0,0.0
2025-11-03,BALANCED,-0.022313664718290903,0.0,0.0,0.0,0.0,0.0,0.0,0.0,0.0,0.0,0.0
2025-11-04,BALANCED,0.05371508189875364,0.0,0.0,0.0,0.0,0.0,0.0,0.0,0.0,0.0,0.0
2025-11-05,BALANCED,-0.002256467322797842,0.0,0.0,0.0,0.0,0.0,0.0,0.0,0.0,0.0,0.0
2025-11-06,BALANCED,-0.09360507424849748,0.0,0.0,0.0,0.0,0.0,0.0,0.0,0.0,0.0,0.0
2025-11-07,BALANCED,0.017663155001168062,0.0,0.0,0.0,0.0,0.0,0.0,0.0,0.0,0.0,0.0
2025-11-08,WEAK_RISK_ON_MAJORS,0.6415120937991547,0.0,0.0004566048375196619,0.0,0.0,-0.0004566048375196619,0.22830241875983096,0.22830241875983096,0.22830241875983096,0.22830241875983096,0.4566048375196619
2025-11-09,BALANCED,-0.21045640741367816,-0.0007175206260394108,0.0004566048375196619,-0.0003631035819165731,-0.0007175206260394108,-0.0008110218816424996,0.22830241875983096,0.22830241875983096,0.0,0.0,0.0
2025-11-10,BALANCED,0.26246038534079075,0.0,0.0,0.0,0.0,0.0,0.0,0.0,0.0,0.0,0.0
2025-11-11,BALANCED,-0.23133432223369899,0.0,0.0,0.0,0.0,0.0,0.0,0.0,0.0,0.0,0.0
2025-11-12,BALANCED,0.27787213822285706,0.0,0.0,0.0,0.0,0.0,0.0,0.0,0.0,0.0,0.0
2025-11-13,BALANCED,-0.10983209049283088,0.0,0.0,0.0,0.0,0.0,0.0,0.0,0.0,0.0,0.0
2025-11-14,BALANCED,-0.2887228131024698,0.0,0.0,0.0,0.0,0.0,0.0,0.0,0.0,0.0,0.0
2025-11-15,BALANCED,-0.4115169179055367,0.0,0.0,0.0,0.0,0.0,0.0,0.0,0.0,0.0,0.0
2025-11-16,BALANCED,-0.07592140808938617,0.0,0.0,0.0,0.0,0.0,0.0,0.0,0.0,0.0,0.0
2025-11-17,BALANCED,-0.27491434733517284,0.0,0.0,0.0,0.0,0.0,0.0,0.0,0.0,0.0,0.0
2025-11-18,BALANCED,-0.35149785580292703,0.0,0.0,0.0,0.0,0.0,0.0,0.0,0.0,0.0,0.0
2025-11-19,BALANCED,-0.15694941072106797,0.0,0.0,0.0,0.0,0.0,0.0,0.0,0.0,0.0,0.0
2025-11-20,BALANCED,-0.41180440027412213,0.0,0.0,0.0,0.0,0.0,0.0,0.0,0.0,0.0,0.0
2025-11-21,BALANCED,-0.3521005836134708,0.0,0.0,0.0,0.0,0.0,0.0,0.0,0.0,0.0,0.0
2025-11-22,WEAK_RISK_ON_MAJORS,0.8512726994657484,0.0,0.0005405090797862994,0.0,0.0,-0.0005405090797862994,0.2702545398931497,0.2702545398931497,0.2702545398931497,0.2702545398931497,0.5405090797862994
2025-11-23,BALANCED,-0.09689023404105696,-0.002289096404477779,0.0005405090797862994,0.004288817933561334,-0.002289096404477779,-0.007118423417825412,0.2702545398931497,0.2702545398931497,0.0,0.0,0.0
