decision_date,next_date,basket_hash,basket_members,n_valid,coverage,F_tk,F_tk_apr,Environment_APR,Fragmentation_Spread,Z_Score_90d,Delta_APR,LogModulus_APR,Conditioned_Momentum,w_risk,label_v0_0,label_v0_1,p_v0_0,p_v0_1,r_alts,r_maj_weighted,y,r_btc,r_eth,y_hot,y_cold,funding_pct_rank,funding_regime,btcd_index_decision,sma_30,BTCDOM_Trend,btcdom_7d_ret,is_mrf_active,y_filtered,y_gated
2024-04-01,2024-04-08,"ADA,APT,ARB,ATOM,BCH,DOGE,DOT,ETC,FET,FIL,GRT,HBAR,ICP,IMX,INJ,KAS,LINK,LTC,NEAR,OP,RUNE,SOL,STX,THETA,TRX,UNI,VET,WIF,XLM,XRP","SOL,XRP,DOGE,ADA,BCH,DOT,LINK,TRX,UNI,ICP,LTC,NEAR,APT,STX,FIL,ETC,ATOM,WIF,ARB,IMX,XLM,HBAR,OP,GRT,VET,INJ,KAS,FET,THETA,RUNE",30,100.0,0.0004528881428571,0.4959125164285714,43.39533844023324,0.0002241914285714,,,3.7931344738414974,,0.0,Green,,100.0,,-0.0889731898948306,-0.0338753239934576,0.0536335265132838,-0.0258955336921261,-0.0524948346965644,-0.0821216464278522,-0.1071002666955265,,,,,Falling,,False,0.0,0.0
2024-04-08,2024-04-15,"ADA,APT,ARB,ATOM,BCH,DOGE,DOT,ETC,FET,FIL,GRT,HBAR,ICP,IMX,INJ,KAS,LINK,LTC,NEAR,OP,RUNE,SOL,STX,THETA,TRX,UNI,VET,WIF,XLM,XRP","SOL,XRP,DOGE,ADA,BCH,DOT,TRX,LINK,UNI,ICP,LTC,NEAR,APT,ETC,STX,FIL,ATOM,ARB,IMX,WIF,XLM,HBAR,KAS,OP,GRT,INJ,VET,FET,THETA,RUNE",30,100.0,0.0001452129523809,0.1590081828571428,13.845388377948582,7.125428571428573e-05,,-29.54995006228466,2.697689270079533,-79.71658321441134,1.0,Green,,95.23809523809524,,-0.202690441218893,-0.0624995993532358,0.1311956535410396,-0.0525822735586044,-0.0856400262073758,-0.2541136154228325,-0.2059098143297245,,,,,Falling,,False,0.0,0.0
2024-04-15,2024-04-22,"ADA,APT,ARB,ATOM,BCH,DOGE,DOT,ETC,FET,FIL,GRT,HBAR,ICP,IMX,INJ,KAS,LINK,LTC,NEAR,OP,SOL,STX,TAO,TRX,UNI,VET,WIF,XLM,XMR,XRP","SOL,XRP,DOGE,ADA,BCH,TRX,DOT,LINK,NEAR,ICP,LTC,UNI,APT,STX,ETC,TAO,FIL,ATOM,XLM,ARB,VET,IMX,WIF,HBAR,KAS,GRT,INJ,OP,FET,XMR",30,100.0,7.713935714285715e-05,0.0844675960714285,11.405106944717328,0.00010864,,-2.440281433231254,2.518108238204332,-6.144892780556695,1.0,Green,,87.61904761904762,,0.0232153644835585,-0.0096915865262292,-0.0334605637628572,-0.0124137835629444,-0.0033397934405604,0.0169632721794268,0.0247512203366252,,,,,Falling,,False,0.0,0.0
2024-04-22,2024-04-29,"ADA,APT,ARB,ATOM,BCH,DOGE,DOT,ETC,FET,FIL,GRT,HBAR,ICP,IMX,INJ,KAS,LINK,LTC,NEAR,OP,SOL,STX,TAO,THETA,TRX,UNI,VET,WIF,XLM,XRP","SOL,XRP,DOGE,ADA,BCH,TRX,DOT,LINK,ICP,NEAR,LTC,UNI,APT,STX,ETC,FIL,ATOM,XLM,IMX,HBAR,ARB,TAO,VET,WIF,KAS,GRT,OP,INJ,FET,THETA",30,100.0,2.169090476190476e-05,0.0237515407142857,6.325173797736919,9.626285714285716e-05,,-5.07993314698041,1.9913168812751627,-10.115756631331353,1.0,Yellow,,50.47619047619048,,-0.0375821398118814,-0.0098348891555409,0.0273692716828983,-0.0293515891063832,0.0357040773964245,-0.0310901096526509,-0.0505230579744237,,,,,Falling,,False,0.0,0.0
2024-04-29,2024-05-06,"ADA,APT,AR,ARB,ATOM,BCH,DOGE,DOT,ETC,FIL,GRT,HBAR,ICP,IMX,INJ,KAS,LINK,LTC,NEAR,OP,SOL,STX,TAO,TRX,UNI,VET,WIF,XLM,XMR,XRP","SOL,XRP,DOGE,ADA,TRX,BCH,DOT,LINK,NEAR,ICP,LTC,UNI,ETC,APT,HBAR,STX,XLM,FIL,ATOM,IMX,ARB,VET,TAO,OP,KAS,WIF,GRT,AR,INJ,XMR",30,100.0,1.648647619047619e-05,0.0180526914285714,5.83779193069307,9.102285714285716e-05,-0.6054914777355757,-0.4873818670438483,1.9224648623676504,-0.9369745139469404,1.0,Yellow,,46.66666666666666,,0.0348497044375362,-0.000435231415407,-0.035922491557944,0.0155413024981603,-0.0377138105470642,0.0310601132332867,0.0330199115519399,,,,,Falling,,False,0.0,0.0
2024-05-06,2024-05-13,"ADA,APT,AR,ARB,ATOM,BCH,DOGE,DOT,ETC,FET,FIL,GRT,HBAR,ICP,IMX,KAS,LINK,LTC,NEAR,OP,SOL,STX,SUI,TAO,TRX,UNI,VET,WIF,XLM,XRP","SOL,XRP,DOGE,ADA,TRX,DOT,BCH,LINK,NEAR,LTC,ICP,FET,UNI,ETC,APT,HBAR,ATOM,FIL,STX,IMX,WIF,XLM,TAO,OP,ARB,GRT,VET,AR,SUI,KAS",30,100.0,1.1730333333333334e-05,0.012844715,5.623821031824613,8.968285714285715e-05,-0.470586527651045,-0.2139708988684576,1.8906723985755425,-0.4045488725889917,1.0,Orange,,40.0,,-0.0599441741632932,-0.04700445240401,0.0128567188161942,-0.0391025513149201,-0.0654422216118865,-0.0559866268335134,-0.0717307023127869,,,,,Falling,,False,0.0,0.0
2024-05-13,2024-05-20,"ADA,APT,AR,ARB,ATOM,BCH,DOGE,DOT,ETC,FET,FIL,GRT,HBAR,ICP,IMX,KAS,LINK,LTC,NEAR,OP,SOL,STX,TAO,TRX,UNI,VET,WIF,XLM,XMR,XRP","SOL,XRP,DOGE,ADA,TRX,DOT,BCH,LINK,NEAR,LTC,FET,ICP,UNI,ETC,HBAR,APT,ATOM,IMX,FIL,XLM,WIF,STX,KAS,AR,ARB,OP,GRT,VET,TAO,XMR",30,100.0,5.108371428571429e-05,0.0559366671428571,7.356940521428575,6.604571428571428e-05,-0.4610055160755631,1.733119489603962,2.1230923937782933,3.67957280588709,1.0,YellowGreen,,67.61904761904762,,0.0339765238574986,0.0683389004144394,0.0337851755759551,0.0771563305808273,0.0477648966928674,0.0224330546390967,0.039375172265665,,,,,Falling,,False,0.0,0.0
2024-05-20,2024-05-27,"ADA,APT,AR,ARB,ATOM,BCH,DOGE,DOT,ETC,FET,FIL,GRT,HBAR,ICP,IMX,KAS,LINK,LTC,NEAR,OP,SOL,STX,TAO,TRX,UNI,VET,WIF,XLM,XMR,XRP","SOL,XRP,DOGE,ADA,TRX,LINK,BCH,DOT,NEAR,LTC,ICP,UNI,FET,ETC,HBAR,APT,IMX,ATOM,AR,FIL,XLM,KAS,GRT,STX,OP,ARB,WIF,VET,TAO,XMR",30,100.0,6.069580952380953e-05,0.0664619114285714,7.353085118354274,7.193000000000001e-05,-0.2007589502112501,-0.0038554030743007,2.1226309458756,-0.0081835978743347,1.0,YellowGreen,,73.33333333333333,,0.0567243856709622,0.0974817282670446,0.0399486621687884,0.0340532247577727,0.2454815697886792,0.0501421227573816,0.049703503594916,,,,,Falling,,False,0.0,0.0
2024-05-27,2024-06-03,"ADA,APT,AR,ARB,ATOM,BCH,DOGE,DOT,ETC,FET,FIL,GRT,HBAR,ICP,IMX,KAS,LINK,LTC,NEAR,OP,SOL,STX,TAO,TRX,UNI,VET,WIF,XLM,XMR,XRP","SOL,XRP,DOGE,ADA,DOT,LINK,TRX,BCH,NEAR,UNI,LTC,FET,ICP,ETC,APT,HBAR,IMX,KAS,ATOM,FIL,ARB,XLM,GRT,TAO,WIF,STX,OP,XMR,VET,AR",30,100.0,8.890304761904763e-05,0.0973488371428571,10.317737184873948,5.000000000000001e-05,-0.115762667786484,2.9646520665196743,2.4263711574641462,7.193346266119815,1.0,Green,,91.42857142857144,,-0.03084461323273,-0.0113505992358419,0.0193064395064429,-0.0112221182888341,-0.0116503881121935,-0.0379587414782706,-0.0287594747061618,,,,,Falling,,False,0.0,0.0
2024-06-03,2024-06-10,"ADA,APT,AR,ARB,ATOM,BCH,DOGE,DOT,ETC,FET,FIL,GRT,HBAR,ICP,IMX,KAS,LINK,LTC,NEAR,OP,SOL,STX,SUI,TAO,TRX,UNI,WIF,XLM,XMR,XRP","SOL,XRP,DOGE,ADA,LINK,TRX,DOT,BCH,NEAR,UNI,LTC,ICP,FET,ETC,APT,HBAR,KAS,FIL,ATOM,ARB,IMX,WIF,XLM,AR,GRT,XMR,STX,TAO,OP,SUI",30,100.0,0.0001180769523809,0.1292942628571428,10.852446684955536,3.48e-05,-0.1446428637076129,0.5347095000815862,2.4725343175731385,1.3220875888840988,1.0,Green,,94.28571428571428,,-0.0269037970364855,0.0138436963732942,0.0399391986440035,0.0282572092968573,-0.0197878337816863,-0.0286315818165496,-0.0336747140140383,,,,,Falling,,False,0.0,0.0
2024-06-10,2024-06-17,"ADA,APT,AR,ARB,ATOM,BCH,DOGE,DOT,ETC,FET,FIL,GRT,HBAR,ICP,IMX,INJ,KAS,LINK,LTC,NEAR,SOL,STX,SUI,TAO,TRX,UNI,WIF,XLM,XMR,XRP","SOL,XRP,DOGE,ADA,TRX,LINK,BCH,DOT,UNI,NEAR,LTC,ICP,FET,KAS,ETC,APT,FIL,STX,HBAR,XMR,ATOM,IMX,XLM,ARB,WIF,INJ,SUI,GRT,TAO,AR",30,100.0,0.000113002095238,0.1237372942857143,10.41960690707351,4.895000000000001e-05,-0.199167380988869,-0.432839777882025,2.435331782188279,-1.0541084676714108,1.0,Green,,93.33333333333331,,-0.0757228999689873,-0.0376115943537884,0.0374030098380398,-0.0436244279467068,-0.0235816493036454,-0.0955078836487444,-0.0687942154079432,,,,,Falling,,False,0.0,0.0
2024-06-17,2024-06-24,"ADA,APT,ARB,ATOM,BCH,DOGE,DOT,ETC,FET,FIL,GRT,HBAR,ICP,IMX,INJ,KAS,LINK,LTC,NEAR,OP,SOL,STX,SUI,TRX,UNI,VET,WIF,XLM,XMR,XRP","SOL,XRP,DOGE,ADA,TRX,LINK,UNI,DOT,BCH,NEAR,LTC,ICP,KAS,ETC,FET,APT,XMR,HBAR,FIL,XLM,ATOM,STX,ARB,WIF,IMX,INJ,SUI,OP,GRT,VET",30,100.0,7.708704761904762e-05,0.0844103171428571,9.265550118503713,5.000000000000001e-05,-0.4196447315270868,-1.1540567885697983,2.3287936407060017,-2.6875601102349376,1.0,Green,,86.66666666666667,,-0.1228050676694485,-0.0523066546423495,0.0681243465869957,-0.0509517831417509,-0.0554680214770795,-0.1342980502290334,-0.1349348563189066,,,,,Falling,,False,0.0,0.0
2024-06-24,2024-07-01,"ADA,APT,ARB,ATOM,BCH,DOGE,DOT,ETC,FET,FIL,GRT,HBAR,ICP,IMX,INJ,KAS,LINK,LTC,NEAR,OP,SOL,STX,SUI,TAO,TRX,UNI,VET,XLM,XMR,XRP","SOL,XRP,DOGE,ADA,TRX,LINK,DOT,BCH,UNI,NEAR,LTC,ICP,KAS,FET,ETC,APT,XMR,HBAR,XLM,ATOM,ARB,FIL,STX,IMX,SUI,VET,INJ,GRT,OP,TAO",30,100.0,3.3907619047619046e-05,0.0371288428571428,6.70617708791209,8.305428571428572e-05,-0.2437879176158355,-2.5593730305916207,2.0420222264631582,-5.226296614278462,1.0,Yellow,,57.14285714285714,,0.0449547248165857,-0.0038538243871084,-0.0500399214547173,-0.0077025164448681,0.0051264570809976,0.0435284174268528,0.0412996900932158,,,,,Falling,,False,0.0,0.0
2024-07-01,2024-07-08,"ADA,APT,ARB,ATOM,BCH,DOGE,DOT,ETC,FET,FIL,GRT,HBAR,ICP,IMX,INJ,KAS,LINK,LTC,NEAR,OP,SOL,STX,SUI,TRX,UNI,VET,WIF,XLM,XMR,XRP","SOL,XRP,DOGE,ADA,TRX,LINK,DOT,BCH,UNI,NEAR,LTC,KAS,ICP,FET,ETC,APT,XMR,HBAR,XLM,ATOM,ARB,STX,FIL,IMX,INJ,WIF,VET,OP,GRT,SUI",30,100.0,4.550066666666668e-05,0.04982323,8.167811064560443,5.256285714285715e-05,-0.2369765609409784,1.4616339766483524,2.21569855161872,3.2385402850564646,1.0,YellowGreen,,63.8095238095238,,-0.1638831481077208,-0.1207288579800701,0.042249094251397,-0.1092545578638128,-0.1475022249180039,-0.1699729885772747,-0.1925060997032744,,,,,Falling,,False,0.0,0.0
2024-07-08,2024-07-15,"ADA,APT,ARB,ATOM,BCH,DOGE,DOT,ETC,FET,FIL,GRT,HBAR,ICP,IMX,INJ,KAS,LINK,LTC,NEAR,OP,SOL,STX,SUI,TRX,UNI,VET,WIF,XLM,XMR,XRP","SOL,XRP,DOGE,ADA,TRX,DOT,LINK,BCH,UNI,NEAR,LTC,KAS,ICP,ETC,FET,XMR,APT,XLM,HBAR,ATOM,ARB,FIL,STX,VET,INJ,IMX,WIF,GRT,SUI,OP",30,100.0,3.381957142857143e-05,0.0370324307142857,6.179811490384616,9.555857142857143e-05,-0.7735230141538793,-1.9879995741758272,1.9712731278943847,-3.918890138838288,1.0,Yellow,,56.19047619047619,,0.1697226075320013,0.0966051883656272,-0.0759283872064614,0.0905855110686109,0.1106511020586655,0.1607163097076197,0.1478540797851958,,,2542.0345891620696,,Falling,-0.010807029774076805,False,0.0,0.0
2024-07-15,2024-07-22,"ADA,APT,ARB,ATOM,BCH,DOGE,DOT,ETC,FET,FIL,GRT,HBAR,ICP,IMX,INJ,KAS,LINK,LTC,NEAR,OP,SOL,STX,SUI,TAO,TRX,UNI,VET,XLM,XMR,XRP","SOL,XRP,DOGE,ADA,TRX,DOT,LINK,BCH,UNI,NEAR,LTC,KAS,ICP,ETC,FET,APT,XLM,XMR,HBAR,STX,VET,FIL,ATOM,ARB,IMX,INJ,SUI,OP,TAO,GRT",30,100.0,5.718895238095239e-05,0.0626219028571428,7.377616648351649,6.58357142857143e-05,0.0552358632341333,1.197805157967034,2.125563464537362,2.546010881409131,1.0,YellowGreen,,72.38095238095238,,0.1025225613766582,0.1079465992042839,0.0054093807110637,0.1172553213551856,0.0862262475188466,0.0815458531356262,0.1077592264678434,,,2514.710656879088,,Falling,0.014969322828649314,False,0.0,0.0
2024-07-22,2024-07-29,"ADA,APT,AR,ARB,ATOM,BCH,DOGE,DOT,ETC,FET,FIL,HBAR,ICP,IMX,INJ,KAS,LINK,LTC,NEAR,OP,SOL,STX,TAO,TRX,UNI,VET,WIF,XLM,XMR,XRP","SOL,XRP,DOGE,ADA,TRX,LINK,DOT,BCH,NEAR,UNI,LTC,ICP,KAS,FET,ETC,APT,XLM,XMR,STX,WIF,FIL,ARB,HBAR,INJ,IMX,ATOM,TAO,VET,AR,OP",30,100.0,5.236142857142858e-05,0.0573357642857143,8.409270597527476,5.000000000000001e-05,-0.3295291686352906,1.0316539491758263,2.2416954370464626,2.312653950478413,1.0,YellowGreen,,68.57142857142857,,-0.0709605313968485,-0.0205152426901906,0.0492141587535546,0.0022633527790179,-0.0736652987850104,-0.0969919747648626,-0.0539374570638595,,,2552.6373326323483,,Falling,0.04147566145942058,False,0.0,0.0
2024-07-29,2024-08-05,"ADA,APT,AR,ARB,ATOM,BCH,DOGE,DOT,ETC,FET,FIL,HBAR,ICP,IMX,INJ,KAS,LINK,LTC,NEAR,RENDER,SOL,STX,TAO,TRX,UNI,VET,WIF,XLM,XMR,XRP","SOL,XRP,DOGE,ADA,TRX,BCH,LINK,DOT,NEAR,UNI,LTC,KAS,ICP,ETC,APT,FET,XMR,XLM,STX,FIL,RENDER,ATOM,HBAR,WIF,TAO,ARB,INJ,VET,IMX,AR",30,100.0,4.545919047619048e-05,0.0497778135714285,7.503241082025119,6.20457142857143e-05,-0.3994423307585356,-0.9060295155023566,2.1404473945861247,-1.939308515875148,1.0,YellowGreen,,62.85714285714285,,-0.2086857317871726,-0.1591160971064111,0.0483802084164461,-0.1499956587120745,-0.1803971200265299,-0.2422958044880064,-0.2346685662250317,,,2660.7358882596354,,Falling,0.04600554256713429,False,0.0,0.0
2024-08-05,2024-08-12,"ADA,APT,ARB,ATOM,BCH,DOGE,DOT,ETC,FET,FIL,HBAR,ICP,IMX,INJ,KAS,LINK,LTC,NEAR,OP,RENDER,SOL,STX,SUI,TAO,TRX,UNI,VET,XLM,XMR,XRP","SOL,XRP,DOGE,ADA,TRX,LINK,DOT,BCH,LTC,UNI,NEAR,KAS,ICP,ETC,XMR,XLM,APT,FET,FIL,STX,HBAR,ATOM,ARB,VET,RENDER,INJ,IMX,OP,TAO,SUI",30,100.0,1.5766380952380956e-05,0.0172641871428571,5.3734197551020415,9.019571428571428e-05,-3.124657895378128,-2.1298213269230777,1.8521361787641588,-3.944719133897719,1.0,Yellow,,43.80952380952381,,0.0145231904067967,-0.0041981111387337,-0.0188987634806187,0.0137576297468573,-0.0460948398717796,0.0015519246981886,0.0156330566567703,,,2786.0039044823247,2573.966498055968,Rising,0.038173239579313255,False,0.0,0.0
2024-08-12,2024-08-19,"ADA,APT,ARB,ATOM,BCH,DOGE,DOT,ETC,FET,FIL,HBAR,ICP,IMX,INJ,KAS,LINK,LTC,NEAR,RENDER,SOL,STX,SUI,TAO,TRX,UNI,VET,WIF,XLM,XMR,XRP","SOL,XRP,DOGE,ADA,TRX,BCH,DOT,LINK,LTC,UNI,NEAR,KAS,ICP,XLM,XMR,ETC,APT,SUI,FET,TAO,STX,FIL,ATOM,HBAR,ARB,VET,RENDER,INJ,IMX,WIF",30,100.0,-4.406809523809524e-05,-0.0482545642857142,3.669249653061225,0.0001120814285714,-0.1415652689457756,-1.7041701020408162,1.5409983849086857,-2.626123374854568,0.5564165510204084,Red,,9.523809523809524,,0.0008549082066925,0.0021872490715641,0.0013314540863549,-0.0062230341122991,0.0218112431672452,0.0059104015778691,-0.0061578350043584,,,2894.4106535602677,2657.949431272205,Rising,-0.009278643236868328,False,0.0,0.0
2024-08-19,2024-08-26,"AAVE,ADA,APT,ARB,ATOM,BCH,DOGE,DOT,ETC,FET,FIL,HBAR,ICP,IMX,INJ,KAS,LINK,LTC,NEAR,RENDER,SOL,STX,SUI,TAO,TRX,UNI,VET,XLM,XMR,XRP","SOL,XRP,DOGE,ADA,TRX,BCH,DOT,LINK,LTC,UNI,NEAR,KAS,ICP,APT,XMR,ETC,XLM,SUI,STX,FET,FIL,TAO,HBAR,VET,ARB,ATOM,RENDER,IMX,INJ,AAVE",30,100.0,1.1881428571428571e-05,0.0130101642857142,4.253761998763851,0.0001120828571428,-0.4375483914302144,0.5845123457026258,1.6589443911820905,0.9696734774800582,0.7512539995879504,Yellow,,40.95238095238095,,0.1798913075309579,0.0847855457036484,-0.0999372060089078,0.0997209568729515,0.0499362529752744,0.1526044559890388,0.1669422027503736,,,2867.678659827994,2736.942483776938,Rising,0.008379721383195676,False,0.0,0.0
2024-08-26,2024-09-02,"AAVE,ADA,APT,ARB,ATOM,BCH,DOGE,DOT,ETC,FET,FIL,HBAR,ICP,IMX,INJ,KAS,LINK,LTC,NEAR,RENDER,SOL,STX,SUI,TAO,TRX,UNI,VET,XLM,XMR,XRP","SOL,XRP,DOGE,TRX,ADA,LINK,BCH,DOT,NEAR,UNI,LTC,KAS,ICP,APT,FET,XMR,ETC,XLM,STX,SUI,TAO,RENDER,FIL,IMX,INJ,HBAR,ARB,VET,AAVE,ATOM",30,100.0,4.522004761904762e-05,0.0495159521428571,7.067727064948306,7.266428571428572e-05,-0.422998024405236,2.813965066184455,2.087871790187602,5.875198280259911,1.0,YellowGreen,,61.90476190476191,,-0.1490845520924401,-0.1096847704231187,0.0386434135376523,-0.1074926070539606,-0.1147998182844874,-0.1826698186101564,-0.1455890032540526,,,2891.809973649408,2802.5484910027903,Rising,0.03731526732463214,False,0.0,0.0
2024-09-02,2024-09-09,"AAVE,ADA,APT,ARB,ATOM,BCH,DOGE,DOT,ETC,FET,FIL,HBAR,ICP,IMX,KAS,LINK,LTC,NEAR,OP,RENDER,SOL,STX,SUI,TAO,TRX,UNI,VET,XLM,XMR,XRP","SOL,XRP,DOGE,TRX,ADA,LINK,BCH,DOT,LTC,NEAR,UNI,KAS,ICP,XMR,APT,FET,XLM,ETC,STX,SUI,IMX,FIL,TAO,RENDER,AAVE,HBAR,ARB,VET,ATOM,OP",30,100.0,-2.3647714285714285e-05,-0.0258942471428571,3.481889891189893,0.0001052871428571,-1.0166505309293885,-3.5858371737584127,1.5000448081849278,-5.378916435492822,0.4939632970632977,Orange,,20.952380952380956,,0.0026718385839386,-0.0478031411257482,-0.0517933980603242,-0.0447247342869662,-0.0549860904162394,0.0052824514555675,-0.0033509124588363,,,3001.75723405666,2878.3524462979794,Rising,-0.01186639470014133,False,0.0,0.0
2024-09-09,2024-09-16,"AAVE,ADA,APT,ARB,BCH,DOGE,DOT,ETC,FET,FIL,HBAR,ICP,IMX,INJ,KAS,LINK,LTC,NEAR,OP,RENDER,SOL,STX,SUI,TAO,TRX,UNI,VET,XLM,XMR,XRP","SOL,XRP,DOGE,TRX,ADA,LINK,BCH,DOT,UNI,LTC,NEAR,KAS,ICP,XMR,APT,FET,ETC,XLM,SUI,STX,FIL,IMX,RENDER,AAVE,HBAR,TAO,ARB,OP,VET,INJ",30,100.0,-4.550714285714284e-06,-0.0049830321428571,3.819145624956125,9.620142857142856e-05,0.2696793649482707,0.3372557337662321,1.572596656117597,0.5303672391772631,0.6063818749853751,Orange,,30.47619047619048,,0.0645090240109179,0.0599262905286445,-0.0045932663973726,0.0807118158784387,0.0114267313791247,0.0422125697742775,0.0789848570404933,,,2966.3477051506543,2916.3043554269902,Rising,0.04043575742720924,False,0.0,0.0
2024-09-16,2024-09-23,"AAVE,ADA,APT,ARB,BCH,DOGE,DOT,ETC,FET,FIL,HBAR,ICP,IMX,INJ,KAS,LINK,LTC,NEAR,OP,POL,RENDER,SOL,STX,SUI,TAO,TRX,UNI,XLM,XMR,XRP","SOL,XRP,DOGE,TRX,ADA,LINK,BCH,DOT,UNI,LTC,NEAR,KAS,ICP,FET,XMR,APT,SUI,XLM,ETC,STX,TAO,POL,AAVE,IMX,FIL,RENDER,HBAR,INJ,ARB,OP",30,100.0,2.309436507936508e-05,0.0252883297619047,5.400338383149721,7.895285714285714e-05,-0.8754271634997923,1.581192758193596,1.856350861335076,2.9352485386094664,1.0,Yellow,,51.42857142857142,,0.116546236222293,0.0852421632542025,-0.031804517129805,0.0737619165130478,0.1120294056502302,0.063201049244068,0.1440402719612164,,,3088.752305068853,2953.320004115419,Rising,-0.016707212331836876,False,0.0,0.0
2024-09-23,2024-09-30,"AAVE,ADA,APT,ARB,BCH,DOGE,DOT,ETC,FET,FIL,HBAR,ICP,IMX,INJ,KAS,LINK,LTC,NEAR,OP,POL,RENDER,SOL,STX,SUI,TAO,TRX,UNI,XLM,XMR,XRP","SOL,XRP,DOGE,TRX,ADA,LINK,BCH,DOT,LTC,NEAR,UNI,SUI,KAS,FET,APT,ICP,TAO,XMR,POL,XLM,ETC,IMX,STX,AAVE,RENDER,FIL,ARB,INJ,OP,HBAR",30,100.0,4.05604761904762e-05,0.0444137214285714,6.905506079465907,6.442428571428573e-05,0.8918370164030324,1.5051676963161853,2.067559488785022,3.112023752731221,1.0,Yellow,,60.0,,0.085081141064945,0.0318275006257662,-0.0547240574034839,0.0327305003487403,0.0297205012721599,0.0901512516680998,0.0685439488776502,0.46153846153846156,Q2: Weak,3037.5765569020846,3002.233997216736,Rising,-0.021148461521783332,True,-0.0547240574034839,-0.0547240574034839
2024-09-30,2024-10-07,"AAVE,ADA,APT,ARB,BCH,DOGE,DOT,ETC,FET,FIL,HBAR,ICP,IMX,KAS,LINK,LTC,NEAR,OP,POL,RENDER,SOL,STX,SUI,TAO,TRX,UNI,WIF,XLM,XMR,XRP","SOL,XRP,DOGE,ADA,TRX,LINK,BCH,DOT,NEAR,UNI,LTC,SUI,ICP,FET,TAO,APT,KAS,POL,ETC,XLM,STX,IMX,XMR,RENDER,WIF,AAVE,FIL,OP,ARB,HBAR",30,100.0,7.578066666666668e-05,0.08297983,8.402501961098396,5.000000000000001e-05,0.6788248637698329,1.4969958816324898,2.2409758199343504,3.3547315732797145,1.0,Green,,84.76190476190476,,-0.0745268078575523,-0.0553961499679523,0.0189499676986143,-0.0434317679116642,-0.0833130414326244,-0.0887340968279515,-0.0715500394653385,0.7407407407407407,Q3: Neutral,2974.0110118730527,3014.102597087893,Falling,0.007968256919189462,False,0.0,0.0
2024-10-07,2024-10-14,"AAVE,ADA,APT,BCH,DOGE,DOT,ETC,FET,FIL,HBAR,ICP,IMX,INJ,KAS,LINK,LTC,NEAR,OP,POL,RENDER,SOL,STX,SUI,TAO,TRX,UNI,WIF,XLM,XMR,XRP","SOL,XRP,DOGE,TRX,ADA,LINK,BCH,DOT,NEAR,UNI,SUI,LTC,TAO,APT,ICP,FET,KAS,POL,ETC,XLM,STX,XMR,WIF,IMX,AAVE,FIL,RENDER,OP,HBAR,INJ",30,100.0,1.78032380952381e-05,0.0194945457142857,6.213833915150941,7.984571428571428e-05,0.491518771576421,-2.1886680459474555,1.9760005596422927,-4.324809283663376,1.0,Yellow,,48.57142857142857,,0.001816228931439,0.0037451465075124,0.0019270596034327,0.0002823348169131,0.0118250404522439,-0.0097595393659252,0.0090081707852315,0.2857142857142857,Q2: Weak,2997.803361586363,3014.90025929817,Falling,-0.008182129364807247,False,0.0,0.0
2024-10-14,2024-10-21,"AAVE,ADA,APT,BCH,DOGE,DOT,ETC,FET,FIL,HBAR,ICP,IMX,INJ,KAS,LINK,LTC,NEAR,OP,POL,RENDER,SOL,STX,SUI,TAO,TRX,UNI,WIF,XLM,XMR,XRP","SOL,XRP,DOGE,TRX,ADA,LINK,SUI,BCH,DOT,UNI,NEAR,APT,LTC,TAO,ICP,FET,KAS,POL,ETC,XMR,XLM,WIF,STX,IMX,AAVE,OP,RENDER,FIL,INJ,HBAR",30,100.0,6.089280952380953e-05,0.0666776264285714,7.705469150246306,5.1232857142857146e-05,1.2079856824242086,1.491635235095365,2.163951466109812,3.227826253885669,1.0,YellowGreen,,74.28571428571429,,0.0627079746231897,0.101909518416089,0.0384526719321362,0.0976180330258607,0.1119229843266218,0.0641061637800737,0.0532111146224374,0.7241379310344828,Q3: Neutral,2973.375020877548,3009.9858151559774,Falling,-0.0011866054749776836,False,0.0,0.0
2024-10-21,2024-10-28,"AAVE,ADA,APT,ARB,BCH,DOGE,DOT,ETC,FET,FIL,ICP,IMX,INJ,KAS,LINK,LTC,NEAR,OP,POL,RENDER,SOL,STX,SUI,TAO,TRX,UNI,WIF,XLM,XMR,XRP","SOL,XRP,DOGE,TRX,ADA,LINK,BCH,DOT,NEAR,SUI,UNI,LTC,APT,TAO,ICP,FET,KAS,XMR,ETC,POL,XLM,STX,WIF,IMX,AAVE,FIL,OP,ARB,INJ,RENDER",30,100.0,7.318028571428573e-05,0.0801324128571428,8.684701219211822,5.000000000000001e-05,1.104284975464325,0.9792320689655164,2.2705474465340294,2.223392873753888,1.0,Green,,83.80952380952381,,-0.081469197468165,-0.0363676024562924,0.0441141007982611,-0.0148525671549807,-0.0865693514926864,-0.0789594958867865,-0.0951564766595331,0.7333333333333333,Q3: Neutral,2969.8488902752943,2993.196127643268,Falling,0.02973258653756187,False,0.0,0.0
2024-10-28,2024-11-04,"AAVE,ADA,APT,ARB,BCH,DOGE,DOT,ETC,FET,FIL,ICP,IMX,INJ,KAS,LINK,LTC,NEAR,OP,POL,RENDER,SOL,STX,SUI,TAO,TRX,UNI,WIF,XLM,XMR,XRP","SOL,XRP,DOGE,TRX,ADA,BCH,LINK,DOT,UNI,LTC,NEAR,SUI,APT,TAO,ICP,FET,KAS,XMR,XLM,ETC,STX,POL,WIF,AAVE,IMX,FIL,ARB,OP,RENDER,INJ",30,100.0,5.557566666666666e-05,0.060855355,7.922811392586325,5.7054285714285726e-05,0.9695907336283572,-0.761889826625497,2.1886110754746637,-1.6674805128440338,1.0,YellowGreen,,69.52380952380952,,-0.0691010284706132,0.0031019697028886,0.0697154086893361,0.0127313886056128,-0.0193666744034679,-0.0463809961201146,-0.1010277971994779,0.6129032258064516,Q3: Neutral,3059.4759996694247,3003.3231377661464,Rising,0.04909157867173204,False,0.0,0.0
2024-11-04,2024-11-11,"AAVE,ADA,APT,ARB,BCH,DOGE,DOT,ETC,FET,FIL,ICP,IMX,KAS,LINK,LTC,NEAR,OP,POL,RENDER,SOL,STX,SUI,TAO,TIA,TRX,UNI,WIF,XLM,XMR,XRP","SOL,XRP,DOGE,TRX,ADA,BCH,LINK,SUI,DOT,LTC,NEAR,APT,UNI,ICP,TAO,FET,XMR,KAS,XLM,ETC,POL,STX,WIF,FIL,AAVE,ARB,IMX,TIA,OP,RENDER",30,100.0,6.234842857142858e-05,0.0682715292857143,8.353660354141658,5.400857142857144e-05,0.2694361964914894,0.4308489615553323,2.2357677484179983,0.9632782126847982,1.0,YellowGreen,,76.19047619047619,,0.3029444729303746,0.2083954822143797,-0.099322106618721,0.1695147663117133,0.2991171526539347,0.2709311999407964,0.2426160167482114,0.71875,Q3: Neutral,3213.418224551745,3040.6566050617994,Rising,-0.07569980885017172,False,0.0,0.0
2024-11-11,2024-11-18,"AAVE,ADA,APT,ARB,BCH,DOGE,DOT,ETC,FET,FIL,ICP,IMX,INJ,KAS,LINK,LTC,NEAR,POL,RENDER,SOL,STX,SUI,TAO,TIA,TRX,UNI,WIF,XLM,XMR,XRP","SOL,DOGE,XRP,ADA,TRX,LINK,BCH,SUI,DOT,LTC,NEAR,APT,UNI,ICP,TAO,KAS,FET,ETC,XLM,POL,XMR,AAVE,WIF,STX,FIL,ARB,INJ,TIA,RENDER,IMX",30,100.0,8.218538095238097e-05,0.0899929921428571,10.063230035716767,6.454142857142858e-05,5.394752089146251,1.7095696815751094,2.4036270000858755,4.109167845162146,1.0,Green,,88.57142857142857,,0.109400917676398,0.0706159808584995,-0.0395571040169586,0.116504758677264,-0.036457834051951,0.0727128242038653,0.0992644411630086,0.8484848484848485,Q4: High,2979.1422668915693,3071.475882411965,Falling,0.03975488477307076,False,0.0,0.0
2024-11-18,2024-11-25,"AAVE,ADA,APT,ARB,BCH,DOGE,DOT,ETC,FET,FIL,HBAR,ICP,INJ,KAS,LINK,LTC,NEAR,OM,POL,RENDER,SOL,STX,SUI,TAO,TRX,UNI,WIF,XLM,XMR,XRP","SOL,XRP,DOGE,ADA,TRX,SUI,LINK,BCH,DOT,NEAR,LTC,APT,XLM,UNI,ICP,ETC,KAS,OM,TAO,WIF,HBAR,FET,POL,XMR,RENDER,STX,ARB,FIL,AAVE,INJ",30,100.0,0.000176414095238,0.1931734342857143,13.822697765893643,9.11057142857143e-05,2.5177863372696585,3.759467730176878,2.6961596387868934,10.136125157424674,1.0,Green,,97.14285714285714,,0.2379002129133199,0.0922881560747249,-0.1573699223441674,0.0909876409074317,0.0953226914650757,0.109310500004244,0.2642623538711224,0.9705882352941176,Q4: High,3099.9634278607923,3099.8973627625355,Rising,-0.06198801004672257,False,0.0,0.0
2024-11-25,2024-12-02,"ADA,APT,ARB,ATOM,BCH,DOGE,DOT,ETC,FET,FIL,HBAR,ICP,KAS,LINK,LTC,NEAR,OM,POL,RENDER,SOL,STX,SUI,TAO,TIA,TRX,UNI,VET,WIF,XLM,XRP","SOL,XRP,DOGE,ADA,TRX,XLM,DOT,LINK,BCH,SUI,NEAR,LTC,APT,UNI,HBAR,ICP,POL,ETC,RENDER,FET,TAO,KAS,VET,ARB,FIL,ATOM,TIA,OM,WIF,STX",30,100.0,0.0001494181428571,0.1636128664285714,14.74178856608295,0.0001130785714285,1.0114929471412206,0.9190908001893056,2.756318868432177,2.533307314364212,1.0,Green,,96.1904761904762,,0.1100182334549594,0.0252586373033766,-0.0885685117694338,-0.0071848351423895,0.1009600730101643,0.1038939696934708,0.0922009293085118,0.9428571428571428,Q4: High,2913.6375096927795,3102.5408789565367,Falling,-0.056093560279790525,False,0.0,0.0
2024-12-02,2024-12-09,"ADA,ALGO,APT,ARB,ATOM,BCH,DOGE,DOT,ETC,FET,FIL,HBAR,ICP,IMX,KAS,LINK,LTC,NEAR,POL,RENDER,SOL,STX,SUI,TAO,TIA,TRX,UNI,VET,XLM,XRP","XRP,SOL,DOGE,ADA,TRX,XLM,DOT,LINK,BCH,SUI,LTC,NEAR,HBAR,UNI,APT,ICP,ETC,POL,FET,TAO,RENDER,KAS,FIL,ALGO,ARB,VET,STX,TIA,ATOM,IMX",30,100.0,0.0002113625238095,0.2314419635714285,16.85121006558656,0.0001342728571428,4.241460942134532,2.1094214995036094,2.88207129671712,6.0795031563973385,0.907439496720672,Green,,98.09523809523807,,0.1712708681347287,0.0530551480166283,-0.1258078335228334,0.0403205803798452,0.0827691391691223,0.1442875042256881,0.1551204616667583,0.9722222222222222,Q4: High,2754.700550601456,3036.266651728989,Falling,-0.047129176703031454,False,0.0,0.0
2024-12-09,2024-12-16,"AAVE,ADA,ALGO,APT,ARB,BCH,DOGE,DOT,ETC,FET,FIL,HBAR,ICP,KAS,LINK,LTC,NEAR,OM,POL,RENDER,SOL,STX,SUI,TAO,TRX,UNI,VET,XLM,XMR,XRP","XRP,SOL,DOGE,ADA,TRX,LINK,DOT,XLM,HBAR,SUI,BCH,UNI,LTC,NEAR,APT,ICP,POL,ETC,VET,FET,RENDER,TAO,FIL,KAS,ARB,AAVE,ALGO,XMR,STX,OM",30,100.0,0.0003946917142857,0.4321874271428571,33.551226251863866,0.0002196299999999,-0.3887450311044436,16.700016186277306,3.5424430416783173,59.158856134993314,0.0724386874068067,Green,,99.04761904761904,,-0.0783414163367693,0.020036183252863,0.093834181590721,0.0344358869526528,-0.0135631253799797,-0.0526792601704934,-0.1205701819181012,0.972972972972973,Q4: High,2627.885595940669,2916.850784584315,Falling,0.08642212390831801,False,0.0,0.0
2024-12-16,2024-12-23,"AAVE,ADA,APT,ARB,BCH,DOGE,DOT,ENA,ETC,FET,FIL,HBAR,ICP,KAS,LINK,LTC,NEAR,OM,POL,RENDER,SOL,STX,SUI,TAO,TRX,UNI,VET,XLM,XMR,XRP","XRP,SOL,DOGE,ADA,TRX,LINK,SUI,DOT,XLM,HBAR,BCH,UNI,LTC,NEAR,APT,ICP,AAVE,POL,ETC,RENDER,VET,FET,TAO,ARB,FIL,XMR,KAS,STX,ENA,OM",30,100.0,7.02162380952381e-05,0.0768867807142857,8.43531515247253,5.000000000000001e-05,-0.4159386259761119,-25.115911099391337,2.244459580750477,-56.37164729630614,1.0,Green,,81.9047619047619,,-0.2100455165313822,-0.1162611742554994,0.0896435568489955,-0.0919317182231675,-0.1730299049976069,-0.2545877095342191,-0.2241721813780289,0.631578947368421,Q3: Neutral,2865.095522609987,2853.7159998489797,Rising,0.0661506584466587,False,0.0,0.0
2024-12-23,2024-12-30,"AAVE,ADA,ALGO,APT,ARB,BCH,DOGE,DOT,ENA,ETC,FET,FIL,HBAR,ICP,KAS,LINK,LTC,NEAR,OM,POL,RENDER,SOL,SUI,TAO,TRX,UNI,VET,XLM,XMR,XRP","XRP,SOL,DOGE,ADA,TRX,LINK,SUI,XLM,DOT,HBAR,BCH,UNI,LTC,NEAR,APT,AAVE,ICP,POL,ETC,VET,RENDER,XMR,OM,TAO,FET,ARB,ENA,FIL,KAS,ALGO",30,100.0,1.6424952380952385e-05,0.0179853228571428,7.340419515516544,5.149714285714287e-05,-0.5244140044801334,-1.094895636955986,2.12111351672626,-2.3223979349519497,1.0,Yellow,,45.71428571428572,,-0.0070208234576622,-0.0030742319339097,0.0039388241611227,-0.015046399426259,0.0248608255482387,-0.0163606346924337,0.0008766065937848,0.1794871794871795,Q1: Negative/Low,3061.03272018158,2833.5562701495655,Rising,-0.043439786951114404,False,0.0,0.0
2024-12-30,2025-01-06,"AAVE,ADA,APT,ARB,BCH,DOGE,DOT,ENA,ETC,FET,FIL,HBAR,ICP,KAS,LINK,LTC,NEAR,OM,POL,RENDER,SOL,SUI,TAO,TRX,UNI,VET,VIRTUAL,XLM,XMR,XRP","XRP,SOL,DOGE,ADA,TRX,LINK,SUI,HBAR,DOT,XLM,BCH,UNI,LTC,NEAR,AAVE,APT,ICP,POL,ETC,VET,VIRTUAL,XMR,RENDER,OM,TAO,FET,ARB,FIL,KAS,ENA",30,100.0,6.307928571428572e-05,0.0690718178571428,7.42210257203429,5.000000000000001e-05,-0.5431675705259992,0.0816830565177459,2.1308595087245,0.1740551176825197,1.0,YellowGreen,,77.14285714285715,,0.1555445885969121,0.0600223052470203,-0.1003976105474325,0.0501918525406819,0.0829600282284765,0.1347454662062999,0.1495160565433492,0.625,Q3: Neutral,2930.9088490842178,2850.9892433390282,Rising,-0.029018071261666445,False,0.0,0.0
2025-01-06,2025-01-13,"AAVE,ADA,ALGO,APT,ARB,BCH,DOGE,DOT,ENA,ETC,FET,FIL,HBAR,ICP,LINK,LTC,NEAR,OM,POL,RENDER,SOL,SUI,TAO,TRX,UNI,VET,VIRTUAL,XLM,XMR,XRP","XRP,SOL,DOGE,ADA,TRX,SUI,LINK,XLM,DOT,HBAR,BCH,UNI,LTC,NEAR,ICP,APT,AAVE,TAO,POL,RENDER,ETC,FET,VET,VIRTUAL,ARB,ENA,OM,FIL,XMR,ALGO",30,100.0,8.467490476190478e-05,0.0927190207142857,8.144297054434006,5.000000000000001e-05,-0.4737565540826276,0.7221944823997157,2.213130412232778,1.598310572545521,1.0,Green,,89.52380952380953,,-0.1271745154563984,-0.0585002359187649,0.0664188892034539,-0.0397482324771132,-0.1022549106159521,-0.1639597027871123,-0.1157574143622439,0.7804878048780488,Q4: High,2847.081661028705,2891.979068834649,Falling,0.04933739719755059,False,0.0,0.0
2025-01-13,2025-01-20,"AAVE,ADA,ALGO,APT,ARB,BCH,DOGE,DOT,ETC,FET,FIL,HBAR,ICP,KAS,LINK,LTC,NEAR,OM,POL,RENDER,SOL,SUI,TAO,TRX,UNI,VET,VIRTUAL,XLM,XMR,XRP","XRP,SOL,DOGE,ADA,TRX,SUI,XLM,LINK,HBAR,DOT,BCH,UNI,LTC,NEAR,APT,ICP,AAVE,ETC,POL,XMR,RENDER,OM,VET,TAO,FET,FIL,ARB,ALGO,KAS,VIRTUAL",30,100.0,4.7188095238095245e-05,0.0516709642857142,6.827003602119403,5.806142857142859e-05,-0.7938888843531204,-1.317293452314603,2.057579755039716,-2.710436338928902,1.0,YellowGreen,,65.71428571428571,,0.028793058254705,0.045405985586042,0.0164764421915387,0.0722098649652731,-0.0171363996321638,0.0074729095451788,0.0411453024105642,0.42857142857142855,Q2: Weak,2991.072109750574,2945.435537816447,Rising,0.07074539239222742,True,0.0164764421915387,0.0164764421915387
2025-01-20,2025-01-27,"AAVE,ADA,ALGO,APT,ARB,BCH,DOGE,DOT,ETC,FET,FIL,HBAR,ICP,KAS,LINK,LTC,NEAR,OM,ONDO,POL,RENDER,SOL,SUI,TAO,TRX,UNI,VET,XLM,XMR,XRP","XRP,SOL,DOGE,ADA,TRX,LINK,SUI,XLM,HBAR,DOT,LTC,BCH,UNI,NEAR,APT,ICP,AAVE,ONDO,ETC,XMR,POL,VET,TAO,OM,RENDER,ALGO,KAS,FIL,FET,ARB",30,100.0,2.746261904761905e-05,0.0300715678571428,7.569798509766209,5.630714285714287e-05,-0.4794935297553662,0.7427949076468066,2.148244221220837,1.5957048679045174,1.0,Yellow,,53.333333333333336,,-0.0084268851259077,0.0110832289409834,0.0193222315980644,0.0126083173911548,0.0075246892239166,-0.02871157913547,0.0061215993612317,0.27906976744186046,Q2: Weak,3210.341380843489,2981.474848026172,Rising,0.03184358093025511,True,0.0193222315980644,0.0193222315980644
2025-01-27,2025-02-03,"AAVE,ADA,ALGO,APT,ARB,BCH,DOGE,DOT,ETC,FET,FIL,HBAR,ICP,KAS,LINK,LTC,NEAR,OM,ONDO,POL,RENDER,SOL,SUI,TAO,TRX,UNI,VET,XLM,XMR,XRP","XRP,SOL,DOGE,ADA,TRX,LINK,XLM,HBAR,SUI,DOT,LTC,BCH,UNI,NEAR,AAVE,OM,APT,ONDO,ICP,XMR,ETC,POL,VET,TAO,RENDER,KAS,ALGO,FET,FIL,ARB",30,100.0,7.027904761904763e-05,0.0769555571428571,7.557100725545394,5.000000000000001e-05,-0.5892115886977591,-0.0126977842208155,2.1467614324950004,-0.0272591134433904,1.0,Green,,82.85714285714286,,-0.1692370995355809,-0.0683213275184794,0.0961423534673004,-0.0485989558849447,-0.1143401946633937,-0.1888439998517093,-0.1904851477443431,0.6590909090909091,Q3: Neutral,3314.2152267171687,3043.8472241494665,Rising,0.08347107789363754,False,0.0,0.0
2025-02-03,2025-02-10,"AAVE,ADA,ALGO,APT,ARB,BCH,DOGE,DOT,ETC,FET,FIL,HBAR,ICP,KAS,LINK,LTC,NEAR,OM,ONDO,POL,RENDER,SOL,SUI,TAO,TRX,UNI,VET,XLM,XMR,XRP","XRP,SOL,DOGE,ADA,TRX,LINK,XLM,SUI,HBAR,LTC,DOT,BCH,UNI,OM,NEAR,XMR,ONDO,AAVE,ICP,APT,ETC,VET,KAS,TAO,POL,ALGO,RENDER,FIL,FET,ARB",30,100.0,4.582285714285715e-05,0.0501760285714285,5.938213055905761,6.781571428571429e-05,-1.0150216473767957,-1.6188876696396326,1.9370442566240225,-3.135857062594898,1.0,YellowGreen,,64.76190476190476,,-0.0578490037676734,-0.0314361639522438,0.0260700438040128,-0.0104515268144116,-0.0804003172738524,-0.0535668169902664,-0.0729787788721147,0.4222222222222222,Q2: Weak,3602.7301732106653,3153.817740290474,Rising,0.05036165898334927,True,0.0260700438040128,0.0260700438040128
2025-02-10,2025-02-17,"AAVE,ADA,ALGO,APT,BCH,DOGE,DOT,ETC,FET,FIL,HBAR,ICP,JUP,KAS,LINK,LTC,NEAR,OM,ONDO,POL,RENDER,SOL,SUI,TAO,TRX,UNI,VET,XLM,XMR,XRP","XRP,SOL,DOGE,ADA,TRX,LINK,XLM,SUI,HBAR,LTC,DOT,BCH,OM,UNI,ONDO,XMR,NEAR,AAVE,APT,ICP,ETC,TAO,POL,VET,ALGO,KAS,RENDER,JUP,FIL,FET",30,100.0,-2.4757666666666665e-05,-0.0271096449999999,3.389895557772539,9.209714285714285e-05,-0.7537369397622696,-2.548317498133222,1.4793054358638749,-3.769739927295505,0.463298519257513,Red,,19.047619047619047,,0.0509691321466683,0.0002240682948238,-0.0520778798330155,-0.0041350189152655,0.0103952717850324,0.0512237253330146,0.0437920948079292,0.043478260869565216,Q1: Negative/Low,3788.816110767437,3344.7712997196245,Rising,-0.022733519224747156,False,0.0,0.0
2025-02-17,2025-02-24,"AAVE,ADA,ALGO,APT,ATOM,BCH,DOGE,DOT,ETC,FIL,HBAR,ICP,JUP,KAS,LINK,LTC,NEAR,OM,ONDO,POL,RENDER,SOL,SUI,TAO,TRX,UNI,VET,XLM,XMR,XRP","XRP,SOL,DOGE,ADA,TRX,LINK,XLM,SUI,LTC,HBAR,DOT,OM,BCH,UNI,XMR,NEAR,ONDO,AAVE,APT,ICP,ETC,TAO,POL,KAS,VET,ALGO,RENDER,JUP,FIL,ATOM",30,100.0,-4.009333333333333e-06,-0.00439022,4.1074951052214255,8.556428571428571e-05,-0.7043770803179489,0.7175995474488865,1.630709089358016,1.1701961045440985,0.7024983684071419,Orange,,32.38095238095238,,-0.0131000686075745,0.0201638976423642,0.0327226911341663,0.0018524788708438,0.0628905414425786,-0.0186679130104555,-0.0123778942298662,0.10638297872340426,Q1: Negative/Low,3703.6546642447006,3506.067693152567,Rising,0.021042605658449967,False,0.0,0.0
2025-02-24,2025-03-03,"AAVE,ADA,ALGO,APT,ARB,ATOM,BCH,DOGE,DOT,ETC,FIL,HBAR,ICP,KAS,LINK,LTC,NEAR,OM,ONDO,POL,RENDER,SOL,SUI,TAO,TRX,UNI,VET,XLM,XMR,XRP","XRP,SOL,DOGE,ADA,TRX,LINK,SUI,XLM,LTC,HBAR,OM,DOT,BCH,UNI,XMR,NEAR,AAVE,TAO,APT,ONDO,ICP,ETC,VET,KAS,POL,ALGO,FIL,RENDER,ATOM,ARB",30,100.0,-1.542738095238095e-05,-0.0168929821428571,4.789646938025212,8.135428571428572e-05,-1.0829220306818952,0.6821518328037861,1.7560713118371123,1.197907263903835,0.9298823126750704,Orange,,23.809523809523807,,0.0254534447637274,-0.0478914594467037,-0.076173847601541,-0.0214469493911234,-0.1095953162430578,0.0288917350654082,0.0097388562260317,0.08333333333333333,Q1: Negative/Low,3782.414963623981,3642.6393786150015,Rising,0.005137802011582447,False,0.0,0.0
2025-03-03,2025-03-10,"AAVE,ADA,ALGO,APT,BCH,DOGE,DOT,ETC,FIL,HBAR,ICP,JUP,KAS,LINK,LTC,NEAR,OM,ONDO,POL,RENDER,SOL,SUI,TAO,TIA,TRX,UNI,VET,XLM,XMR,XRP","XRP,SOL,ADA,DOGE,TRX,HBAR,LINK,XLM,SUI,LTC,DOT,OM,BCH,UNI,XMR,NEAR,APT,ONDO,ICP,AAVE,ETC,TAO,VET,POL,ALGO,KAS,RENDER,FIL,TIA,JUP",30,100.0,1.8232523809523813e-05,0.0199646135714285,4.929475294117647,7.902857142857144e-05,-2.04940704877512,0.1398283560924351,1.7799357258093689,0.2488854864901194,0.9764917647058824,Yellow,,49.523809523809526,,-0.2382612786690058,-0.1599255930490935,0.0754188206918763,-0.1433288163440935,-0.1986514053607601,-0.240318771574471,-0.317890050561514,0.2653061224489796,Q2: Weak,3801.8982706613706,3787.380417585562,Rising,0.07868645738471074,True,0.0754188206918763,0.0754188206918763
2025-03-10,2025-03-17,"AAVE,ADA,ALGO,APT,ATOM,BCH,DOGE,DOT,ENA,ETC,FIL,HBAR,ICP,LINK,LTC,NEAR,OM,ONDO,POL,RENDER,SOL,SUI,TAO,TIA,TRX,UNI,VET,XLM,XMR,XRP","XRP,SOL,ADA,DOGE,TRX,LINK,HBAR,XLM,SUI,LTC,BCH,DOT,OM,XMR,UNI,APT,NEAR,ETC,AAVE,ONDO,ICP,ENA,VET,TAO,POL,FIL,ALGO,ATOM,TIA,RENDER",30,100.0,-4.387214285714285e-05,-0.0480399964285714,0.5562614865288225,0.0001294885714285,-2.240942661416077,-4.373213807588824,0.4422864621056965,-1.9342132629902435,0.0,Red,,10.476190476190476,,-0.0094741540284643,-0.0031398190789949,0.006314357368587,0.0230272736087699,-0.0641963686837797,-0.028319153814188,0.0044281901844612,0.04,Q1: Negative/Low,4113.1408934281535,3876.6523114636775,Rising,0.027201276959476075,False,0.0,0.0
2025-03-17,2025-03-24,"AAVE,ADA,APT,ATOM,BCH,DOGE,DOT,ENA,ETC,FIL,HBAR,ICP,KAS,LINK,LTC,NEAR,OM,ONDO,POL,RENDER,SOL,SUI,TAO,TIA,TRX,UNI,VET,XLM,XMR,XRP","XRP,SOL,ADA,DOGE,TRX,LINK,XLM,HBAR,SUI,LTC,OM,BCH,DOT,XMR,UNI,APT,NEAR,ICP,ETC,ONDO,AAVE,VET,TAO,ATOM,KAS,ENA,FIL,TIA,POL,RENDER",30,100.0,-2.3853142857142857e-05,-0.0261191914285714,3.156924476132559,0.0001084514285714,-0.2507965627071168,2.6006629896037365,1.4247754922278006,3.705360891131287,0.3856414920441864,Red,,20.0,,0.0467428571392168,0.0449237179387312,-0.0018207958436154,0.0384586357249574,0.0600089097708702,0.0438277170645156,0.0461407702270874,0.0784313725490196,Q1: Negative/Low,4226.559145503476,3992.876321448381,Rising,0.004209126569174415,False,0.0,0.0
2025-03-24,2025-03-31,"AAVE,ADA,APT,ATOM,BCH,DOGE,DOT,ENA,ETC,FIL,HBAR,ICP,KAS,LINK,LTC,NEAR,OM,ONDO,POL,RENDER,SOL,SUI,TAO,TIA,TRX,UNI,VET,XLM,XMR,XRP","XRP,SOL,DOGE,ADA,TRX,LINK,XLM,HBAR,SUI,LTC,DOT,BCH,OM,UNI,XMR,APT,NEAR,ICP,AAVE,ETC,ONDO,TAO,VET,ATOM,KAS,FIL,ENA,TIA,POL,RENDER",30,100.0,-3.038471428571429e-05,-0.0332712621428571,4.370881669800104,8.334285714285714e-05,0.3492238542494609,1.2139571936675448,1.6809920793643205,2.040652427242481,0.790293889933368,Red,,16.19047619047619,,-0.0696434249127609,-0.0573395399898367,0.0122288073341856,-0.0399978979648444,-0.0978033713814855,-0.0786506710202079,-0.0682370523372119,0.057692307692307696,Q1: Negative/Low,4244.386760923262,4089.918218035453,Rising,0.024303966500888532,False,0.0,0.0
2025-03-31,2025-04-07,"AAVE,ADA,APT,ATOM,BCH,DOGE,DOT,ENA,ETC,FIL,HBAR,ICP,KAS,LINK,LTC,NEAR,OM,ONDO,POL,RENDER,SOL,SUI,TAO,TIA,TRX,UNI,VET,XLM,XMR,XRP","XRP,SOL,DOGE,ADA,TRX,LINK,XLM,SUI,HBAR,LTC,OM,DOT,BCH,XMR,UNI,APT,NEAR,ICP,ETC,ONDO,AAVE,VET,ENA,TAO,ATOM,TIA,FIL,RENDER,POL,KAS",30,100.0,-5.466142857142856e-06,-0.0059854264285714,3.170771972087836,0.0001021899999999,-0.8062445118245678,-1.2001096977122685,1.4281011438780746,-1.7138780320820608,0.3902573240292786,Orange,Red,28.57142857142857,13.461538461538462,-0.1375342552047619,-0.07356742152998,0.062004219075328,-0.0503287963103796,-0.1277908803757144,-0.1647948997559604,-0.1362203011630317,0.15384615384615385,Q1: Negative/Low,4348.805955041044,4168.375756432964,Rising,0.0494070780498701,False,0.0,0.0
2025-04-07,2025-04-14,"AAVE,ADA,APT,ATOM,BCH,DOGE,DOT,ENA,ETC,FIL,HBAR,ICP,KAS,LINK,LTC,NEAR,OM,ONDO,POL,RENDER,S,SOL,SUI,TAO,TRX,UNI,VET,XLM,XMR,XRP","XRP,SOL,DOGE,TRX,ADA,LINK,XLM,SUI,HBAR,DOT,OM,BCH,LTC,XMR,UNI,APT,NEAR,ONDO,ICP,ETC,ATOM,AAVE,VET,TAO,ENA,FIL,KAS,POL,RENDER,S",30,100.0,-8.509999999999991e-07,-0.0009318449999999,3.2650745102316785,8.932000000000002e-05,-0.5339294145724685,0.0943025381438427,1.4504596509508718,0.1367820265598993,0.4216915034105595,Orange,Red,34.285714285714285,19.230769230769237,0.085910149330074,0.0521960959798391,-0.034295477547637,0.0689072278356051,0.0132034549830517,0.109030233630701,-0.0164356587334318,0.21153846153846154,Q1: Negative/Low,4569.064102583899,4257.148839082802,Rising,0.027180422474631066,False,0.0,0.0
2025-04-14,2025-04-21,"AAVE,ADA,ALGO,APT,ATOM,BCH,DOGE,DOT,ENA,ETC,FIL,HBAR,ICP,KAS,LINK,LTC,NEAR,ONDO,POL,RENDER,S,SOL,SUI,TAO,TRX,UNI,VET,XLM,XMR,XRP","XRP,SOL,DOGE,TRX,ADA,LINK,XLM,SUI,HBAR,BCH,LTC,DOT,XMR,UNI,APT,ONDO,NEAR,ICP,ETC,AAVE,TAO,VET,RENDER,KAS,ATOM,ENA,FIL,POL,ALGO,S",30,100.0,6.665238095238095e-06,0.0072984357142857,4.397029489817999,8.280142857142857e-05,-0.3271465582936425,1.13195497958632,1.685848707734603,1.9083048395493465,0.7990098299393328,Orange,Orange,39.04761904761905,21.153846153846157,0.0281202148933057,0.0104547601573839,-0.0178233511867319,0.0176116136930803,-0.006244564759241,0.0085629377083617,0.0422115256749131,0.23076923076923078,Q1: Negative/Low,4694.956346988417,4368.247752305269,Rising,0.014763329792848291,False,0.0,0.0
2025-04-21,2025-04-28,"AAVE,ADA,ALGO,APT,ATOM,BCH,DOGE,DOT,ENA,ETC,FET,FIL,HBAR,ICP,KAS,LINK,LTC,NEAR,ONDO,POL,RENDER,SOL,SUI,TAO,TRX,UNI,VET,XLM,XMR,XRP","XRP,SOL,TRX,DOGE,ADA,LINK,XLM,HBAR,SUI,BCH,DOT,LTC,XMR,UNI,APT,TAO,NEAR,ONDO,ETC,ICP,RENDER,AAVE,VET,KAS,ATOM,FIL,POL,ALGO,ENA,FET",30,100.0,-4.984761904761903e-06,-0.0054583142857142,3.837048295165705,0.0001120342857142,0.0990421649191767,-0.5599811946522935,1.5763046783197805,-0.8827009769015097,0.6123494317219017,Orange,Red,29.52380952380953,15.384615384615383,0.1271895992387138,0.1112846009078944,-0.0160328401784196,0.1026901059227836,0.1313384225398197,0.1186295013620434,0.1105867883622833,0.17307692307692307,Q1: Negative/Low,4764.78370982586,4500.835743751509,Rising,0.01571910654625897,False,0.0,0.0
2025-04-28,2025-05-05,"AAVE,ADA,ALGO,APT,ATOM,BCH,DOGE,DOT,ENA,ETC,FET,FIL,HBAR,ICP,KAS,LINK,LTC,NEAR,ONDO,POL,RENDER,SOL,SUI,TAO,TRX,UNI,VET,XLM,XMR,XRP","XRP,SOL,DOGE,ADA,TRX,SUI,LINK,XLM,HBAR,BCH,LTC,DOT,XMR,APT,UNI,TAO,NEAR,ONDO,ICP,AAVE,KAS,ETC,VET,RENDER,POL,ATOM,ENA,ALGO,FET,FIL",30,100.0,2.620004761904762e-05,0.0286890521428571,5.948444008553422,5.425e-05,0.9478756929914934,2.1113957133877173,1.9385177508496343,4.092978069469917,1.0,Yellow,Yellow,52.38095238095239,40.38461538461539,-0.0427463225679857,0.0062791205515278,0.047861583762074,0.005514191632016,0.0080639546970553,-0.0489384043657807,-0.0419847160826433,0.40384615384615385,Q2: Weak,4840.273615167495,4653.118144220667,Rising,0.021378412297218704,True,0.047861583762074,0.047861583762074
2025-05-05,2025-05-12,"AAVE,ADA,ALGO,APT,ATOM,BCH,DOGE,DOT,ETC,FET,FIL,HBAR,ICP,KAS,LINK,LTC,NEAR,ONDO,POL,RENDER,S,SOL,SUI,TAO,TRX,UNI,VET,XLM,XMR,XRP","XRP,SOL,DOGE,ADA,TRX,SUI,LINK,XLM,HBAR,BCH,LTC,DOT,XMR,APT,UNI,TAO,NEAR,ONDO,AAVE,ICP,ETC,KAS,RENDER,VET,POL,ATOM,FIL,ALGO,FET,S",30,100.0,4.2732e-05,0.04679154,4.446263527406818,7.755142857142857e-05,-1.145947223373949,-1.5021804811466044,1.6949297822484624,-2.546090435807705,0.8154211758022726,YellowGreen,Yellow,60.95238095238096,48.07692307692308,0.2216153487678612,0.1877687688762306,-0.0344326373922181,0.1024890013202675,0.3867548931734779,0.2069599783999927,0.1892274332482931,0.4807692307692308,Q2: Weak,4944.864995493268,4782.6337919364505,Rising,-0.10262201794255216,True,-0.0344326373922181,-0.0344326373922181
2025-05-12,2025-05-19,"AAVE,ADA,APT,ARB,ATOM,BCH,DOGE,DOT,ENA,ETC,FET,FIL,HBAR,ICP,KAS,LINK,LTC,NEAR,ONDO,POL,RENDER,SOL,SUI,TAO,TRX,UNI,VET,XLM,XMR,XRP","XRP,SOL,DOGE,ADA,TRX,SUI,LINK,XLM,HBAR,BCH,DOT,LTC,XMR,UNI,TAO,NEAR,APT,AAVE,ONDO,ICP,KAS,ETC,RENDER,VET,ATOM,ENA,POL,FET,ARB,FIL",30,100.0,5.643133333333333e-05,0.0617923099999999,5.628954574004764,6.474571428571431e-05,1.1748598101582777,1.182691046597946,1.891447110619206,2.23699756284289,1.0,YellowGreen,YellowGreen,71.42857142857143,63.46153846153846,-0.0571882065880201,0.0086681664057134,0.0637785821386866,0.0195835803961132,-0.0168011329052194,-0.0428734237339419,-0.0772403215581714,0.6346153846153846,Q3: Neutral,4462.582550047437,4808.416667387812,Falling,0.012482804485050224,False,0.0,0.0
2025-05-19,2025-05-26,"AAVE,ADA,ALGO,APT,ATOM,BCH,DOGE,DOT,ENA,ETC,FET,FIL,HBAR,ICP,KAS,LINK,LTC,NEAR,ONDO,POL,RENDER,SOL,SUI,TAO,TRX,UNI,VET,XLM,XMR,XRP","XRP,SOL,DOGE,ADA,TRX,SUI,LINK,XLM,HBAR,BCH,LTC,DOT,XMR,TAO,UNI,AAVE,NEAR,APT,ONDO,KAS,ETC,ICP,VET,RENDER,ENA,ATOM,POL,FET,ALGO,FIL",30,100.0,3.759714285714286e-05,0.0411688714285714,5.977707302398658,5.1675714285714285e-05,0.7082937903457317,0.3487527283938938,1.942720396112214,0.6775290386506008,1.0,Yellow,Yellow,59.04761904761905,44.230769230769226,0.0066901160866004,0.0285816363760872,0.0216553416169484,0.0267014587120386,0.0329687175922006,0.0092309362916751,0.0004711569557315,0.46153846153846156,Q2: Weak,4518.63722743724,4722.140597286206,Falling,0.010623553347019915,False,0.0,0.0
2025-05-26,2025-06-02,"AAVE,ADA,APT,ARB,ATOM,BCH,DOGE,DOT,ENA,ETC,FET,HBAR,ICP,KAS,LINK,LTC,NEAR,ONDO,POL,RENDER,SOL,SUI,TAO,TRX,UNI,VET,WLD,XLM,XMR,XRP","XRP,SOL,DOGE,ADA,TRX,SUI,LINK,XLM,BCH,HBAR,XMR,LTC,DOT,AAVE,TAO,UNI,NEAR,APT,ONDO,ICP,KAS,ETC,RENDER,VET,FET,ENA,WLD,ATOM,POL,ARB",30,100.0,4.838909523809524e-05,0.0529860592857142,5.903873609882338,4.053000000000001e-05,0.2576732520403847,-0.0738336925163194,1.9320826468178336,-0.1426527960612645,1.0,YellowGreen,Yellow,66.66666666666666,59.61538461538461,-0.0946191223139161,-0.0212432352310488,0.0708087164528088,-0.0289523426836945,-0.0032553178415424,-0.0899995153620993,-0.1115652684957301,0.6153846153846154,Q3: Neutral,4566.897102876559,4652.009284218102,Falling,0.022401802949214993,False,0.0,0.0
2025-06-02,2025-06-09,"AAVE,ADA,APT,ATOM,BCH,DOGE,DOT,ENA,ETC,FET,FIL,HBAR,ICP,KAS,LINK,LTC,NEAR,ONDO,POL,RENDER,SOL,SUI,TAO,TRX,UNI,VET,WLD,XLM,XMR,XRP","XRP,SOL,DOGE,TRX,ADA,SUI,LINK,XLM,BCH,HBAR,LTC,XMR,DOT,UNI,AAVE,TAO,APT,NEAR,ONDO,ICP,ETC,KAS,VET,RENDER,FET,ATOM,POL,ENA,WLD,FIL",30,100.0,1.310861904761905e-05,0.0143539378571428,3.119884647751156,8.75957142857143e-05,0.5943973148250756,-2.783988962131182,1.415825164850829,-3.9416416312522697,0.3732948825837187,Yellow,Orange,41.90476190476191,26.923076923076923,-0.0116892900549816,-0.0036095682031987,0.0080472556604693,-0.0001679929073929,-0.0116399105600788,-0.0108089971707498,-0.0139970072712581,0.28846153846153844,Q2: Weak,4670.35836454244,4578.304554120804,Rising,0.007158247229186412,True,0.0080472556604693,0.0080472556604693
2025-06-09,2025-06-16,"AAVE,ADA,APT,ATOM,BCH,DOGE,DOT,ENA,ETC,FET,HBAR,ICP,KAS,LINK,LTC,NEAR,ONDO,POL,QNT,RENDER,SOL,SUI,TAO,TRX,UNI,VET,WLD,XLM,XMR,XRP","XRP,SOL,DOGE,TRX,ADA,SUI,LINK,XLM,BCH,HBAR,LTC,DOT,XMR,AAVE,UNI,TAO,APT,ICP,NEAR,ONDO,ETC,KAS,VET,RENDER,FET,ATOM,ENA,POL,WLD,QNT",30,100.0,1.754909523809524e-05,0.0192162592857142,3.610739761035636,8.146714285714286e-05,0.794154704821762,0.4908551132844794,1.5283883129061084,0.7502172184742022,0.5369132536785451,Yellow,Orange,47.61904761904761,32.69230769230769,-0.0368546312681337,0.0037586232693312,0.0398102071920091,-0.0013033460802708,0.0155698850850694,-0.036715422803751,-0.0420713832254628,0.34615384615384615,Q2: Weak,4703.909886141712,4528.987467442324,Rising,0.0070073964377205915,True,0.0398102071920091,0.0398102071920091
2025-06-16,2025-06-23,"AAVE,ADA,APT,ARB,ATOM,BCH,DOGE,DOT,ENA,ETC,FET,FIL,HBAR,ICP,KAS,LINK,LTC,NEAR,ONDO,POL,RENDER,SOL,SUI,TAO,TRX,UNI,VET,XLM,XMR,XRP","XRP,SOL,DOGE,TRX,ADA,SUI,BCH,LINK,XLM,LTC,HBAR,XMR,DOT,UNI,AAVE,TAO,ICP,APT,NEAR,ETC,ONDO,KAS,VET,ATOM,ENA,FET,RENDER,POL,FIL,ARB",30,100.0,3.329414285714286e-05,0.0364570864285714,4.361141015386405,7.349000000000002e-05,0.13320150433176,0.7504012543507694,1.6791768284327553,1.2600563983326862,0.7870470051288017,Yellow,Yellow,55.23809523809524,44.230769230769226,-0.1322170529149581,-0.0689093869902211,0.0613844892085281,-0.0445448697965809,-0.1257599271087149,-0.144866283327247,-0.1415704439383752,0.46153846153846156,Q2: Weak,4736.987807220736,4605.958310554969,Rising,0.06472675669660347,True,0.0613844892085281,0.0613844892085281
2025-06-23,2025-06-30,"AAVE,ADA,ALGO,APT,ATOM,BCH,DOGE,DOT,ENA,ETC,FET,FIL,HBAR,ICP,KAS,LINK,LTC,NEAR,ONDO,POL,RENDER,SOL,SUI,TAO,TRX,UNI,VET,XLM,XMR,XRP","XRP,SOL,TRX,DOGE,ADA,BCH,SUI,LINK,XLM,LTC,HBAR,XMR,DOT,UNI,AAVE,TAO,APT,ICP,NEAR,ETC,ONDO,ATOM,KAS,VET,POL,FET,RENDER,ENA,FIL,ALGO",30,100.0,-5.027619047619041e-07,-0.0005505242857142,3.759503221197154,7.520857142857144e-05,0.5174339947512582,-0.601637794189251,1.5601432975021767,-0.938641172128354,0.5865010737323847,Orange,Orange,35.23809523809524,23.07692307692308,0.1446605587968804,0.0894321584938643,-0.0568120741433064,0.0748025828266014,0.1235678350508111,0.1216993278253127,0.1461327072599294,0.25,Q1: Negative/Low,5053.738198075713,4683.826483830353,Rising,-0.05011888979929276,False,0.0,0.0
2025-06-30,2025-07-07,"AAVE,ADA,APT,ARB,ATOM,BCH,DOGE,DOT,ENA,ETC,FET,HBAR,ICP,KAS,LINK,LTC,NEAR,ONDO,POL,RENDER,SEI,SOL,SUI,TAO,TRX,UNI,VET,XLM,XMR,XRP","XRP,SOL,TRX,DOGE,ADA,BCH,SUI,LINK,XLM,LTC,HBAR,XMR,DOT,UNI,AAVE,APT,TAO,NEAR,ICP,ETC,ONDO,KAS,ATOM,VET,FET,ARB,RENDER,ENA,SEI,POL",30,100.0,1.5478333333333334e-05,0.016948775,4.686088497439526,5.4551428571428576e-05,0.2392931594336915,0.926585276242372,1.738022577201872,1.6104261298120757,0.8953628324798419,Yellow,Orange,42.85714285714285,30.76923076923077,-0.0197580900181125,0.0135203326313029,0.032736682039511,0.0075517247038308,0.0274470844620711,-0.0196856957665923,-0.0219938353306696,0.3269230769230769,Q2: Weak,4806.692976997408,4763.905533739636,Rising,0.00894365984054039,True,0.032736682039511,0.032736682039511
2025-07-07,2025-07-14,"AAVE,ADA,APT,ARB,ATOM,BCH,DOGE,DOT,ENA,ETC,FET,HBAR,ICP,KAS,LINK,LTC,NEAR,ONDO,POL,QNT,RENDER,SOL,SUI,TAO,TRX,UNI,VET,XLM,XMR,XRP","XRP,SOL,TRX,DOGE,ADA,SUI,BCH,LINK,XLM,HBAR,LTC,XMR,DOT,UNI,AAVE,TAO,APT,NEAR,ICP,ETC,ONDO,KAS,ATOM,VET,FET,RENDER,ENA,ARB,POL,QNT",30,100.0,-1.556666666666664e-07,-0.0001704549999999,3.6581813152217353,9.098571428571429e-05,0.0390361554908497,-1.0279071822177903,1.5386250962566812,-1.581563787182782,0.5527271050739118,Orange,Orange,36.19047619047619,25.0,0.1828238207696469,0.1104749654827624,-0.0750995385175409,0.0906683241136958,0.1566904620105844,0.1270551978506145,0.1934700653651509,0.2692307692307692,Q2: Weak,4849.875219744894,4809.49126085754,Rising,-0.027009853390207842,True,-0.0750995385175409,-0.0750995385175409
2025-07-14,2025-07-21,"AAVE,ADA,ALGO,APT,ARB,ATOM,BCH,DOGE,DOT,ENA,ETC,FET,HBAR,ICP,KAS,LINK,LTC,NEAR,ONDO,POL,RENDER,SOL,SUI,TAO,TRX,UNI,VET,XLM,XMR,XRP","XRP,SOL,DOGE,TRX,ADA,XLM,SUI,LINK,HBAR,BCH,LTC,XMR,DOT,UNI,AAVE,TAO,APT,NEAR,ICP,ONDO,ETC,ALGO,KAS,ENA,ATOM,VET,POL,ARB,RENDER,FET",30,100.0,7.012609523809524e-05,0.0767880742857142,6.088779599819746,5.579142857142858e-05,0.8069011609946456,2.4305982845980103,1.958513195942355,4.760358814420055,1.0,Green,Green,80.95238095238095,80.76923076923077,0.1480353316970429,0.0681785350681669,-0.0832259652139858,-0.0156201645930973,0.2637088342777836,0.1613206045845464,0.1069376809611524,0.8076923076923077,Q4: High,4720.634050650514,4832.85253639284,Falling,-0.1517489482124597,False,0.0,0.0
2025-07-21,2025-07-28,"AAVE,ADA,ALGO,APT,ARB,ATOM,BCH,DOGE,DOT,ENA,ETC,HBAR,ICP,KAS,LINK,LTC,NEAR,ONDO,POL,RENDER,SOL,SUI,TAO,TRX,UNI,VET,WLD,XLM,XMR,XRP","XRP,SOL,DOGE,ADA,TRX,XLM,SUI,LINK,HBAR,BCH,LTC,DOT,UNI,XMR,AAVE,TAO,ETC,NEAR,APT,ONDO,ICP,ENA,KAS,ALGO,ARB,VET,ATOM,POL,RENDER,WLD",30,100.0,0.0001005101904761,0.1100586585714285,6.844550988308291,5.000000000000001e-05,1.0489328963303972,0.7557713884885455,2.059819149149702,1.5567523783881647,1.0,Green,Green,92.38095238095238,92.3076923076923,0.000196895361615,0.0213288734064459,0.0209117943398185,0.0184380863320072,0.0280740432468027,-0.0206054472063571,0.0147339722606321,0.9230769230769231,Q4: High,4055.9874622712696,4738.3464907684,Falling,-0.03772859993822485,False,0.0,0.0
2025-07-28,2025-08-04,"AAVE,ADA,ALGO,APT,ARB,ATOM,BCH,DOGE,DOT,ENA,ETC,HBAR,ICP,KAS,LINK,LTC,NEAR,ONDO,PENGU,RENDER,SOL,SUI,TAO,TRX,UNI,VET,WLD,XLM,XMR,XRP","XRP,SOL,DOGE,TRX,ADA,SUI,XLM,LINK,HBAR,BCH,LTC,UNI,DOT,XMR,AAVE,ENA,TAO,NEAR,ETC,ONDO,APT,ICP,KAS,PENGU,ALGO,ARB,VET,RENDER,ATOM,WLD",30,100.0,8.520380952380954e-05,0.0932981714285714,6.73878898630207,5.000000000000001e-05,0.2432357893449537,-0.1057620020062213,2.0462452136421456,-0.2164149903904413,1.0,Green,Green,90.47619047619048,90.3846153846154,-0.1351259848835022,-0.0590550856660512,0.0733163510348778,-0.0437100305949843,-0.0948602141652075,-0.1307393378590439,-0.162613357396012,0.9038461538461539,Q4: High,3905.8115116724503,4519.4705923185265,Falling,0.05860860804310511,False,0.0,0.0
2025-08-04,2025-08-11,"AAVE,ADA,ALGO,APT,ARB,ATOM,BCH,DOGE,DOT,ENA,ETC,HBAR,ICP,KAS,LINK,LTC,NEAR,ONDO,PENGU,POL,RENDER,SOL,SUI,TAO,TRX,UNI,VET,XLM,XMR,XRP","XRP,SOL,TRX,DOGE,ADA,XLM,SUI,LINK,BCH,HBAR,LTC,XMR,UNI,DOT,AAVE,ENA,TAO,ETC,NEAR,ONDO,APT,ICP,KAS,PENGU,ALGO,VET,ATOM,ARB,RENDER,POL",30,100.0,1.6110714285714286e-05,0.0176412321428571,4.999779276509291,4.637857142857143e-05,0.2984962953800386,-1.7390097097927786,1.791722681302936,-3.115823140041758,0.9999264255030972,Yellow,Orange,44.761904761904766,36.53846153846153,0.1267677987077938,0.0959104589325113,-0.0313434537536709,0.0443770141385664,0.216155163451716,0.1021354892372449,0.1310117346025529,0.36538461538461536,Q2: Weak,4141.566853364813,4338.510985447046,Falling,-0.08132080593979606,False,0.0,0.0
2025-08-11,2025-08-18,"AAVE,ADA,ALGO,APT,ARB,ATOM,BCH,DOGE,DOT,ENA,ETC,HBAR,ICP,KAS,LINK,LTC,NEAR,ONDO,PENGU,POL,RENDER,SOL,SUI,TAO,TRX,UNI,VET,XLM,XMR,XRP","XRP,SOL,DOGE,TRX,ADA,LINK,XLM,SUI,BCH,HBAR,LTC,UNI,DOT,ENA,XMR,AAVE,TAO,ETC,NEAR,ONDO,APT,ICP,PENGU,KAS,ARB,ALGO,POL,VET,ATOM,RENDER",30,100.0,6.151995238095239e-05,0.0673643478571428,6.148117839135656,4.390714285714286e-05,0.2209515768399643,1.148338562626365,1.9668490827706488,2.258608648611831,1.0,YellowGreen,YellowGreen,75.23809523809524,71.15384615384616,0.0034962175905517,0.0063512990511588,0.0028510134566827,-0.0144557117456031,0.0549009909102702,0.0255054801341852,-0.0234027937833227,0.7115384615384616,Q3: Neutral,3818.1017586524526,4131.019627845397,Falling,-0.04864643878044809,False,0.0,0.0
2025-08-18,2025-08-25,"AAVE,ADA,ALGO,APT,ARB,ATOM,BCH,DOGE,DOT,ENA,ETC,HBAR,ICP,KAS,LINK,LTC,NEAR,ONDO,PENGU,POL,SEI,SOL,SUI,TAO,TRX,UNI,VET,XLM,XMR,XRP","XRP,SOL,DOGE,ADA,TRX,LINK,XLM,SUI,BCH,HBAR,LTC,UNI,DOT,XMR,ENA,AAVE,TAO,ETC,NEAR,APT,ONDO,ICP,ARB,KAS,ALGO,POL,ATOM,VET,PENGU,SEI",30,100.0,6.736633333333334e-05,0.073766135,5.755391619553691,3.3372857142857144e-05,-0.2256226323511024,-0.3927262195819647,1.910340944499076,-0.7502409772457621,1.0,YellowGreen,YellowGreen,80.0,75.0,0.0012078694326223,-0.0052193215353436,-0.0064479342884585,-0.0352491782118488,0.0648503440431682,0.0120776039963825,-0.011733269167183,0.75,Q3: Neutral,3636.810053571452,3932.8943664237677,Falling,-0.026748559743416157,False,0.0,0.0
2025-08-25,2025-09-01,"AAVE,ADA,ALGO,APT,ARB,ATOM,BCH,DOGE,DOT,ENA,ETC,HBAR,ICP,KAS,LINK,LTC,NEAR,ONDO,PENGU,POL,RENDER,SOL,SUI,TAO,TRX,UNI,VET,XLM,XMR,XRP","XRP,SOL,DOGE,TRX,ADA,LINK,SUI,XLM,BCH,HBAR,LTC,UNI,DOT,AAVE,XMR,ENA,ETC,TAO,NEAR,APT,ARB,ONDO,ICP,KAS,ALGO,POL,VET,ATOM,PENGU,RENDER",30,100.0,6.579757142857143e-05,0.0720483407142857,5.54958739597111,5.36157142857143e-05,-1.9091395251783092,-0.2058042235825814,1.8794020546815091,-0.3867888806632363,1.0,YellowGreen,YellowGreen,79.04761904761905,73.07692307692307,-0.0872800691767319,-0.0562017605643491,0.0306051561876897,-0.0453810232808111,-0.0814501475592711,-0.1029852027891113,-0.0819638162885571,0.7307692307692307,Q3: Neutral,3540.8201417376104,3848.5917853982032,Falling,0.017557696035676598,False,0.0,0.0
2025-09-01,2025-09-08,"AAVE,ADA,ALGO,APT,ARB,ATOM,BCH,DOGE,DOT,ENA,ETC,HBAR,ICP,IP,KAS,LINK,LTC,NEAR,ONDO,POL,SOL,SUI,TAO,TRX,UNI,VET,WLFI,XLM,XMR,XRP","XRP,SOL,TRX,DOGE,ADA,LINK,SUI,XLM,BCH,HBAR,LTC,WLFI,UNI,DOT,XMR,AAVE,ENA,ETC,TAO,NEAR,APT,POL,ONDO,ARB,ICP,IP,KAS,ATOM,VET,ALGO",30,100.0,-3.643285714285713e-06,-0.0039893978571428,4.929627357829856,3.923857142857143e-05,0.093740270988319,-0.6199600381412536,1.779961370871509,-1.1035049193754587,0.976542452609952,Orange,Red,33.33333333333333,19.230769230769237,0.021036412469491,0.0128109595332189,-0.0082594686323685,0.0265916128461753,-0.0193438981970126,0.0196594602276791,0.0199884201698149,0.19230769230769232,Q1: Negative/Low,3603.5377627973626,3760.7170021399675,Falling,0.031992347878635835,False,0.0,0.0
2025-09-08,2025-09-15,"AAVE,ADA,APT,ARB,ATOM,BCH,DOGE,DOT,ENA,ETC,HBAR,ICP,IP,KAS,LINK,LTC,M,NEAR,ONDO,POL,SOL,SUI,TAO,TRX,UNI,WLD,WLFI,XLM,XMR,XRP","XRP,SOL,DOGE,TRX,ADA,LINK,SUI,BCH,XLM,HBAR,LTC,WLFI,DOT,UNI,ENA,XMR,AAVE,M,ETC,TAO,NEAR,APT,POL,ONDO,IP,ARB,ICP,KAS,ATOM,WLD",30,100.0,-9.219571428571424e-06,-0.0100954307142857,5.829703335919237,4.5051428571428576e-05,0.6812815393217896,0.9000759780893803,1.9212812371956096,1.729299088753613,1.0,Orange,Red,27.61904761904762,9.615384615384617,0.0836115557176357,0.0480284943406694,-0.0362315689315693,0.0381668957869762,0.0710388909659534,0.0871341542839172,0.0644420069800819,0.11538461538461539,Q1: Negative/Low,3720.6873498562286,3688.4909913412534,Rising,-0.04043063903557595,False,0.0,0.0
2025-09-15,2025-09-22,"AAVE,ADA,APT,ARB,BCH,DOGE,DOT,ENA,ETC,HBAR,ICP,IP,KAS,LINK,LTC,M,NEAR,ONDO,PENGU,POL,SOL,SUI,TAO,TRX,UNI,WLD,WLFI,XLM,XMR,XRP","XRP,SOL,DOGE,TRX,ADA,LINK,SUI,XLM,BCH,HBAR,LTC,DOT,WLFI,UNI,XMR,ENA,AAVE,M,NEAR,TAO,ONDO,ETC,APT,WLD,IP,POL,ARB,ICP,KAS,PENGU",30,100.0,5.5619714285714286e-05,0.0609035871428571,6.64192247390164,5.000000000000001e-05,-0.0018397606293213,0.8122191379824031,2.033649204233868,1.651768803621432,1.0,YellowGreen,YellowGreen,70.47619047619048,61.53846153846154,-0.0092456680412046,-0.0106309594171263,-0.001386251779081,-0.000598712282579,-0.0340395360644033,-0.0079833269897271,-0.0187443806007092,0.6153846153846154,Q3: Neutral,3573.2579963742105,3666.272215312008,Falling,0.0365062050087003,False,0.0,0.0
2025-09-22,2025-09-29,"AAVE,ADA,APT,ARB,ASTER,BCH,DOGE,DOT,ENA,ETC,HBAR,ICP,IP,KAS,LINK,LTC,M,NEAR,ONDO,POL,SOL,SUI,TAO,TRX,UNI,WLD,WLFI,XLM,XMR,XRP","XRP,SOL,DOGE,TRX,ADA,LINK,SUI,XLM,BCH,HBAR,LTC,WLFI,DOT,UNI,XMR,AAVE,ENA,IP,M,NEAR,APT,TAO,ONDO,ETC,WLD,ARB,POL,ICP,ASTER,KAS",30,100.0,7.580038095238095e-05,0.0830014171428571,6.222224675474284,4.330142857142858e-05,-0.6898070840241258,-0.4196977984273555,1.9771630322404148,-0.8298109717632567,1.0,Green,Green,85.71428571428571,84.61538461538461,-0.0676704853016368,-0.040150456810704,0.0271481596468737,-0.0274222334353898,-0.069849644686437,-0.0715189679707955,-0.0776269230684333,0.8461538461538461,Q4: High,3706.114371865856,3655.3499189621357,Rising,0.03327906213277798,False,0.0,0.0
2025-09-29,2025-10-06,"AAVE,ADA,APT,ARB,ASTER,BCH,DOGE,DOT,ENA,ETC,HBAR,IP,LINK,LTC,M,MYX,NEAR,ONDO,POL,SOL,SUI,TAO,TRX,UNI,WLD,WLFI,XLM,XMR,XPL,XRP","XRP,SOL,DOGE,TRX,ADA,LINK,XLM,SUI,BCH,HBAR,LTC,DOT,WLFI,XMR,UNI,AAVE,ENA,M,NEAR,ASTER,MYX,APT,TAO,IP,ONDO,ETC,WLD,XPL,POL,ARB",30,100.0,6.54037619047619e-05,0.0716171192857142,5.418690290643807,4.784285714285715e-05,0.0763659207401363,-0.8035343848304777,1.859214092317491,-1.4939424519384898,1.0,YellowGreen,YellowGreen,78.0952380952381,69.23076923076923,-0.0013772539597863,0.0979841495086257,0.094729468922951,0.1013318243479362,0.0901729082169013,-0.0849245399989579,0.0347859706849953,0.7115384615384616,Q3: Neutral,3831.5255920579784,3713.472235901447,Rising,0.023236271268470048,False,0.0,0.0
2025-10-06,2025-10-13,"AAVE,ADA,APT,ARB,ASTER,BCH,DOGE,DOT,ENA,ETC,HBAR,ICP,IP,LINK,LTC,M,NEAR,ONDO,POL,SOL,SUI,TAO,TRX,UNI,WLD,WLFI,XLM,XMR,XRP,ZEC","XRP,SOL,DOGE,TRX,ADA,LINK,SUI,XLM,BCH,HBAR,LTC,DOT,XMR,WLFI,UNI,AAVE,ENA,APT,NEAR,M,ASTER,TAO,IP,ETC,ONDO,ZEC,WLD,POL,ICP,ARB",30,100.0,3.555557142857143e-05,0.0389333507142857,6.307110048151216,4.751714285714286e-05,1.3379366679534908,0.8884197575074095,1.9888478533431613,1.7669317275862633,1.0,Yellow,Yellow,58.0952380952381,46.15384615384615,-0.135377392263887,-0.0707620398868746,0.0626135624462783,-0.0673376294722803,-0.0787523308542611,-0.1859923063074169,-0.1359140959831226,0.46153846153846156,Q2: Weak,3921.5983853454527,3758.4089931940657,Rising,0.020018710570661073,True,0.0626135624462783,0.0626135624462783
2025-10-13,2025-10-20,"AAVE,ADA,ALGO,APT,ARB,ASTER,BCH,DOGE,DOT,ENA,ETC,HBAR,ICP,LINK,LTC,M,NEAR,ONDO,POL,SOL,SUI,TAO,TRX,UNI,WLD,WLFI,XLM,XMR,XRP,ZEC","XRP,SOL,DOGE,TRX,ADA,LINK,XLM,BCH,SUI,HBAR,LTC,XMR,DOT,ZEC,UNI,WLFI,AAVE,TAO,M,NEAR,ENA,APT,ONDO,ETC,ASTER,WLD,POL,ICP,ARB,ALGO",30,100.0,-0.0001419046666666,-0.15538561,2.274734452721359,0.0001713185714285,-0.2561309400778438,-4.032375595429857,1.1862367826612836,-4.783352252804591,0.0915781509071197,Red,Red,1.9047619047619049,0.0,-0.0612098958396474,-0.0525119580125307,0.008660328689844,-0.0570228408946392,-0.0419865646209443,-0.0704316811876647,-0.0616534463101912,0.019230769230769232,Q1: Negative/Low,4000.894786100472,3835.1055222937152,Rising,-0.009002437997260759,False,0.0,0.0
2025-10-20,2025-10-27,"AAVE,ADA,APT,ARB,ASTER,BCH,DOGE,DOT,ENA,ETC,HBAR,ICP,IP,LINK,LTC,M,NEAR,ONDO,POL,SOL,SUI,TAO,TRX,UNI,WLD,WLFI,XLM,XMR,XRP,ZEC","XRP,SOL,TRX,DOGE,ADA,LINK,XLM,BCH,SUI,HBAR,LTC,XMR,DOT,TAO,ZEC,UNI,WLFI,ENA,AAVE,M,NEAR,ETC,ASTER,ONDO,APT,POL,WLD,IP,ARB,ICP",30,100.0,-7.802242857142857e-05,-0.0854345592857142,3.524588403461654,9.381e-05,-0.4054065228000039,1.2498539507402948,1.5095266124537663,1.8866878003229537,0.508196134487218,Red,Red,3.8095238095238098,1.9230769230769231,0.0677934966229819,0.0510194287035569,-0.0169163458944704,0.0539018251405922,0.0442938370171412,0.079863237979905,0.0461487940044536,0.038461538461538464,Q1: Negative/Low,3965.0386174823952,3915.0033994813543,Rising,-0.004218369420120761,False,0.0,0.0
2025-10-27,2025-11-03,"AAVE,ADA,APT,ARB,ASTER,BCH,DOGE,DOT,ENA,ETC,HBAR,ICP,IP,LINK,LTC,M,NEAR,ONDO,POL,SOL,SUI,TAO,TRX,UNI,WLD,WLFI,XLM,XMR,XRP,ZEC","XRP,SOL,DOGE,TRX,ADA,LINK,BCH,XLM,SUI,HBAR,LTC,XMR,ZEC,DOT,WLFI,UNI,TAO,M,AAVE,ENA,NEAR,APT,ETC,ONDO,ASTER,WLD,POL,ARB,ICP,IP",30,100.0,-4.248857142857146e-06,-0.0046524985714285,4.8678120201109385,6.246285714285715e-05,-0.3147012075613539,1.3432236166492846,1.7694818250216913,2.3768097766008127,0.9559373400369796,Orange,Red,31.428571428571427,19.230769230769237,-0.0301244164635246,-0.0415238962656338,-0.0114649519128852,-0.0334201280839323,-0.060432688689604,-0.0427051789656101,-0.0327960206451978,0.21153846153846154,Q1: Negative/Low,3948.347848494071,3960.68556174341,Falling,0.0328600569481093,False,0.0,0.0
2025-11-03,2025-11-10,"AAVE,ADA,ALGO,APT,ARB,ASTER,BCH,DOGE,DOT,ENA,ETC,HBAR,ICP,LINK,LTC,M,NEAR,ONDO,POL,SOL,SUI,TAO,TRX,UNI,WLD,WLFI,XLM,XMR,XRP,ZEC","XRP,SOL,DOGE,TRX,ADA,LINK,BCH,XLM,SUI,HBAR,LTC,ZEC,XMR,TAO,DOT,M,WLFI,UNI,AAVE,NEAR,ENA,ETC,ASTER,APT,ICP,ONDO,POL,WLD,ARB,ALGO",30,100.0,-6.150214285714286e-05,-0.0673448464285714,2.895468609916771,0.0001033428571428,-1.280984218957746,-1.9723434101941677,1.3598139827192852,-2.682020147906268,0.2984895366389237,Red,Red,5.714285714285714,3.8461538461538463,0.020693507936798,-0.0631949409155129,-0.0876171409937596,-0.0536874779025053,-0.0853790212791971,-0.0099065702856133,0.0207810036834965,0.057692307692307696,Q1: Negative/Low,4080.246005889016,4005.8437030967602,Rising,0.038967988037093365,False,0.0,0.0
2025-11-10,2025-11-17,"AAVE,ADA,APT,ASTER,BCH,CC,DOGE,DOT,ENA,ETC,FIL,HBAR,ICP,LINK,LTC,M,NEAR,ONDO,POL,SOL,SUI,TAO,TRX,UNI,WLD,WLFI,XLM,XMR,XRP,ZEC","XRP,SOL,TRX,DOGE,ADA,LINK,ZEC,BCH,XLM,LTC,SUI,XMR,HBAR,DOT,CC,UNI,ICP,M,NEAR,TAO,WLFI,AAVE,ETC,ENA,APT,ASTER,ONDO,FIL,POL,WLD",30,100.0,-0.0001339806190476,-0.1467087778571428,4.382331462645567,7.465428571428572e-05,0.134926972665752,1.486862852728796,1.683121637670572,2.5025710396764294,0.7941104875485223,Red,Red,2.857142857142857,1.9230769230769231,-0.1067070230657954,-0.1086559260514313,-0.0019508045681277,-0.0983514540470005,-0.1326996940617698,-0.1250254989324246,-0.1175616060814574,0.038461538461538464,Q1: Negative/Low,4242.383553756141,4091.998286264803,Rising,0.019799526116829513,False,0.0,0.0
2025-11-17,2025-11-24,"AAVE,ADA,APT,ASTER,BCH,CC,DOGE,DOT,ENA,ETC,FIL,HBAR,ICP,LINK,LTC,M,NEAR,ONDO,POL,SOL,SUI,TAO,TRX,UNI,WLD,WLFI,XLM,XMR,XRP,ZEC","XRP,SOL,TRX,DOGE,ADA,ZEC,BCH,LINK,XLM,XMR,LTC,HBAR,SUI,DOT,UNI,CC,WLFI,M,TAO,NEAR,AAVE,ICP,ASTER,ETC,APT,ENA,ONDO,POL,WLD,FIL",30,100.0,-4.079133333333333e-05,-0.04466651,3.7492256759891767,8.503000000000002e-05,-0.1334418739395985,-0.6331057866563903,1.5579815891768398,-0.9863671596119762,0.5830752253297256,Red,Red,11.428571428571429,9.615384615384617,-0.1052450624096714,-0.0857504486432356,0.0193070278074659,-0.0807898993278102,-0.0973250637125615,-0.1364448988556302,-0.0941989599631989,0.11538461538461539,Q1: Negative/Low,4327.217805331954,4162.619857986852,Rising,-0.01570685434930401,False,0.0,0.0
2025-11-24,2025-12-01,"AAVE,ADA,ALGO,APT,ASTER,BCH,CC,DOGE,DOT,ENA,ETC,HBAR,ICP,LINK,LTC,M,NEAR,ONDO,POL,SOL,SUI,TAO,TRX,UNI,WLD,WLFI,XLM,XMR,XRP,ZEC","XRP,SOL,TRX,DOGE,ADA,BCH,ZEC,LINK,XLM,XMR,LTC,HBAR,SUI,WLFI,UNI,DOT,M,TAO,CC,AAVE,NEAR,ASTER,ICP,ETC,ENA,APT,ONDO,WLD,POL,ALGO",30,100.0,-3.421495238095238e-05,-0.0374653728571428,3.733291673314057,8.775857142857144e-05,-0.2898830570140874,-0.0159340026751197,1.5546208744878494,-0.0247713331728864,0.5777638911046856,Red,Red,15.23809523809524,11.538461538461538,-0.0034325630647616,0.0499006384452082,0.0519596137819404,0.0417409104878259,0.0689400036791003,0.0017521725544775,-0.0169428607181944,0.1346153846153846,Q1: Negative/Low,4259.781815556037,4218.180180535426,Rising,-0.01598919924838942,False,0.0,0.0
2025-12-01,2025-12-08,"AAVE,ADA,APT,ASTER,BCH,CC,DOGE,DOT,ENA,ETC,HBAR,ICP,KAS,LINK,LTC,M,NEAR,ONDO,QNT,SOL,SUI,TAO,TRX,UNI,WLD,WLFI,XLM,XMR,XRP,ZEC","XRP,SOL,TRX,DOGE,ADA,BCH,LINK,XMR,XLM,ZEC,LTC,HBAR,SUI,WLFI,UNI,DOT,CC,TAO,AAVE,M,NEAR,ASTER,ETC,ICP,ENA,ONDO,KAS,QNT,WLD,APT",30,100.0,-6.536890476190478e-05,-0.0715789507142857,3.555432275080056,9.763285714285716e-05,-0.6059239445900859,-0.1778593982340011,1.516320427434125,-0.2696918387533568,0.5184774250266853,Red,Red,4.761904761904762,5.769230769230769,-0.0659982756104382,0.0041441863358908,0.0677917816171197,-0.0026920401277928,0.0200953814178197,-0.0874250954316718,-0.0561733050801837,0.07692307692307693,Q1: Negative/Low,4192.212940969551,4248.561847600311,Falling,0.02167721405733685,False,0.0,0.0
2025-12-08,2025-12-15,"AAVE,ADA,ASTER,BCH,CC,DOGE,DOT,ENA,ETC,HBAR,ICP,KAS,LINK,LTC,M,NEAR,ONDO,POL,QNT,SOL,SUI,TAO,TRX,UNI,WLD,WLFI,XLM,XMR,XRP,ZEC","XRP,SOL,TRX,DOGE,ADA,BCH,LINK,XLM,XMR,LTC,SUI,ZEC,HBAR,WLFI,UNI,DOT,AAVE,TAO,CC,NEAR,M,ENA,ETC,ASTER,ICP,ONDO,KAS,WLD,QNT,POL",30,100.0,-1.4382666666666664e-05,-0.0157490199999999,3.242243724416384,0.0001018685714285,-0.0422026033610236,-0.3131885506636718,1.4450923095642376,-0.4525863660076417,0.414081241472128,Orange,Orange,24.761904761904763,23.07692307692308,-0.0106301569142447,-0.0137707750838849,-0.003145560261078,-0.0214293561252468,0.0040992473459595,-0.0420734061391123,0.0112119345169816,0.25,Q1: Negative/Low,4284.080557896504,4244.670627017741,Rising,-0.00994694616593216,False,0.0,0.0
2025-12-15,2025-12-22,"AAVE,ADA,APT,ASTER,BCH,CC,DOGE,DOT,ENA,ETC,HBAR,ICP,LINK,LTC,M,NEAR,ONDO,POL,SKY,SOL,SUI,TAO,TRX,UNI,WLD,WLFI,XLM,XMR,XRP,ZEC","XRP,SOL,TRX,DOGE,ADA,BCH,LINK,XMR,XLM,ZEC,LTC,SUI,HBAR,WLFI,UNI,DOT,M,AAVE,TAO,CC,ASTER,NEAR,ETC,ENA,ICP,ONDO,WLD,SKY,POL,APT",30,100.0,1.7742857142857143e-06,0.0019428428571428,3.196633349328441,9.883142857142857e-05,-0.5709447845539528,-0.0456103750879428,1.4342826203562606,-0.0654181682965665,0.3988777831094803,Orange,Yellow,37.142857142857146,42.30769230769231,-0.0264864120998081,-0.0035023427123113,0.0227239144019979,0.0039288592157338,-0.02084181387775,-0.0098149077671964,-0.0568741266547245,0.4423076923076923,Q2: Weak,4241.678275439431,4227.218108074472,Rising,0.003696521213718065,True,0.0227239144019979,0.0227239144019979
2025-12-22,2025-12-29,"AAVE,ADA,ASTER,BCH,CC,DOGE,DOT,ENA,ETC,HBAR,ICP,KAS,LINK,LTC,M,NEAR,NIGHT,ONDO,SKY,SOL,SUI,TAO,TRX,UNI,WLD,WLFI,XLM,XMR,XRP,ZEC","XRP,SOL,TRX,DOGE,ADA,BCH,LINK,XMR,ZEC,XLM,LTC,SUI,HBAR,UNI,WLFI,CC,DOT,M,AAVE,TAO,NEAR,ETC,NIGHT,ASTER,ICP,ENA,SKY,WLD,KAS,ONDO",30,100.0,-3.726542857142857e-05,-0.0408056442857142,2.2715749769585263,0.0001255785714285,-0.2307786770068089,-0.9250583723699148,1.185271513285587,-1.0964453368963911,0.0905249923195087,Red,Red,13.333333333333334,13.461538461538462,0.0148892899325188,-0.0113339176300079,-0.0265731674773977,-0.0085181086732148,-0.0179041385291918,0.0367133085320629,-0.0155194456634134,0.15384615384615385,Q1: Negative/Low,4257.386744624089,4231.6707701238665,Rising,-0.005334635944468188,False,0.0,0.0
2025-12-29,2026-01-05,"AAVE,ADA,APT,ASTER,BCH,CC,DOGE,DOT,ENA,ETC,HBAR,ICP,LINK,LTC,M,NEAR,NIGHT,ONDO,SKY,SOL,SUI,TAO,TRX,UNI,WLD,WLFI,XLM,XMR,XRP,ZEC","XRP,SOL,TRX,DOGE,ADA,BCH,LINK,ZEC,XMR,XLM,LTC,SUI,CC,HBAR,WLFI,UNI,DOT,M,AAVE,TAO,NEAR,ETC,ASTER,ICP,ENA,NIGHT,SKY,WLD,APT,ONDO",30,100.0,5.054095238095239e-06,0.0055342342857142,3.980136562239744,7.891142857142857e-05,-0.1147441460860346,1.7085615852812173,1.6054573127970764,2.743022691453896,0.6600455207465812,Orange,Yellow,38.095238095238095,46.15384615384615,0.0794858325497013,0.0477559383548564,-0.0322441957058827,0.0404257574636668,0.0648596937676322,0.0534132196384785,0.0944396894183496,0.4807692307692308,Q2: Weak,4234.735607768929,4255.117877307584,Falling,-0.01993379836192415,False,0.0,0.0
2026-01-05,2026-01-12,"AAVE,ADA,APT,ASTER,BCH,CC,DOGE,DOT,ENA,ETC,HBAR,ICP,LINK,LTC,M,NEAR,NIGHT,ONDO,SKY,SOL,SUI,TAO,TRX,UNI,WLD,WLFI,XLM,XMR,XRP,ZEC","XRP,SOL,TRX,DOGE,ADA,BCH,LINK,ZEC,XMR,XLM,SUI,LTC,CC,HBAR,WLFI,UNI,DOT,M,TAO,AAVE,NEAR,ETC,ENA,ASTER,ICP,WLD,NIGHT,APT,SKY,ONDO",30,100.0,-1.4021476190476186e-05,-0.0153535164285714,4.746193631669536,6.445142857142857e-05,0.8582313188189543,0.7660570694297926,1.748537658504724,1.33947963446176,0.9153978772231788,Orange,Orange,25.71428571428571,26.923076923076923,-0.0368101551714136,-0.0035704568406403,0.0326992041986409,-0.002411705105377,-0.006274210889588,-0.0009135793849899,-0.0868762318573947,0.28846153846153844,Q2: Weak,4151.157028838852,4249.607922480574,Falling,-0.022202436123738286,False,0.0,0.0
2026-01-12,2026-01-19,"AAVE,ADA,APT,ASTER,BCH,CC,DOGE,DOT,ENA,ETC,HBAR,ICP,KAS,LINK,LTC,M,NEAR,POL,SKY,SOL,SUI,TAO,TRX,UNI,WLD,WLFI,XLM,XMR,XRP,ZEC","XRP,SOL,TRX,DOGE,ADA,BCH,XMR,LINK,XLM,SUI,ZEC,LTC,CC,HBAR,WLFI,UNI,DOT,M,TAO,AAVE,NEAR,ETC,ENA,ICP,ASTER,POL,WLD,SKY,APT,KAS",30,100.0,3.031809523809524e-05,0.0331983142857142,4.858270619621343,5.389285714285715e-05,0.1118117322692547,0.1120769879518066,1.767854443928021,0.1981358012126686,0.9527568732071142,Yellow,YellowGreen,54.285714285714285,65.38461538461539,-0.0392523141641025,0.0267121513801413,0.063879990801787,0.0154965847210055,0.0528818069181247,-0.0513218418460822,-0.034548272504174,0.6730769230769231,Q3: Neutral,4060.00685238032,4204.993329004631,Falling,0.012081675284696468,False,0.0,0.0
2026-01-19,2026-01-26,"AAVE,ADA,APT,ASTER,BCH,CC,DOGE,DOT,ENA,ETC,HBAR,ICP,LINK,LTC,M,NEAR,ONDO,POL,SKY,SOL,SUI,TAO,TRX,UNI,WLD,WLFI,XLM,XMR,XRP,ZEC","XRP,SOL,TRX,DOGE,ADA,BCH,XMR,LINK,XLM,ZEC,SUI,LTC,HBAR,WLFI,CC,DOT,UNI,M,AAVE,TAO,ICP,NEAR,ETC,ONDO,ENA,ASTER,SKY,POL,WLD,APT",30,100.0,-1.2465522857142854e-05,-0.0136497475285714,3.685359508117942,9.766714285714283e-05,-1.0269151250521955,-1.1729111115034008,1.5444426487373528,-1.811493943783785,0.5617865027059806,Orange,Orange,26.666666666666668,28.846153846153843,-0.0507974332801035,-0.0773204895327662,-0.0268811383257098,-0.0491099663791908,-0.1431450435577754,-0.0646308947003583,-0.0475915911957344,0.3076923076923077,Q2: Weak,4109.35604701949,4169.972611244725,Falling,0.06705516044418121,False,0.0,0.0
2026-01-26,2026-02-02,"AAVE,ADA,ALGO,APT,ASTER,ATOM,BCH,CC,DOT,ENA,ETC,HBAR,ICP,LINK,LTC,M,NEAR,ONDO,POL,QNT,RIVER,SKY,SUI,TAO,UNI,WLD,WLFI,XLM,XMR,XRP","XRP,ADA,BCH,XMR,LINK,XLM,CC,SUI,LTC,HBAR,WLFI,DOT,UNI,M,AAVE,TAO,NEAR,ICP,ETC,ONDO,ASTER,SKY,RIVER,ENA,WLD,POL,APT,ALGO,ATOM,QNT",30,100.0,-0.0001639026666666,-0.1794734199999999,1.5666407487133116,0.0001162342857142,0.0815017067334355,-2.11871875940463,0.9425979422366396,-1.9970999427929703,0.0,Red,Red,0.9523809523809524,0.0,-0.032051207491685,-0.0588653776757466,-0.0271802285816314,-0.0011173626506834,-0.1936107460675609,-0.0115968146879428,-0.1058341023840004,0.019230769230769232,Q1: Negative/Low,4394.358227353924,4169.098546971565,Rising,,False,0.0,0.0
2026-02-02,2026-02-09,"AAVE,ADA,ALGO,APT,ASTER,ATOM,BCH,CC,DOT,ENA,ETC,HBAR,ICP,KAS,LINK,LTC,M,NEAR,ONDO,POL,QNT,SKY,SUI,TAO,UNI,WLD,WLFI,XLM,XMR,XRP","XRP,ADA,BCH,XMR,LINK,XLM,CC,LTC,SUI,HBAR,WLFI,DOT,UNI,M,AAVE,TAO,NEAR,ETC,ICP,ONDO,ASTER,WLD,SKY,ENA,POL,APT,ALGO,QNT,ATOM,KAS",30,100.0,-1.6969333333333334e-05,-0.01858142,1.561927405063292,0.0001166185714285,-1.0190431270151163,-0.0047133436500195,0.940759867812862,-0.0044341245491489,0.0,Orange,Orange,22.857142857142858,25.0,0.0035763195542227,-0.0230286087331357,-0.0269652445577517,0.0,-0.0767620291104526,0.006794347692333,0.0,0.2692307692307692,Q2: Weak,,,Falling,,False,0.0,0.0
2026-02-09,2026-02-16,"AAVE,ADA,ALGO,APT,ASTER,ATOM,BCH,CC,DOT,ENA,ETC,HBAR,ICP,KAS,LINK,LTC,M,NEAR,ONDO,POL,QNT,SKY,SUI,TAO,UNI,WLD,WLFI,XLM,XMR,XRP","XRP,ADA,BCH,XMR,LINK,XLM,CC,LTC,SUI,HBAR,WLFI,DOT,UNI,M,AAVE,TAO,NEAR,ETC,ICP,ONDO,ASTER,SKY,WLD,ENA,POL,APT,ALGO,QNT,ATOM,KAS",30,100.0,-3.9311523809523815e-05,-0.0430461185714285,0.946402757685353,0.0001238971428571,-0.9408834273530589,-0.6155246473779391,0.6659829292994442,-0.4099289077167674,0.0,Red,Red,12.38095238095238,15.384615384615383,-0.0006266262081907,-0.0187825925598823,-0.0183228084471183,0.0,-0.0626086418662744,-0.0012651819725666,0.0,0.17307692307692307,Q1: Negative/Low,,,Falling,,False,0.0,0.0
2026-02-16,2026-02-23,"AAVE,ADA,ALGO,APT,ASTER,ATOM,BCH,CC,DOT,ENA,ETC,HBAR,ICP,KAS,LINK,LTC,M,NEAR,ONDO,POL,QNT,SKY,SUI,TAO,UNI,WLD,WLFI,XLM,XMR,XRP","XRP,ADA,BCH,XMR,LINK,XLM,CC,LTC,SUI,HBAR,WLFI,DOT,UNI,M,AAVE,TAO,NEAR,ETC,ICP,ONDO,ASTER,SKY,WLD,ENA,POL,APT,ALGO,QNT,ATOM,KAS",30,100.0,-2.822761904761905e-05,-0.0309092428571428,2.442410370705244,0.0001193557142857,-0.1267306105915886,1.4960076130198905,1.2361719151757706,1.8493225961043311,0.1474701235684145,Red,Orange,18.09523809523809,23.07692307692308,-0.0011874687064051,-0.0014917731244237,-0.0003043507280031,0.0,-0.0049725770814126,-0.0024182721584545,0.0,0.25,Q1: Negative/Low,,,Falling,,False,0.0,0.0
2026-02-23,2026-03-02,"AAVE,ADA,ALGO,APT,ASTER,ATOM,BCH,CC,DOT,ENA,ETC,HBAR,ICP,KAS,LINK,LTC,M,NEAR,ONDO,POL,QNT,SKY,SUI,TAO,UNI,WLD,WLFI,XLM,XMR,XRP","XRP,ADA,BCH,XMR,LINK,XLM,CC,LTC,SUI,HBAR,WLFI,DOT,UNI,M,AAVE,TAO,NEAR,ETC,ICP,ONDO,ASTER,SKY,WLD,ENA,POL,APT,ALGO,QNT,ATOM,KAS",30,100.0,-4.441966666666666e-05,-0.0486395349999999,-0.0310580018083185,0.0001365985714285,-1.042258659449326,-2.473468372513562,-0.0305854612684331,0.0756521711062078,0.0,Red,Red,8.571428571428571,11.538461538461538,0.0013932541202236,-0.0024224652142787,-0.0038230177632749,0.0,-0.0080748840475958,0.0,0.0027298470187178,0.1346153846153846,Q1: Negative/Low,,,Falling,,False,0.0,0.0
2026-03-02,2026-03-09,"AAVE,ADA,ALGO,APT,ASTER,ATOM,BCH,CC,DOT,ENA,ETC,HBAR,ICP,KAS,LINK,LTC,M,NEAR,ONDO,POL,QNT,SKY,SUI,TAO,UNI,WLD,WLFI,XLM,XMR,XRP","XRP,ADA,BCH,XMR,LINK,XLM,CC,LTC,SUI,HBAR,WLFI,DOT,UNI,M,AAVE,TAO,NEAR,ETC,ICP,ONDO,ASTER,SKY,WLD,ENA,POL,APT,ALGO,QNT,ATOM,KAS",30,100.0,-4.513119047619048e-05,-0.0494186535714285,1.2592777215189872,0.0001269228571428,-1.3069299853997025,1.2903357233273056,0.8150451699554726,1.0516818989189214,0.0,Red,Red,7.6190476190476195,11.538461538461538,-0.2122762227495541,-0.1428470454061198,0.0671250270049146,-0.2192324027265747,0.0353854550082748,-0.2446666233098018,-0.2545944843502971,0.1346153846153846,Q1: Negative/Low,,,Falling,,False,0.0,0.0
2026-03-09,2026-03-16,"AAVE,ADA,ASTER,ATOM,BCH,CC,DOT,ENA,ETC,HBAR,ICP,KAS,LINK,LTC,M,MORPHO,NEAR,NIGHT,ONDO,POL,QNT,SKY,SUI,TAO,UNI,WLD,WLFI,XLM,XMR,XRP","XRP,ADA,BCH,LINK,XMR,CC,XLM,LTC,HBAR,SUI,WLFI,M,DOT,UNI,TAO,SKY,ASTER,AAVE,NEAR,ICP,ETC,ONDO,WLD,MORPHO,POL,QNT,NIGHT,ATOM,ENA,KAS",30,100.0,-5.1258714285714285e-05,-0.0561282921428571,-1.2565194303797464,0.0001604157142857,-1.3250550593035542,-2.5157971518987337,-0.8138235510963927,2.0474149719964183,0.0,Red,Red,6.666666666666667,11.538461538461538,0.079372275144965,0.094456098742073,0.0149711939085486,0.0802863643456719,0.1275188123336756,0.0495118168018163,0.0975438701931362,0.1346153846153846,Q1: Negative/Low,,,Falling,,False,0.0,0.0
2026-03-16,2026-03-23,"AAVE,ADA,ASTER,ATOM,BCH,CC,DOT,ENA,ETC,HBAR,ICP,KAS,LINK,LTC,M,MORPHO,NEAR,ONDO,POL,QNT,RENDER,SKY,SUI,TAO,UNI,WLD,WLFI,XLM,XMR,XRP","XRP,ADA,BCH,LINK,XMR,CC,XLM,LTC,HBAR,SUI,WLFI,TAO,DOT,M,UNI,NEAR,AAVE,ASTER,SKY,ICP,ETC,ONDO,WLD,MORPHO,POL,QNT,ENA,RENDER,ATOM,KAS",30,100.0,-3.432804761904762e-05,-0.0375892121428571,2.215251282862708,0.0001153928571428,1.0986492235845982,3.471770713242454,1.167905514157124,4.054700159885073,0.0717504276209024,Red,Orange,14.285714285714285,23.07692307692308,-0.0735996627941158,-0.0866687217071279,-0.0131552105001237,-0.084182099388726,-0.0924708404500659,-0.0650921602670561,-0.093977707289343,0.25,Q1: Negative/Low,,,Falling,,False,0.0,0.0
2026-03-23,2026-03-30,"AAVE,ADA,ASTER,ATOM,BCH,CC,DOT,ETC,HBAR,ICP,KAS,LINK,LTC,M,MORPHO,NEAR,ONDO,POL,QNT,RENDER,SIREN,SKY,SUI,TAO,UNI,WLD,WLFI,XLM,XMR,XRP","XRP,BCH,ADA,XMR,LINK,CC,XLM,LTC,HBAR,SUI,M,WLFI,TAO,DOT,UNI,SIREN,NEAR,ASTER,AAVE,SKY,ICP,ETC,ONDO,QNT,KAS,POL,WLD,MORPHO,ATOM,RENDER",30,100.0,-2.047490476190476e-05,-0.0224200207142857,1.5387688176380576,0.0001221042857142,-1.493888784633476,-0.6764824652246497,0.9316792460516276,-0.630264673167648,0.0,Orange,Orange,21.904761904761905,30.76923076923077,0.0929538417949042,0.0544561762054452,-0.0392582860721719,0.0502351064136781,0.064305339052902,0.0446263974462921,0.1046109392588203,0.3076923076923077,Q2: Weak,,,Falling,,False,0.0,0.0
2026-03-25,2026-04-01,"AAVE,ADA,ASTER,ATOM,BCH,CC,DOT,ETC,HBAR,ICP,KAS,LINK,LTC,M,MORPHO,NEAR,ONDO,POL,QNT,RENDER,SIREN,SKY,SUI,TAO,UNI,WLD,WLFI,XLM,XMR,XRP","XRP,ADA,BCH,LINK,XMR,XLM,CC,LTC,HBAR,SUI,TAO,M,WLFI,UNI,DOT,SKY,AAVE,NEAR,ASTER,SIREN,ETC,ICP,ONDO,QNT,KAS,POL,WLD,RENDER,MORPHO,ATOM",30,100.0,-2.8272619047619043e-05,-0.0309585178571428,0.2123834674502709,0.0001463357142857,0.4950460401373911,-1.3263853501877867,0.1925882298913405,-0.2554462067464716,0.0,Red,Orange,17.142857142857142,26.923076923076923,0.0,0.0,0.0,0.0,0.0,0.0,0.0,0.28846153846153844,Q2: Weak,,,Falling,,False,0.0,0.0
