timestamp,open,high,low,close,volume
2024-07-01 00:00:00+00:00,2388.8641316,2399.99464626,2367.73372655,2393.87682418,0
2024-07-02 00:00:00+00:00,2393.8957246,2396.51449619,2350.01171892,2355.69881587,0
2024-07-03 00:00:00+00:00,2355.69889735,2392.68904294,2347.88779211,2385.41998227,0
2024-07-04 00:00:00+00:00,2385.41997203,2455.79319123,2375.70334924,2448.02529635,0
2024-07-05 00:00:00+00:00,2448.01239508,2537.75383362,2443.85532065,2472.15533052,0
2024-07-06 00:00:00+00:00,2472.14277816,2473.58683069,2425.13799122,2439.8747219,0
2024-07-07 00:00:00+00:00,2439.86921373,2491.69817075,2438.95732752,2475.79929379,0
2024-07-08 00:00:00+00:00,2475.79939886,2502.00842922,2415.21480142,2426.47606701,0
2024-07-09 00:00:00+00:00,2426.49438961,2449.96560584,2411.26858326,2448.81162426,0
2024-07-10 00:00:00+00:00,2448.80627815,2464.22926952,2391.5901104,2408.9222765,0
2024-07-11 00:00:00+00:00,2408.91277543,2421.58917792,2378.78236641,2403.51294745,0
2024-07-12 00:00:00+00:00,2403.5096539,2411.71133375,2383.68011713,2384.55190802,0
2024-07-13 00:00:00+00:00,2384.54515938,2400.85614255,2368.5903153,2394.27231956,0
2024-07-14 00:00:00+00:00,2394.24469225,2422.74237956,2392.75408282,2408.14956304,0
2024-07-15 00:00:00+00:00,2408.19910118,2430.09745256,2387.19020617,2401.3425189,0
2024-07-16 00:00:00+00:00,2401.3163991,2433.4941908,2390.6294543,2430.58327147,0
2024-07-17 00:00:00+00:00,2430.56145958,2437.94892547,2403.6021418,2428.98283852,0
2024-07-18 00:00:00+00:00,2429.02186326,2435.57274481,2405.97233225,2415.07859669,0
2024-07-19 00:00:00+00:00,2414.94471239,2460.95198716,2410.65547759,2445.7315347,0
2024-07-20 00:00:00+00:00,2445.71748719,2455.6984057,2435.97310743,2441.62776785,0
2024-07-21 00:00:00+00:00,2441.6299926,2467.27844375,2438.62489859,2443.8286687,0
2024-07-22 00:00:00+00:00,2443.76021028,2491.6731747,2439.03886245,2488.71154219,0
2024-07-23 00:00:00+00:00,2488.70443212,2489.03234194,2421.31700208,2432.06977807,0
2024-07-24 00:00:00+00:00,2432.05441491,2490.83226971,2431.52169966,2473.21557039,0
2024-07-25 00:00:00+00:00,2473.21456315,2599.92793498,2472.84241081,2581.93140489,0
2024-07-26 00:00:00+00:00,2581.92312782,2601.15398536,2558.24369633,2577.8358156,0
2024-07-27 00:00:00+00:00,2577.81423787,2622.46262545,2571.34983689,2589.83089612,0
2024-07-28 00:00:00+00:00,2589.8306432,2599.62429024,2572.48803246,2593.08438204,0
2024-07-29 00:00:00+00:00,2593.07147974,2604.53149407,2519.45530568,2525.98104844,0
2024-07-30 00:00:00+00:00,2525.81575312,2532.76202969,2496.01383205,2520.63441759,0
2024-07-31 00:00:00+00:00,2520.63888556,2523.76235469,2489.05286092,2509.88158338,0
2024-08-01 00:00:00+00:00,2509.88436134,2576.76651979,2501.03002075,2566.77483412,0
2024-08-02 00:00:00+00:00,2566.77482042,2633.77292051,2555.66799958,2587.50730054,0
2024-08-03 00:00:00+00:00,2587.53424147,2646.69286741,2583.11199165,2635.90902187,0
2024-08-04 00:00:00+00:00,2635.92642916,2716.19660435,2623.73531745,2694.65273696,0
2024-08-05 00:00:00+00:00,2694.67370863,2966.61769371,2686.82969782,2741.65667806,0
2024-08-06 00:00:00+00:00,2741.61641465,2757.24791119,2689.88262125,2747.03720982,0
2024-08-07 00:00:00+00:00,2746.95231567,2811.15940302,2711.28538056,2774.72277788,0
2024-08-08 00:00:00+00:00,2774.77963966,2810.15509332,2746.98392433,2775.04914766,0
2024-08-09 00:00:00+00:00,2775.04017707,2833.86842241,2758.28744434,2823.36934339,0
2024-08-10 00:00:00+00:00,2823.37088515,2827.07449195,2791.10028447,2814.43275552,0
2024-08-11 00:00:00+00:00,2814.42696126,2824.83224279,2758.03330452,2818.33471873,0
2024-08-12 00:00:00+00:00,2818.29748835,2828.09094477,2702.49564434,2712.36065094,0
2024-08-13 00:00:00+00:00,2712.36123839,2795.82819254,2712.322751,2771.36860641,0
2024-08-14 00:00:00+00:00,2771.36867419,2792.04330865,2723.44157375,2723.46096908,0
2024-08-15 00:00:00+00:00,2723.41906952,2779.08172427,2705.92689124,2737.0460909,0
2024-08-16 00:00:00+00:00,2737.05441861,2807.17520803,2727.23803089,2789.54933684,0
2024-08-17 00:00:00+00:00,2789.54935444,2800.64533374,2770.70166318,2776.88746987,0
2024-08-18 00:00:00+00:00,2776.89837784,2799.06995615,2738.42759877,2741.4006001,0
2024-08-19 00:00:00+00:00,2741.31387379,2752.67860881,2725.63002082,2734.6629155,0
2024-08-20 00:00:00+00:00,2734.92860985,2774.05175612,2733.15035352,2741.42684739,0
2024-08-21 00:00:00+00:00,2741.44611083,2791.88039535,2739.12252789,2786.85838483,0
2024-08-22 00:00:00+00:00,2786.85545084,2787.13143833,2741.29628679,2742.89844726,0
2024-08-23 00:00:00+00:00,2742.89727461,2800.14257728,2726.09510194,2781.50787765,0
2024-08-24 00:00:00+00:00,2781.48082918,2803.40040269,2741.38077771,2772.74080224,0
2024-08-25 00:00:00+00:00,2772.73864178,2814.54858057,2772.39187157,2808.56644168,0
2024-08-26 00:00:00+00:00,2808.41578981,2847.30498711,2794.62972278,2825.89510061,0
2024-08-27 00:00:00+00:00,2825.91389222,2902.30013239,2809.5082923,2860.35136642,0
2024-08-28 00:00:00+00:00,2860.32878722,2872.89852337,2797.35177429,2801.7463796,0
2024-08-29 00:00:00+00:00,2801.67560792,2844.15657912,2798.02146142,2827.62782478,0
2024-08-30 00:00:00+00:00,2827.62717076,2865.19770986,2818.14417761,2820.49349582,0
2024-08-31 00:00:00+00:00,2820.49416899,2841.32883455,2818.23565263,2832.78753691,0
2024-09-01 00:00:00+00:00,2832.78873433,2881.96075851,2827.69409863,2860.21088177,0
2024-09-02 00:00:00+00:00,2860.20511196,2876.88542869,2817.5708655,2837.05140033,0
2024-09-03 00:00:00+00:00,2837.08083228,2871.80016166,2836.24480486,2869.00800971,0
2024-09-04 00:00:00+00:00,2868.9672461,2909.18885286,2833.36960021,2864.21022125,0
2024-09-05 00:00:00+00:00,2864.21534371,2868.48342604,2834.66206407,2848.87301287,0
2024-09-06 00:00:00+00:00,2848.86880373,2899.57926727,2814.07528979,2876.15267044,0
2024-09-07 00:00:00+00:00,2876.14366866,2876.44070917,2821.61561253,2829.10064137,0
2024-09-08 00:00:00+00:00,2829.10466654,2834.3844328,2805.85403728,2828.19030688,0
2024-09-09 00:00:00+00:00,2828.19865381,2883.72380724,2815.4351687,2856.85511466,0
2024-09-10 00:00:00+00:00,2856.75187494,2880.85477218,2854.75493386,2864.80217903,0
2024-09-11 00:00:00+00:00,2864.75233805,2898.97245652,2857.76200405,2880.64018622,0
2024-09-12 00:00:00+00:00,2880.64863936,2901.78473037,2860.47514029,2874.87843955,0
2024-09-13 00:00:00+00:00,2874.83756075,2916.02976401,2868.23809749,2913.74109488,0
2024-09-14 00:00:00+00:00,2913.74603916,2920.50106658,2895.9939645,2908.29968701,0
2024-09-15 00:00:00+00:00,2908.3050253,2969.43471495,2906.81686825,2966.21727351,0
2024-09-16 00:00:00+00:00,2966.21805492,2987.88935765,2937.38496883,2954.32502839,0
2024-09-17 00:00:00+00:00,2954.33752192,3024.6397843,2949.01665302,3013.65337068,0
2024-09-18 00:00:00+00:00,3013.65336875,3046.58194434,3013.34788239,3034.73753185,0
2024-09-19 00:00:00+00:00,3034.73080694,3043.83918908,2993.17540862,2998.52331437,0
2024-09-20 00:00:00+00:00,2998.52626688,3019.84095386,2927.10113413,2937.72292767,0
2024-09-21 00:00:00+00:00,2937.71942539,2950.88078043,2878.5865831,2880.53864011,0
2024-09-22 00:00:00+00:00,2880.55269398,2942.04490283,2871.89448385,2933.51361227,0
2024-09-23 00:00:00+00:00,2933.52032364,2936.51042544,2843.82627338,2866.15340554,0
2024-09-24 00:00:00+00:00,2866.18598676,2889.34891163,2859.11744916,2872.44898226,0
2024-09-25 00:00:00+00:00,2872.44941634,2906.08731872,2870.76202643,2894.27425228,0
2024-09-26 00:00:00+00:00,2894.27429383,2909.8015797,2866.20814049,2908.21450587,0
2024-09-27 00:00:00+00:00,2908.2161827,2910.8863176,2870.09156157,2878.70400882,0
2024-09-28 00:00:00+00:00,2878.71122231,2913.51032002,2874.73304478,2892.54950612,0
2024-09-29 00:00:00+00:00,2892.54718179,2913.32110107,2879.76817747,2889.81347005,0
2024-09-30 00:00:00+00:00,2889.55649873,2906.62266983,2849.6612751,2882.70090974,0
2024-10-01 00:00:00+00:00,2882.64551834,2969.75798778,2848.79130851,2920.93308044,0
2024-10-02 00:00:00+00:00,2920.92893808,3017.95495276,2911.80950375,3008.28092669,0
2024-10-03 00:00:00+00:00,3008.28020909,3060.64057002,2997.72930691,3031.1155581,0
2024-10-04 00:00:00+00:00,3031.05969943,3033.93017074,2995.0819804,3015.2666124,0
2024-10-05 00:00:00+00:00,3015.2651268,3028.62788585,3003.01783052,3015.24995946,0
2024-10-06 00:00:00+00:00,3015.26557057,3018.67572953,2998.16052161,3012.28516996,0
2024-10-07 00:00:00+00:00,3012.28445898,3035.63450151,2985.05157705,3014.87399058,0
2024-10-08 00:00:00+00:00,3014.79798852,3030.71822988,2984.33624677,2989.94049232,0
2024-10-09 00:00:00+00:00,2989.93635102,2999.89253207,2963.6506881,2986.30675126,0
2024-10-10 00:00:00+00:00,2986.30760911,3005.51812697,2949.49908952,2963.67083761,0
2024-10-11 00:00:00+00:00,2963.6768035,3012.64741734,2950.66484477,2994.72274965,0
2024-10-12 00:00:00+00:00,2994.70678589,3006.31726406,2980.89675571,2992.04149872,0
2024-10-13 00:00:00+00:00,2992.04565323,3002.44437228,2973.90426525,2988.03124694,0
2024-10-14 00:00:00+00:00,2987.98512433,3017.01444892,2974.33807725,2984.86020067,0
2024-10-15 00:00:00+00:00,2984.86024527,3077.60480801,2964.93503961,3054.25296085,0
2024-10-16 00:00:00+00:00,3054.23119359,3085.91895874,3051.94611969,3068.11898062,0
2024-10-17 00:00:00+00:00,3068.10430519,3096.83318396,3037.86141813,3083.56681442,0
2024-10-18 00:00:00+00:00,3083.55432277,3091.96003179,3058.46146595,3076.68346397,0
2024-10-19 00:00:00+00:00,3076.6673549,3077.94083699,3053.56030442,3059.6956407,0
2024-10-20 00:00:00+00:00,3059.68404375,3070.6237669,2998.71150164,3000.37697602,0
2024-10-21 00:00:00+00:00,3000.37271432,3005.29108154,2981.45093289,2992.74351735,0
2024-10-22 00:00:00+00:00,2992.74434089,3028.13618545,2982.8543769,3026.26662494,0
2024-10-23 00:00:00+00:00,3026.35785875,3089.33509477,3021.77249934,3064.09606178,0
2024-10-24 00:00:00+00:00,3064.05194795,3101.83327299,3054.33238738,3096.9494627,0
2024-10-25 00:00:00+00:00,3096.9367716,3207.36818152,3091.9655186,3181.03240586,0
2024-10-26 00:00:00+00:00,3181.03481232,3195.53783591,3124.41243364,3136.68099922,0
2024-10-27 00:00:00+00:00,3136.68884186,3146.09788728,3127.53389963,3135.51679741,0
2024-10-28 00:00:00+00:00,3135.5034281,3204.21091683,3132.4481724,3160.41862588,0
2024-10-29 00:00:00+00:00,3160.40923544,3226.66594708,3135.0376259,3205.14032106,0
2024-10-30 00:00:00+00:00,3205.13012535,3215.22778776,3147.26991289,3204.61470884,0
2024-10-31 00:00:00+00:00,3204.64787451,3271.54501053,3190.03246032,3257.15222382,0
2024-11-01 00:00:00+00:00,3257.16893687,3258.63468176,3213.73393262,3234.89793278,0
2024-11-02 00:00:00+00:00,3234.93120417,3275.45498362,3226.20011585,3248.79699289,0
2024-11-03 00:00:00+00:00,3248.79105517,3305.88511344,3240.59978487,3284.83400732,0
2024-11-04 00:00:00+00:00,3284.8936546,3316.43653707,3257.26857212,3302.21643246,0
2024-11-05 00:00:00+00:00,3302.16317737,3320.14708747,3278.22972508,3305.86771227,0
2024-11-06 00:00:00+00:00,3305.8701851,3324.78088516,3243.49052173,3262.54169874,0
2024-11-07 00:00:00+00:00,3262.33732117,3268.85064763,3121.97323497,3136.48104295,0
2024-11-08 00:00:00+00:00,3136.4346721,3148.41178415,3084.31001857,3101.57927821,0
2024-11-09 00:00:00+00:00,3101.56451896,3104.27351157,2966.47773944,2978.00629325,0
2024-11-10 00:00:00+00:00,2978.00838078,3066.30738135,2954.34182462,3011.83855028,0
2024-11-11 00:00:00+00:00,3012.38161514,3190.63318444,2991.15285725,3130.06411687,0
2024-11-12 00:00:00+00:00,3129.99176422,3226.49601884,3066.45795711,3194.91012664,0
2024-11-13 00:00:00+00:00,3195.12279629,3362.82049725,3182.88832342,3322.01741658,0
2024-11-14 00:00:00+00:00,3322.01574888,3351.95761523,3231.86542705,3291.30946139,0
2024-11-15 00:00:00+00:00,3290.92070704,3371.78243892,3281.31888827,3329.64453192,0
2024-11-16 00:00:00+00:00,3329.63794201,3346.51430349,3217.79807964,3246.20869924,0
2024-11-17 00:00:00+00:00,3246.21363814,3320.65665629,3186.75305273,3238.43941317,0
2024-11-18 00:00:00+00:00,3238.43624773,3252.4532455,3147.41569309,3157.32161552,0
2024-11-19 00:00:00+00:00,3157.39526804,3304.76641457,3150.23565714,3272.40205898,0
2024-11-20 00:00:00+00:00,3272.51200138,3418.44435533,3260.77700252,3388.63689517,0
2024-11-21 00:00:00+00:00,3388.63205631,3464.31999608,3267.71444928,3281.36611809,0
2024-11-22 00:00:00+00:00,3281.34456874,3305.68302784,3200.79231037,3206.74500728,0
2024-11-23 00:00:00+00:00,3206.80994085,3207.02866561,3008.88216409,3082.70934366,0
2024-11-24 00:00:00+00:00,3082.6999132,3202.20168468,3046.26636375,3111.82183665,0
2024-11-25 00:00:00+00:00,3111.55518344,3163.94041011,3002.54210677,3023.11256251,0
2024-11-26 00:00:00+00:00,3023.12341153,3147.24643746,3014.124597,3051.21713663,0
2024-11-27 00:00:00+00:00,3051.28931627,3082.75329108,2953.34556474,2967.22563654,0
2024-11-28 00:00:00+00:00,2967.12361134,3025.23439331,2960.30515779,2976.27209135,0
2024-11-29 00:00:00+00:00,2976.27577899,3002.84485309,2950.51264618,2957.35255083,0
2024-11-30 00:00:00+00:00,2957.34795155,2971.8389733,2854.06078688,2870.89594021,0
2024-12-01 00:00:00+00:00,2870.90800432,2903.46584711,2841.23120772,2844.43459186,0
2024-12-02 00:00:00+00:00,2844.36967416,2906.44151525,2798.6072685,2799.34449135,0
2024-12-03 00:00:00+00:00,2799.26568444,2878.11990672,2740.19626592,2753.77773285,0
2024-12-04 00:00:00+00:00,2753.79343145,2796.29196078,2648.23340475,2757.93874995,0
2024-12-05 00:00:00+00:00,2758.07753943,2914.10364633,2669.44564276,2751.43834712,0
2024-12-06 00:00:00+00:00,2751.33011333,2777.19240117,2689.02504598,2706.25796113,0
2024-12-07 00:00:00+00:00,2706.26999007,2720.077423,2666.70263358,2678.89430106,0
2024-12-08 00:00:00+00:00,2678.90140298,2716.24867442,2672.49848563,2708.32023275,0
2024-12-09 00:00:00+00:00,2708.31984271,3022.02637961,2701.09138978,2907.79661374,0
2024-12-10 00:00:00+00:00,2908.043982,3051.93087273,2869.5517847,2911.09386655,0
2024-12-11 00:00:00+00:00,2911.14773315,2970.4828253,2866.96061614,2889.26590369,0
2024-12-12 00:00:00+00:00,2889.23506651,2894.0989281,2789.72145888,2833.53793144,0
2024-12-13 00:00:00+00:00,2833.63725789,2867.28926144,2794.17440723,2846.1037278,0
2024-12-14 00:00:00+00:00,2846.1163604,2922.47068047,2833.67748637,2898.02570826,0
2024-12-15 00:00:00+00:00,2897.98941456,2960.93467669,2893.8347503,2922.70894817,0
2024-12-16 00:00:00+00:00,2922.74794536,3021.31990545,2913.52231196,2978.42236488,0
2024-12-17 00:00:00+00:00,2978.42670427,3027.63212197,2940.45802779,3010.70940422,0
2024-12-18 00:00:00+00:00,3010.44462851,3104.44800603,2982.50783461,3075.0392428,0
2024-12-19 00:00:00+00:00,3075.0865996,3216.60906156,3057.57013887,3181.54302538,0
2024-12-20 00:00:00+00:00,3181.33574455,3384.71057266,3105.53287558,3130.95001401,0
2024-12-21 00:00:00+00:00,3130.58288826,3249.19025934,3064.83723285,3228.0213778,0
2024-12-22 00:00:00+00:00,3227.95242795,3247.59501317,3160.28327676,3207.17143833,0
2024-12-23 00:00:00+00:00,3207.16704958,3233.58649049,3004.99832525,3051.6630953,0
2024-12-24 00:00:00+00:00,3051.66030928,3123.28039208,3033.63309717,3104.10899818,0
2024-12-25 00:00:00+00:00,3103.97877177,3147.01881802,3080.83750497,3137.24443925,0
2024-12-26 00:00:00+00:00,3137.24776848,3198.85772008,3129.86299663,3178.74022391,0
2024-12-27 00:00:00+00:00,3178.73733032,3184.86741557,3107.89170913,3139.51669603,0
2024-12-28 00:00:00+00:00,3139.51669342,3146.93308087,3074.75415869,3088.11288143,0
2024-12-29 00:00:00+00:00,3088.12811783,3122.28920978,3079.18983591,3117.44528751,0
2024-12-30 00:00:00+00:00,3117.20397098,3135.50382737,3056.60714712,3086.43072359,0
2024-12-31 00:00:00+00:00,3086.53375028,3130.89617268,3083.5381803,3127.09590107,0
2025-01-01 00:00:00+00:00,3127.16550922,3128.94981954,3061.49944071,3062.58912345,0
2025-01-02 00:00:00+00:00,3062.5829706,3071.50949512,3016.96124888,3046.77663365,0
2025-01-03 00:00:00+00:00,3046.69775118,3051.92183673,2944.7603369,2946.79693188,0
2025-01-04 00:00:00+00:00,2946.79463514,2965.0204851,2917.65150747,2934.09198442,0
2025-01-05 00:00:00+00:00,2934.08712726,2972.67333645,2928.66868146,2958.18799968,0
2025-01-06 00:00:00+00:00,2958.19191452,3034.29407864,2943.78515076,3031.68858089,0
2025-01-07 00:00:00+00:00,3031.67374152,3114.55664678,3007.52489269,3112.31746597,0
2025-01-08 00:00:00+00:00,3112.34981943,3142.94938428,3066.04073946,3079.37590575,0
2025-01-09 00:00:00+00:00,3079.37575574,3127.34866844,3051.8883414,3113.306989,0
2025-01-10 00:00:00+00:00,3113.32407072,3129.04790104,3090.62556196,3120.49286825,0
2025-01-11 00:00:00+00:00,3120.49033182,3134.12828634,3036.05834603,3059.10397578,0
2025-01-12 00:00:00+00:00,3059.0983075,3098.37812205,3057.41286522,3089.56920646,0
2025-01-13 00:00:00+00:00,3089.78118787,3219.50438299,3071.05200129,3170.07806972,0
2025-01-14 00:00:00+00:00,3170.0941194,3182.15209914,3130.85090704,3139.96140641,0
2025-01-15 00:00:00+00:00,3139.96171663,3164.44824746,3008.16025499,3021.86424477,0
2025-01-16 00:00:00+00:00,3021.87316684,3081.4553813,2959.84845835,3041.89155135,0
2025-01-17 00:00:00+00:00,3041.70582988,3118.98519004,2995.46539021,3036.48624669,0
2025-01-18 00:00:00+00:00,3036.41797646,3162.26856172,3033.34063583,3103.00313528,0
2025-01-19 00:00:00+00:00,3103.08877034,3264.32333736,3066.52612083,3180.77675203,0
2025-01-20 00:00:00+00:00,3180.70288822,3241.07542573,3131.03090314,3160.42428984,0
2025-01-21 00:00:00+00:00,3160.45597673,3232.32371523,3156.86319505,3213.35913132,0
2025-01-22 00:00:00+00:00,3213.36164601,3217.23074061,3153.54732314,3180.08549998,0
2025-01-23 00:00:00+00:00,3180.07632802,3288.59149492,3161.34145131,3178.10244117,0
2025-01-24 00:00:00+00:00,3178.29461973,3231.99010508,3146.07296294,3230.45952457,0
2025-01-25 00:00:00+00:00,3230.25723195,3248.63081609,3192.29941838,3211.7978361,0
2025-01-26 00:00:00+00:00,3211.80620385,3261.26696434,3190.70703979,3252.75103681,0
2025-01-27 00:00:00+00:00,3252.61690349,3372.50105664,3237.13220997,3261.97283578,0
2025-01-28 00:00:00+00:00,3261.90417054,3342.33461493,3245.65071685,3334.16915389,0
2025-01-29 00:00:00+00:00,3334.44849661,3382.12944478,3289.80347215,3375.55528346,0
2025-01-30 00:00:00+00:00,3375.35859423,3382.40297469,3283.14614018,3290.25290414,0
2025-01-31 00:00:00+00:00,3290.25503902,3309.77381599,3204.69489801,3229.20562266,0
2025-02-01 00:00:00+00:00,3229.20317255,3379.6874345,3209.92348516,3367.42399715,0
2025-02-02 00:00:00+00:00,3367.40341105,3670.53436922,3331.51465393,3575.94727566,0
2025-02-03 00:00:00+00:00,3575.79001582,4415.34541426,3574.59272255,3616.27682816,0
2025-02-04 00:00:00+00:00,3616.2799054,3810.74494539,3604.39030039,3708.39352978,0
2025-02-05 00:00:00+00:00,3708.40282942,3780.70493568,3649.61789555,3719.43431806,0
2025-02-06 00:00:00+00:00,3719.59092124,3852.06440643,3676.71148439,3823.67333388,0
2025-02-07 00:00:00+00:00,3823.56541635,3885.87884471,3741.40753619,3834.34718798,0
2025-02-08 00:00:00+00:00,3834.36753965,3851.43057183,3759.66954536,3774.01363222,0
2025-02-09 00:00:00+00:00,3773.77256822,3855.74607901,3716.52531684,3783.89277045,0
2025-02-10 00:00:00+00:00,3783.90377138,3839.27723767,3734.95021396,3763.54407682,0
2025-02-11 00:00:00+00:00,3763.52132091,3767.93601472,3669.215311,3723.22007452,0
2025-02-12 00:00:00+00:00,3723.53581962,3777.43183099,3611.44386955,3658.0134102,0
2025-02-13 00:00:00+00:00,3657.98640798,3708.75217009,3626.1144132,3665.10420383,0
2025-02-14 00:00:00+00:00,3664.74873534,3674.9531461,3571.94566389,3614.29343285,0
2025-02-15 00:00:00+00:00,3614.30263377,3669.31547296,3588.23997164,3645.68969076,0
2025-02-16 00:00:00+00:00,3645.69941317,3669.73027384,3618.81694648,3634.30922809,0
2025-02-17 00:00:00+00:00,3634.51759616,3674.93518288,3549.27664537,3622.81539368,0
2025-02-18 00:00:00+00:00,3622.78819946,3803.56387952,3621.70586267,3738.17819898,0
2025-02-19 00:00:00+00:00,3738.14213527,3760.81250482,3681.70398767,3697.47224741,0
2025-02-20 00:00:00+00:00,3697.47221577,3741.57441879,3676.00363822,3724.07039357,0
2025-02-21 00:00:00+00:00,3724.07403895,3799.78276727,3669.21574593,3769.58939145,0
2025-02-22 00:00:00+00:00,3769.54127653,3778.32008575,3665.37510555,3692.81402349,0
2025-02-23 00:00:00+00:00,3692.81311931,3716.69052366,3640.59723274,3670.4809634,0
2025-02-24 00:00:00+00:00,3670.46317604,4009.58501001,3653.28563192,3926.59025631,0
2025-02-25 00:00:00+00:00,3926.43753969,4081.33937026,3755.28516783,3783.7345524,0
2025-02-26 00:00:00+00:00,3783.71897071,3876.64709857,3746.62202841,3773.93432758,0
2025-02-27 00:00:00+00:00,3773.765741,3840.94355763,3765.86762082,3808.84900451,0
2025-02-28 00:00:00+00:00,3808.8410477,3911.68296356,3806.54776279,3850.36746479,0
2025-03-01 00:00:00+00:00,3850.36967007,3962.68179016,3823.04994547,3916.42767902,0
2025-03-02 00:00:00+00:00,3916.25547227,3926.41831326,3595.85190543,3673.61082109,0
2025-03-03 00:00:00+00:00,3673.12360511,4000.20489677,3665.41522519,3954.02456591,0
2025-03-04 00:00:00+00:00,3954.08976495,4056.45363191,3855.88967862,3951.87579069,0
2025-03-05 00:00:00+00:00,3951.89031063,4024.23329114,3893.31929379,3986.36245682,0
2025-03-06 00:00:00+00:00,3986.36141523,3996.36871804,3898.28543544,3974.68553583,0
2025-03-07 00:00:00+00:00,3974.68675079,4008.79875927,3905.64591443,3986.33910414,0
2025-03-08 00:00:00+00:00,3986.3327724,4004.26815627,3915.59027429,3960.8149083,0
2025-03-09 00:00:00+00:00,3960.80130738,4173.21372438,3949.61975264,4045.08803452,0
2025-03-10 00:00:00+00:00,4045.19884302,4238.3996308,3965.38957561,4215.34667886,0
2025-03-11 00:00:00+00:00,4215.35731163,4343.82108873,4158.35551586,4244.34292211,0
2025-03-12 00:00:00+00:00,4244.29132578,4292.07218871,4168.90177082,4226.91746933,0
2025-03-13 00:00:00+00:00,4226.92289474,4270.71340971,4117.76641301,4159.81368346,0
2025-03-14 00:00:00+00:00,4159.82058621,4205.27084469,4130.89335225,4162.23587707,0
2025-03-15 00:00:00+00:00,4162.23995383,4166.37407661,4063.00163958,4089.73085666,0
2025-03-16 00:00:00+00:00,4089.74455893,4200.96937621,4076.09451739,4160.10480509,0
2025-03-17 00:00:00+00:00,4160.10703526,4161.32993712,4094.48968187,4127.74790492,0
2025-03-18 00:00:00+00:00,4127.7469636,4157.38017118,4085.21633315,4090.94227391,0
2025-03-19 00:00:00+00:00,4090.94088144,4121.68892317,3961.4817955,4050.63727457,0
2025-03-20 00:00:00+00:00,4050.44624558,4103.69844572,4044.00596738,4053.5396761,0
2025-03-21 00:00:00+00:00,4053.53700827,4106.10869829,4047.86185824,4088.36051325,0
2025-03-22 00:00:00+00:00,4088.36782276,4090.55304154,4047.24642654,4071.57242879,0
2025-03-23 00:00:00+00:00,4071.56860858,4123.21826987,4040.63719512,4117.01764032,0
2025-03-24 00:00:00+00:00,4116.74069226,4131.92854391,4048.03793667,4062.30967163,0
2025-03-25 00:00:00+00:00,4062.39333606,4080.03108982,4036.83776223,4052.97982589,0
2025-03-26 00:00:00+00:00,4052.97509422,4154.43154276,4041.02706906,4134.71732614,0
2025-03-27 00:00:00+00:00,4134.72872919,4140.09723559,4098.54595246,4130.73328804,0
2025-03-28 00:00:00+00:00,4130.72532086,4260.74841213,4125.39196126,4217.59085452,0
2025-03-29 00:00:00+00:00,4217.58373882,4309.57820963,4195.6239176,4282.50102643,0
2025-03-30 00:00:00+00:00,4282.46394375,4320.89678604,4246.41917462,4290.61147202,0
2025-03-31 00:00:00+00:00,4290.61090701,4362.79541151,4256.26623864,4304.05964238,0
2025-04-01 00:00:00+00:00,4304.37977223,4322.68937506,4236.87407215,4310.09098726,0
2025-04-02 00:00:00+00:00,4310.51197839,4455.5377002,4310.31997184,4417.12264519,0
2025-04-03 00:00:00+00:00,4416.79912596,4497.3247481,4361.70831582,4411.26928706,0
2025-04-04 00:00:00+00:00,4411.30028642,4457.26055607,4369.6868831,4391.17838428,0
2025-04-05 00:00:00+00:00,4391.221841,4431.52247282,4376.57830622,4403.94098096,0
2025-04-06 00:00:00+00:00,4404.05088344,4669.77996726,4393.22752809,4632.69433697,0
2025-04-07 00:00:00+00:00,4632.52973713,4924.3015391,4597.12205175,4689.8781587,0
2025-04-08 00:00:00+00:00,4689.86074534,4755.58726767,4600.81920064,4704.14889107,0
2025-04-09 00:00:00+00:00,4704.13181685,4821.81871926,4537.17975149,4556.26984513,0
2025-04-10 00:00:00+00:00,4556.36879286,4719.27264763,4555.66799049,4639.80844136,0
2025-04-11 00:00:00+00:00,4639.79728985,4726.35806671,4599.3896997,4711.66300494,0
2025-04-12 00:00:00+00:00,4711.66300474,4735.02982667,4547.0791288,4585.45712292,0
2025-04-13 00:00:00+00:00,4585.51058813,5492.59285439,4551.48190562,5157.89007638,0
2025-04-14 00:00:00+00:00,5157.87374327,5197.42404573,5055.23778192,5182.54563121,0
2025-04-15 00:00:00+00:00,5182.54481482,5246.32347605,5173.53653297,5240.48688074,0
2025-04-16 00:00:00+00:00,5240.4762215,5322.38349909,5205.42535381,5253.04704648,0
2025-04-17 00:00:00+00:00,5253.05574349,5277.67137172,5206.81381379,5271.26918527,0
2025-04-18 00:00:00+00:00,5271.26319743,5295.03880581,5212.92953558,5237.07145223,0
2025-04-19 00:00:00+00:00,5237.07545602,5244.59229254,5192.8451561,5195.35916555,0
2025-04-20 00:00:00+00:00,5195.28744004,5252.39902651,5184.54473795,5243.62035067,0
2025-04-21 00:00:00+00:00,5243.62036096,5388.1731158,5217.2944172,5381.22714381,0
2025-04-22 00:00:00+00:00,5381.24030221,5432.42320178,5279.16865822,5319.5059691,0
2025-04-23 00:00:00+00:00,5318.369692,5324.70721175,5203.62139357,5283.01082375,0
2025-04-24 00:00:00+00:00,5283.03352884,5362.89602573,5256.25471195,5299.38959857,0
2025-04-25 00:00:00+00:00,5299.40120193,5348.24732424,5237.49478633,5341.27699236,0
2025-04-26 00:00:00+00:00,5341.26291463,5341.69667642,5233.51398388,5290.34887637,0
2025-04-27 00:00:00+00:00,5290.35659487,5332.97157141,5247.62827562,5273.69719814,0
2025-04-28 00:00:00+00:00,5273.68836752,5335.64454473,5222.78968462,5304.26289011,0
2025-04-29 00:00:00+00:00,5304.22832001,5340.38557548,5247.90656914,5323.64014221,0
2025-04-30 00:00:00+00:00,5323.5960686,5464.67291419,5309.26206265,5357.46378703,0
2025-05-01 00:00:00+00:00,5357.38592118,5390.75076139,5321.53343247,5390.57875544,0
2025-05-02 00:00:00+00:00,5390.57236922,5445.15591065,5378.486038,5424.13263661,0
2025-05-03 00:00:00+00:00,5424.09505639,5462.95154215,5401.38937537,5422.14569367,0
2025-05-04 00:00:00+00:00,5422.16228347,5452.66744711,5400.95314339,5426.48896303,0
2025-05-05 00:00:00+00:00,5426.49721566,5448.90545887,5363.21202643,5435.03538548,0
2025-05-06 00:00:00+00:00,5434.98321676,5531.60036553,5430.42171369,5522.16404873,0
2025-05-07 00:00:00+00:00,5522.14093901,5588.63058634,5490.19120957,5554.24324957,0
2025-05-08 00:00:00+00:00,5554.23663697,5568.1100556,5207.01187802,5208.91893395,0
2025-05-09 00:00:00+00:00,5208.9327069,5235.57494844,4918.08529383,4996.18401537,0
2025-05-10 00:00:00+00:00,4995.87422202,5020.61376466,4748.5028983,4771.07440488,0
2025-05-11 00:00:00+00:00,4771.07912018,4986.94190523,4748.23374065,4896.82936726,0
2025-05-12 00:00:00+00:00,4896.81899644,4914.80186941,4659.5483329,4755.59582444,0
2025-05-13 00:00:00+00:00,4755.60508427,4894.57835818,4627.59434219,4647.38785491,0
2025-05-14 00:00:00+00:00,4647.37060473,4767.88662205,4608.64539459,4734.41381471,0
2025-05-15 00:00:00+00:00,4734.41653432,4954.44912664,4706.94352991,4914.54553279,0
2025-05-16 00:00:00+00:00,4914.51770138,4946.4584488,4783.45490246,4926.34513088,0
2025-05-17 00:00:00+00:00,4926.33023763,5044.24180746,4925.49588457,5001.35575623,0
2025-05-18 00:00:00+00:00,5001.35472685,5158.77291221,4894.44640321,5038.87000996,0
2025-05-19 00:00:00+00:00,5038.9310932,5142.30978657,5023.33130715,5044.00129317,0
2025-05-20 00:00:00+00:00,5044.01185546,5157.95219367,4997.66359261,5102.97925796,0
2025-05-21 00:00:00+00:00,5102.97568795,5163.43282309,5036.33024903,5139.32091223,0
2025-05-22 00:00:00+00:00,5139.34009376,5144.64470586,4985.23785799,5060.97267972,0
2025-05-23 00:00:00+00:00,5060.97267891,5148.69297904,4935.14369457,5132.84000994,0
2025-05-24 00:00:00+00:00,5132.15168977,5161.22195351,5091.55507804,5122.32575979,0
2025-05-25 00:00:00+00:00,5122.3492553,5207.41678176,5116.06988843,5153.76638235,0
2025-05-26 00:00:00+00:00,5153.70110777,5209.90708672,5129.65691087,5180.19965451,0
2025-05-27 00:00:00+00:00,5180.19264573,5204.72623995,5044.40624534,5053.1404582,0
2025-05-28 00:00:00+00:00,5053.172047,5105.96895349,5021.5680452,5021.63210156,0
2025-05-29 00:00:00+00:00,5021.73949551,5072.84313019,4932.63891757,5026.82429303,0
2025-05-30 00:00:00+00:00,5026.83068094,5220.99657065,5023.59495025,5200.86415725,0
2025-05-31 00:00:00+00:00,5200.93305713,5287.06855919,5176.79659444,5212.56042501,0
2025-06-01 00:00:00+00:00,5212.56044179,5289.37920355,5201.28334983,5235.84708094,0
2025-06-02 00:00:00+00:00,5235.83772454,5302.19138264,5167.50364866,5176.79050385,0
2025-06-03 00:00:00+00:00,5177.18971964,5187.60759781,5106.00530823,5163.78751117,0
2025-06-04 00:00:00+00:00,5163.78242296,5174.59747292,5080.34382781,5163.35573898,0
2025-06-05 00:00:00+00:00,5163.30582289,5344.38391668,5145.35572218,5326.74821593,0
2025-06-06 00:00:00+00:00,5326.74962587,5346.16980853,5262.6715702,5328.44963204,0
2025-06-07 00:00:00+00:00,5328.45102417,5342.74170626,5284.58128822,5299.86984937,0
2025-06-08 00:00:00+00:00,5299.87070781,5322.60763494,5249.7476601,5279.60694819,0
2025-06-09 00:00:00+00:00,5279.5997035,5347.76399159,5229.75079377,5245.93483728,0
2025-06-10 00:00:00+00:00,5245.94101851,5259.7776891,5080.2389809,5096.92181379,0
2025-06-11 00:00:00+00:00,5096.92535188,5137.53546231,5014.40571621,5119.45632609,0
2025-06-12 00:00:00+00:00,5119.46082542,5240.96959732,5097.2368047,5203.10068146,0
2025-06-13 00:00:00+00:00,5203.11646366,5413.22726672,5195.47565179,5322.85516002,0
2025-06-14 00:00:00+00:00,5322.85142697,5407.48628083,5314.10250702,5381.53271818,0
2025-06-15 00:00:00+00:00,5381.97102083,5385.38009988,5310.06984444,5322.60328871,0
2025-06-16 00:00:00+00:00,5322.56957629,5376.13193661,5224.4018168,5367.63421421,0
2025-06-17 00:00:00+00:00,5367.64719466,5391.72200558,5295.01207529,5357.79559956,0
2025-06-18 00:00:00+00:00,5357.79472468,5432.52707989,5333.72338351,5364.71494799,0
2025-06-19 00:00:00+00:00,5364.71082054,5397.60630873,5341.77389045,5355.18876029,0
2025-06-20 00:00:00+00:00,5355.18097102,5512.80740851,5345.5924264,5475.02375125,0
2025-06-21 00:00:00+00:00,5475.01629259,5682.56196403,5442.40230758,5615.46983073,0
2025-06-22 00:00:00+00:00,5615.5219176,5832.18188922,5606.99950408,5707.27146646,0
2025-06-23 00:00:00+00:00,5707.24840526,5726.25073769,5512.81996931,5533.4148161,0
2025-06-24 00:00:00+00:00,5533.3459322,5556.14926726,5460.75319913,5501.57606107,0
2025-06-25 00:00:00+00:00,5501.57313671,5646.42162269,5495.90981915,5622.26283431,0
2025-06-26 00:00:00+00:00,5622.24883881,5695.24185979,5524.28771834,5685.91248008,0
2025-06-27 00:00:00+00:00,5685.58163245,5719.42978257,5616.91206708,5633.79568039,0
2025-06-28 00:00:00+00:00,5633.79922483,5645.76540421,5554.33333361,5565.12385587,0
2025-06-29 00:00:00+00:00,5565.12385587,5594.46264948,5469.28280419,5508.54131,0
2025-06-30 00:00:00+00:00,5508.58976851,5567.27114908,5389.27157347,5455.42683066,0
2025-07-01 00:00:00+00:00,5455.26659937,5576.46421802,5445.20446166,5564.31270653,0
2025-07-02 00:00:00+00:00,5564.29782364,5590.79697775,5412.44737127,5457.142979,0
2025-07-03 00:00:00+00:00,5456.71471977,5480.46993619,5391.80771875,5449.78435948,0
2025-07-04 00:00:00+00:00,5449.78030707,5561.05756126,5436.2731666,5528.42374551,0
2025-07-05 00:00:00+00:00,5528.40586444,5563.52277224,5504.25762475,5522.312938,0
2025-07-06 00:00:00+00:00,5522.32953477,5532.44664494,5418.56187439,5455.11678231,0
2025-07-07 00:00:00+00:00,5455.12194968,5470.99318975,5387.72964024,5459.37432137,0
2025-07-08 00:00:00+00:00,5459.38257217,5470.5361365,5376.84856697,5384.96017673,0
2025-07-09 00:00:00+00:00,5384.9610109,5399.30094591,5244.59849958,5266.54026297,0
2025-07-10 00:00:00+00:00,5266.5420126,5309.74181871,5179.63667371,5196.94439644,0
2025-07-11 00:00:00+00:00,5197.18324525,5246.68945826,5047.81649864,5175.43629772,0
2025-07-12 00:00:00+00:00,5175.43114395,5264.32439814,5114.82483827,5193.79991566,0
2025-07-13 00:00:00+00:00,5193.78745454,5210.64662179,5113.05271824,5179.13956264,0
2025-07-14 00:00:00+00:00,5179.12993908,5217.57662773,5095.68874979,5136.23589075,0
2025-07-15 00:00:00+00:00,5136.24078054,5182.15449493,4950.92152538,4954.71404479,0
2025-07-16 00:00:00+00:00,4954.70134285,4991.56374369,4734.02169977,4755.18582047,0
2025-07-17 00:00:00+00:00,4755.16849389,4795.90878225,4520.06942494,4557.03494446,0
2025-07-18 00:00:00+00:00,4557.04088003,4571.68620132,4355.02956708,4471.67505991,0
2025-07-19 00:00:00+00:00,4471.67305703,4510.9070237,4416.30939086,4428.01057304,0
2025-07-20 00:00:00+00:00,4427.9954191,4438.82716478,4254.68662808,4264.71208644,0
2025-07-21 00:00:00+00:00,4264.67350297,4305.82841199,4163.31842581,4201.79457406,0
2025-07-22 00:00:00+00:00,4201.80790509,4352.63334265,4167.74996141,4263.61470943,0
2025-07-23 00:00:00+00:00,4263.63181785,4560.5551683,4239.40858723,4475.05122325,0
2025-07-24 00:00:00+00:00,4474.50488145,4633.03842736,4385.76546343,4465.6009442,0
2025-07-25 00:00:00+00:00,4465.64208997,4502.65497922,4360.50172172,4389.87644098,0
2025-07-26 00:00:00+00:00,4389.89525206,4406.71841322,4336.96143702,4375.76329747,0
2025-07-27 00:00:00+00:00,4375.76673845,4381.18430333,4292.45427457,4294.92131831,0
2025-07-28 00:00:00+00:00,4294.89525433,4390.52560208,4219.39078727,4375.64646264,0
2025-07-29 00:00:00+00:00,4375.58222756,4434.04535292,4320.42677903,4386.89951695,0
2025-07-30 00:00:00+00:00,4386.91853148,4494.79651361,4367.7837116,4417.40319758,0
2025-07-31 00:00:00+00:00,4417.13340394,4471.34992632,4356.71916958,4463.23164063,0
2025-08-01 00:00:00+00:00,4463.53413978,4632.03725676,4445.49576147,4564.22999069,0
2025-08-02 00:00:00+00:00,4564.24233967,4719.44426663,4526.27130214,4694.82461944,0
2025-08-03 00:00:00+00:00,4694.83375758,4728.1726975,4578.95750921,4594.49767761,0
2025-08-04 00:00:00+00:00,4594.46771034,4602.14983703,4409.16669143,4410.15473337,0
2025-08-05 00:00:00+00:00,4410.15095133,4555.2611194,4407.52033425,4514.01298706,0
2025-08-06 00:00:00+00:00,4513.95061698,4550.69647859,4463.95403545,4466.09197391,0
2025-08-07 00:00:00+00:00,4466.09648792,4479.40771968,4289.75802747,4292.13965698,0
2025-08-08 00:00:00+00:00,4292.14448111,4308.89089655,4150.61601478,4204.95757245,0
2025-08-09 00:00:00+00:00,4204.95757245,4205.23579519,4041.93322674,4080.45707343,0
2025-08-10 00:00:00+00:00,4080.45958914,4223.20775678,4040.28893214,4184.10804095,0
2025-08-11 00:00:00+00:00,4184.10358175,4277.58968743,4143.81052189,4227.22478805,0
2025-08-12 00:00:00+00:00,4227.22736006,4229.38535631,3976.08344485,4003.0449114,0
2025-08-13 00:00:00+00:00,4003.01493908,4018.77080673,3900.00640645,4002.05931852,0
2025-08-14 00:00:00+00:00,4001.97344223,4081.1471374,3910.9955942,4013.28332688,0
2025-08-15 00:00:00+00:00,4013.28294696,4102.89270139,3952.10815642,4044.81944113,0
2025-08-16 00:00:00+00:00,4044.81978722,4084.55956557,4017.58554376,4034.20154865,0
2025-08-17 00:00:00+00:00,4034.15410339,4050.05943008,3945.58024662,3990.69549452,0
2025-08-18 00:00:00+00:00,3990.68125014,4112.19721589,3986.74072468,4069.50607159,0
2025-08-19 00:00:00+00:00,4069.50302503,4171.31206669,4050.45818371,4168.92127143,0
2025-08-20 00:00:00+00:00,4169.07285426,4169.07285426,3982.78913372,4003.14112342,0
2025-08-21 00:00:00+00:00,4003.12251269,4062.7294896,4001.65228762,4058.40596143,0
2025-08-22 00:00:00+00:00,4058.40846497,4074.95344438,3766.68397137,3794.63948819,0
2025-08-23 00:00:00+00:00,3794.65040796,3874.24716971,3766.21930323,3781.5481417,0
2025-08-24 00:00:00+00:00,3781.55439037,3816.2510894,3651.4511004,3732.37567129,0
2025-08-25 00:00:00+00:00,3732.49009034,3929.31951785,3713.4624895,3915.44941444,0
2025-08-26 00:00:00+00:00,3915.45828559,3917.01604684,3765.7964406,3802.07398583,0
2025-08-27 00:00:00+00:00,3802.07929315,3834.92748185,3755.97738189,3830.7905555,0
2025-08-28 00:00:00+00:00,3830.87394366,3874.62809529,3796.34680487,3835.59358308,0
2025-08-29 00:00:00+00:00,3835.6056908,3893.08999296,3815.15587138,3832.93347976,0
2025-08-30 00:00:00+00:00,3832.9350322,3875.76968392,3802.78372011,3844.25971287,0
2025-08-31 00:00:00+00:00,3844.26172219,3844.52381528,3772.41039231,3839.00932405,0
2025-09-01 00:00:00+00:00,3839.00937248,3947.51757801,3816.87988785,3931.98530892,0
2025-09-02 00:00:00+00:00,3931.6707914,3982.44678579,3885.05593424,3928.54941402,0
2025-09-03 00:00:00+00:00,3928.70719001,3957.17553388,3871.56579565,3884.45453858,0
2025-09-04 00:00:00+00:00,3884.50633419,3968.76605385,3878.15848837,3968.75810733,0
2025-09-05 00:00:00+00:00,3968.80115364,3981.34291309,3918.4061804,3942.06552764,0
2025-09-06 00:00:00+00:00,3942.1930489,3966.42524534,3932.29868831,3954.62200065,0
2025-09-07 00:00:00+00:00,3954.63047594,3955.17526914,3911.59958044,3919.28219811,0
2025-09-08 00:00:00+00:00,3919.28182776,3932.81912691,3882.99333529,3904.34187991,0
2025-09-09 00:00:00+00:00,3904.3452961,3911.78806942,3869.74545125,3881.51336929,0
2025-09-10 00:00:00+00:00,3881.59096092,3924.69804726,3855.80886559,3907.63604298,0
2025-09-11 00:00:00+00:00,3907.63679004,3912.74269778,3835.20836355,3875.11457364,0
2025-09-12 00:00:00+00:00,3875.12006,3883.95104462,3726.47948868,3735.66269625,0
2025-09-13 00:00:00+00:00,3735.67426114,3762.63824544,3684.44375839,3732.37761414,0
2025-09-14 00:00:00+00:00,3732.38623458,3798.15796498,3711.83982343,3780.4739599,0
2025-09-15 00:00:00+00:00,3780.46524018,3870.2157918,3751.38233594,3847.69375555,0
2025-09-16 00:00:00+00:00,3847.6928894,3877.39224079,3833.3723475,3870.66402555,0
2025-09-17 00:00:00+00:00,3870.66365569,3897.6579372,3762.35922724,3769.28364417,0
2025-09-18 00:00:00+00:00,3769.28983834,3811.86707462,3752.24503151,3782.24716197,0
2025-09-19 00:00:00+00:00,3782.25495254,3855.52858274,3766.34826569,3836.53276248,0
2025-09-20 00:00:00+00:00,3836.53228214,3849.10035594,3803.75106474,3810.30983778,0
2025-09-21 00:00:00+00:00,3810.308124,3826.24007724,3785.18013002,3824.08488367,0
2025-09-22 00:00:00+00:00,3824.09955886,4048.41219939,3820.56763284,3951.97251011,0
2025-09-23 00:00:00+00:00,3951.97735327,4001.03693816,3929.64513569,3962.81905764,0
2025-09-24 00:00:00+00:00,3962.82155615,4017.56589159,3945.50436213,3991.63246808,0
2025-09-25 00:00:00+00:00,3991.6363316,4136.52461565,3987.49432471,4121.27671194,0
2025-09-26 00:00:00+00:00,4121.27617039,4140.69406839,4003.28236837,4007.08515025,0
2025-09-27 00:00:00+00:00,4007.08428007,4039.11954152,3995.86287785,4015.1273233,0
2025-09-28 00:00:00+00:00,4015.11970236,4055.80874614,3993.87208194,3994.51988817,0
2025-09-29 00:00:00+00:00,3994.55659893,4059.31365298,3987.33002863,4018.14269505,0
2025-09-30 00:00:00+00:00,4017.86567612,4094.29882227,4011.57166026,4069.38894518,0
2025-10-01 00:00:00+00:00,4069.38361458,4099.68446422,4002.45914721,4048.41503688,0
2025-10-02 00:00:00+00:00,4048.61079793,4060.82453452,3965.51914442,3971.2428863,0
2025-10-03 00:00:00+00:00,3971.24009604,4028.66472356,3936.8755534,3986.32731649,0
2025-10-04 00:00:00+00:00,3986.36707536,4075.15103447,3981.09385621,4055.50584887,0
2025-10-05 00:00:00+00:00,4055.64871535,4076.31472949,4003.00672819,4073.86145325,0
2025-10-06 00:00:00+00:00,4073.85400801,4084.47061434,3973.49224798,3989.07343815,0
2025-10-07 00:00:00+00:00,3989.08025852,4049.24558278,3944.26269726,4046.58435167,0
2025-10-08 00:00:00+00:00,4046.55842574,4079.83738707,4026.45700843,4037.42730392,0
2025-10-09 00:00:00+00:00,4037.41814801,4170.15415596,4032.52061782,4121.49800089,0
2025-10-10 00:00:00+00:00,4121.49391645,4802.43072187,4085.99976881,4459.5637304,0
2025-10-11 00:00:00+00:00,4459.17604076,4514.53135487,4318.9276349,4432.76679168,0
2025-10-12 00:00:00+00:00,4432.76619795,4484.31947051,4131.52326939,4175.8444282,0
2025-10-13 00:00:00+00:00,4175.84410403,4211.54455228,4070.26206632,4080.98436048,0
2025-10-14 00:00:00+00:00,4080.64332141,4266.49793833,4058.7720306,4156.87425066,0
2025-10-15 00:00:00+00:00,4156.70824496,4265.93820753,4096.24381675,4224.56444036,0
2025-10-16 00:00:00+00:00,4224.56450288,4280.62362849,4170.08734837,4247.05808784,0
2025-10-17 00:00:00+00:00,4247.0576996,4375.57243971,4218.84414967,4288.44733958,0
2025-10-18 00:00:00+00:00,4288.44711579,4290.82056539,4194.90049493,4235.13610257,0
2025-10-19 00:00:00+00:00,4235.12263196,4260.9153805,4173.12089627,4211.11690542,0
2025-10-20 00:00:00+00:00,4211.14231016,4303.01350809,4196.2199557,4250.60636715,0
2025-10-21 00:00:00+00:00,4250.59922124,4316.13573036,4243.05118849,4288.31136995,0
2025-10-22 00:00:00+00:00,4288.35180354,4377.6952842,4271.95290694,4324.7831197,0
2025-10-23 00:00:00+00:00,4324.78564476,4342.9494457,4281.94582629,4323.14933823,0
2025-10-24 00:00:00+00:00,4323.13994636,4330.50335537,4256.90009579,4287.89195886,0
2025-10-25 00:00:00+00:00,4287.90977111,4310.92792063,4265.92105567,4279.53207106,0
2025-10-26 00:00:00+00:00,4279.54825588,4293.34327731,4213.99677212,4227.18020176,0
2025-10-27 00:00:00+00:00,4227.17296905,4268.05711683,4186.86908429,4244.01716907,0
2025-10-28 00:00:00+00:00,4244.03089547,4348.39390482,4225.55111971,4315.36518224,0
2025-10-29 00:00:00+00:00,4315.36585364,4317.83616817,4219.58325842,4251.04274938,0
2025-10-30 00:00:00+00:00,4250.97909315,4390.22494589,4224.63483556,4334.41038064,0
2025-10-31 00:00:00+00:00,4334.33920584,4350.84980375,4289.68284311,4316.67813118,0
2025-11-01 00:00:00+00:00,4316.68413246,4337.64798886,4310.27236011,4314.95502389,0
2025-11-02 00:00:00+00:00,4314.9504155,4368.55770562,4309.32365519,4316.54780325,0
2025-11-03 00:00:00+00:00,4316.95535752,4599.55117527,4312.29971026,4555.29266961,0
2025-11-04 00:00:00+00:00,4555.29206472,4829.18566007,4501.42314237,4646.18795272,0
2025-11-05 00:00:00+00:00,4646.17206163,4723.22424495,4537.45013069,4567.05024388,0
2025-11-06 00:00:00+00:00,4567.02527481,4665.12487695,4530.22089503,4605.83602125,0
2025-11-07 00:00:00+00:00,4605.83949528,4652.66047495,4442.76783934,4482.09124103,0
2025-11-08 00:00:00+00:00,4482.11402317,4520.62433439,4408.42165091,4487.74306687,0
2025-11-09 00:00:00+00:00,4487.7384133,4529.75336494,4421.20789062,4432.25242488,0
2025-11-10 00:00:00+00:00,4432.23877365,4453.09325812,4380.66471355,4434.64738903,0
2025-11-11 00:00:00+00:00,4434.64044196,4530.10052364,4395.27407429,4527.67218852,0
2025-11-12 00:00:00+00:00,4527.66573588,4532.10316307,4444.89500635,4481.64083892,0
2025-11-13 00:00:00+00:00,4481.62515549,4623.04422639,4395.63467997,4583.65527476,0
2025-11-14 00:00:00+00:00,4583.59891504,4614.71629689,4421.94040921,4496.10160903,0
2025-11-15 00:00:00+00:00,4496.16940988,4511.49825268,4441.45449614,4481.80694122,0
2025-11-16 00:00:00+00:00,4481.78283967,4583.92693755,4430.75995907,4504.97517745,0
2025-11-17 00:00:00+00:00,4504.98817663,4559.33089438,4440.03636772,4514.97545388,0
2025-11-18 00:00:00+00:00,4515.00765585,4534.52992409,4380.39112696,4407.37124905,0
2025-11-19 00:00:00+00:00,4407.37287383,4553.84681299,4388.66247695,4494.12878004,0
2025-11-20 00:00:00+00:00,4494.12755193,4525.95589526,4447.68843551,4481.33445676,0
2025-11-21 00:00:00+00:00,4481.34484001,4592.73341664,4451.18181543,4548.60661118,0
2025-11-22 00:00:00+00:00,4548.59033867,4583.36065092,4517.41415082,4533.08169294,0
2025-11-23 00:00:00+00:00,4533.1616114,4558.73241246,4491.91551724,4550.06538247,0
2025-11-24 00:00:00+00:00,4550.06506608,4565.65207807,4383.34445756,4411.01362932,0
2025-11-25 00:00:00+00:00,4411.01200449,4454.56140941,4364.83734903,4371.27597758,0
2025-11-26 00:00:00+00:00,4371.27746148,4432.65464934,4369.78741827,4428.11905122,0
2025-11-27 00:00:00+00:00,4428.71932253,4513.58759987,4411.59720576,4495.19961781,0
2025-11-28 00:00:00+00:00,4495.19926553,4518.11516414,4454.82367131,4498.25855008,0
2025-11-29 00:00:00+00:00,4498.25594456,4541.60637942,4487.11563742,4537.41649768,0
2025-11-30 00:00:00+00:00,4537.42978018,4551.5325345,4498.96102532,4543.96397457,0
2025-12-01 00:00:00+00:00,4543.94157181,4644.69677371,4523.85830073,4618.83078279,0
2025-12-02 00:00:00+00:00,4618.85906666,4659.44635215,4525.68123219,4565.7086758,0
2025-12-03 00:00:00+00:00,4565.6968272,4591.31937873,4455.4284823,4458.77223101,0
2025-12-04 00:00:00+00:00,4458.77318012,4521.77169838,4419.92381337,4504.71752059,0
2025-12-05 00:00:00+00:00,4504.71394829,4544.95672575,4459.67024003,4520.42495978,0
2025-12-06 00:00:00+00:00,4520.41698363,4540.52884936,4495.73509459,4498.78490918,0
2025-12-07 00:00:00+00:00,4498.78050802,4572.62813279,4481.40690955,4537.2387655,0
2025-12-08 00:00:00+00:00,4537.23139736,4541.88352681,4438.93905559,4481.36583058,0
2025-12-09 00:00:00+00:00,4481.36645485,4496.2974045,4367.8793151,4409.66054615,0
2025-12-10 00:00:00+00:00,4409.66020163,4435.16353604,4365.77592112,4423.94168657,0
2025-12-11 00:00:00+00:00,4423.94800811,4530.20668818,4421.08860667,4518.27017897,0
2025-12-12 00:00:00+00:00,4518.26036183,4581.44348118,4486.13277824,4551.61045595,0
2025-12-13 00:00:00+00:00,4551.60521886,4553.09899842,4494.69545042,4509.57380913,0
2025-12-14 00:00:00+00:00,4509.55878885,4522.57426079,4483.11178697,4500.76013282,0
2025-12-15 00:00:00+00:00,4500.7846375,4578.13796141,4469.17660541,4540.28641363,0
2025-12-16 00:00:00+00:00,4540.34245279,4608.97527398,4529.27478195,4585.56566493,0
2025-12-17 00:00:00+00:00,4585.58106564,4706.60372338,4563.63949331,4690.32587089,0
2025-12-18 00:00:00+00:00,4690.33808842,4746.87291914,4653.52176304,4713.1584596,0
2025-12-19 00:00:00+00:00,4713.16783069,4739.62965749,4593.31622408,4620.90444685,0
2025-12-20 00:00:00+00:00,4620.90800071,4638.75558414,4604.7346195,4628.06065532,0
2025-12-21 00:00:00+00:00,4628.06080423,4656.51048602,4616.79429549,4630.14951765,0
2025-12-22 00:00:00+00:00,4630.20971876,4660.1884472,4603.53130793,4629.22042909,0
2025-12-23 00:00:00+00:00,4629.24558238,4682.88304076,4616.26448555,4643.51746763,0
2025-12-24 00:00:00+00:00,4643.51790043,4685.70248968,4639.34933312,4678.27332735,0
2025-12-25 00:00:00+00:00,4678.28066431,4732.24836768,4672.409149,4730.33914437,0
2025-12-26 00:00:00+00:00,4730.28181986,4735.36717079,4692.39860706,4696.51542757,0
2025-12-27 00:00:00+00:00,4696.52691832,4700.31910963,4643.20949543,4651.50718889,0
2025-12-28 00:00:00+00:00,4651.49637644,4664.63875382,4630.02699496,4642.51526527,0
2025-12-29 00:00:00+00:00,4642.80676241,4670.84638157,4611.94044518,4644.22902093,0
2025-12-30 00:00:00+00:00,4644.3205905,4686.84374643,4614.00606874,4663.23467467,0
2025-12-31 00:00:00+00:00,4663.58936002,4672.90589744,4634.6239988,4652.15257155,0
2026-01-01 00:00:00+00:00,4652.15042193,4655.12006398,4631.32243291,4641.34781922,0
2026-01-02 00:00:00+00:00,4641.3407699,4645.83764585,4502.73439955,4512.14977067,0
2026-01-03 00:00:00+00:00,4512.14759631,4544.03395779,4496.52321791,4525.74551742,0
2026-01-04 00:00:00+00:00,4525.58326584,4539.1918188,4494.24985448,4513.18979042,0
2026-01-05 00:00:00+00:00,4513.25828766,4575.52106003,4460.60833631,4468.31169698,0
2026-01-06 00:00:00+00:00,4468.31848466,4481.91595403,4393.36078837,4413.37962687,0
2026-01-07 00:00:00+00:00,4413.39952685,4474.83722218,4396.86463977,4461.43878208,0
2026-01-08 00:00:00+00:00,4461.43222466,4525.26818274,4440.34342154,4516.00970872,0
2026-01-09 00:00:00+00:00,4516.09168421,4536.71506631,4484.52536862,4521.45891852,0
2026-01-10 00:00:00+00:00,4521.45734491,4530.13115655,4506.69996617,4516.33179285,0
2026-01-11 00:00:00+00:00,4515.91295134,4526.83647554,4483.08638845,4515.02497702,0
2026-01-12 00:00:00+00:00,4515.03443489,4565.3498043,4510.28915112,4561.55123416,0
2026-01-13 00:00:00+00:00,4561.54908851,4568.25493663,4481.92853913,4497.79747476,0
2026-01-14 00:00:00+00:00,4497.79734905,4582.25198364,4467.913545,4558.80929784,0
2026-01-15 00:00:00+00:00,4558.81398992,4637.77818943,4551.62261017,4584.05819961,0
2026-01-16 00:00:00+00:00,4584.06032973,4611.40367694,4580.69095325,4587.98273463,0
2026-01-17 00:00:00+00:00,4587.98983647,4594.18428168,4543.85699978,4555.22160098,0
2026-01-18 00:00:00+00:00,4555.25206141,4583.74691203,4533.20552294,4580.09023524,0
2026-01-19 00:00:00+00:00,4580.05526306,4691.2785384,4579.56316312,4630.12625566,0
2026-01-20 00:00:00+00:00,4630.13503269,4746.51494889,4604.78383799,4711.96639752,0
2026-01-21 00:00:00+00:00,4711.94773803,4746.06149769,4641.00450454,4683.78946282,0
2026-01-22 00:00:00+00:00,4683.79281968,4735.04422842,4660.27052461,4719.88944381,0
2026-01-23 00:00:00+00:00,4719.8899319,4753.94165935,4704.79280113,4724.14089256,0
2026-01-24 00:00:00+00:00,4724.1330913,4731.55016581,4709.6298823,4718.76721731,0
2026-01-25 00:00:00+00:00,4718.72171176,4815.97957929,4694.168887,4783.91011796,0
2026-01-26 00:00:00+00:00,4783.90931479,4791.97787381,4687.17002574,4716.52758137,0
2026-01-27 00:00:00+00:00,4716.52721156,4729.25208682,4651.60700944,4654.22827929,0
2026-01-28 00:00:00+00:00,4654.22370812,4713.66334436,4650.36164305,4678.65354227,0
2026-01-29 00:00:00+00:00,4678.65335367,4763.84538159,4669.30204686,4698.27717643,0
2026-01-30 00:00:00+00:00,4697.72687727,4832.4863497,4655.68052629,4817.70152072,0
2026-01-31 00:00:00+00:00,4817.69978023,5110.42453789,4802.67051829,4919.03208898,0
