date,pnl,pnl_long,pnl_short,gross_exposure,cost,turnover,equity
2023-02-01,-0.0009644455466487835,0.0015215221191054564,-0.0014859676657542399,0.2,0.001,1.0,0.9990355544533512
2023-02-02,0.0006105986577221059,0.004373525002212797,-0.0037629263444906914,0.2,0.0,0.0,0.9996455642219171
2023-02-03,-0.0023472780672669337,-0.0013275269943854085,-0.0010197510728815252,0.2,0.0,0.0,0.9972991181139782
2023-02-04,-0.0023576119399565834,5.4448044331234516e-05,-0.0024120599842878177,0.2,0.0,0.0,0.9949478738054045
2023-02-05,-4.4010362388791075e-05,-0.00019021254699191914,0.00014620218460312807,0.2,0.0,0.0,0.9949040857889204
2023-02-06,0.0026349615407256885,-0.001697939980368135,0.004332901521093824,0.2,0.0,0.0,0.9975256197916851
2023-02-07,-0.0004081465720284223,-0.004013313221797643,0.0036051666497692206,0.2,0.0,0.0,0.9971184831294566
2023-02-08,-0.005221781629713073,0.0027129490528147618,-0.007934730682527836,0.2,0.0,0.0,0.9919117481516039
2023-02-09,-0.009898236196046106,-0.003269768274139695,-0.006628467921906411,0.2,0.0,0.0,0.9820935713827663
2023-02-10,0.005897419102507628,-0.009049099661702054,0.014946518764209682,0.2,0.0,0.0,0.987885388771089
2023-02-11,0.0041227627247303,0.0036972340489037194,0.00042552867582658084,0.2,0.0,0.0,0.99195820582822
2023-02-12,0.0004646568962492826,0.0020890322167030685,-0.0016243753204537859,0.2,0.0,0.0,0.9924191260493491
2023-02-13,-0.0010091306481157082,-0.0034782879758542442,0.002469157327738536,0.2,0.0,0.0,0.9914176454934766
2023-02-14,-0.0020561687526974627,-0.0038921607131520266,0.001835991960454564,0.2,0.0,0.0,0.9893791235099401
2023-02-15,0.0016676153472682037,0.004329180707696701,-0.0026615653604284972,0.2,0.0,0.0,0.991029027320572
2023-02-16,0.0034236697607955124,0.01538301894602352,-0.011959349185228008,0.2,0.0,0.0,0.99442198343348
2023-02-17,0.0005309750377259564,-0.007189345868627572,0.007720320906353529,0.2,0.0,0.0,0.9949499966836491
2023-02-18,0.0046049366215584085,0.010701234190622766,-0.006096297569064358,0.2,0.0,0.0,0.999531678359997
2023-02-19,-0.002495541113873889,0.002313311328991441,-0.00480885244286533,0.2,0.0,0.0,0.9970373059620303
2023-02-20,0.012499878437710632,0.012103787727600146,0.000396090710110486,0.2,0.0,0.0,1.0095001510844182
2023-02-21,0.001281105276495254,0.005855654121885468,-0.004574548845390214,0.2,0.0,0.0,1.010793427054595
2023-02-22,0.005385327285162323,0.0005493828082041574,0.004835944476958166,0.2,0.0,0.0,1.0162368804769748
2023-02-23,-0.0005653196574129664,-0.0027399274957910173,0.002174607838378051,0.2,0.0,0.0,1.015662381791853
2023-02-24,-0.0033472618033559493,-0.004623702161104626,0.0012764403577486762,0.2,0.0,0.0,1.0122626938961756
2023-02-25,-0.005098333675253631,-0.011490779578815214,0.006392445903561583,0.2,0.0,0.0,1.0071018409156818
2023-02-26,-0.001034216863434745,-0.0021059478601978656,0.0010717309967631205,0.2,0.0,0.0,1.0060602792086106
2023-02-27,-8.483735500086718e-06,0.0035955060447343313,-0.003603989780234418,0.2,0.0,0.0,1.0060517440593046
2023-02-28,-0.0009637842858127744,-0.0019831914715956467,0.0010194071857828723,0.2,0.0,0.0,1.0050821271976658
2023-03-01,0.003429269276331126,-0.0016092638863911214,0.0050385331627222476,0.2,0.0,0.0,1.0085288244566544
2023-03-02,-0.003553592534308381,0.00048498735696878015,-0.004038579891277161,0.2,0.0,0.0,1.0049449239554304
2023-03-03,0.0016060400606708327,-0.0010369229276983472,0.00264296298836918,0.2,0.0,0.0,1.0065589057620705
2023-03-04,0.0011411598810468944,-0.00581150834139732,0.0069526682224442145,0.2,0.0,0.0,1.0077075504032367
2023-03-05,0.003250749114742435,0.0008650095421348869,0.002385739572607548,0.2,0.0,0.0,1.0109833548306293
2023-03-06,-0.0010904326769387686,-0.0018806254305949845,0.0007901927536562159,0.2,0.0,0.0,1.0098809455446809
2023-03-07,0.0002654056730999831,0.0013413124357056772,-0.001075906762605694,0.2,0.0,0.0,1.010148973676784
2023-03-08,0.0037892185918902534,0.0012039045627372015,0.002585314029153052,0.2,0.0,0.0,1.0139766489484188
2023-03-09,0.0032443939476552884,-0.004869249881056537,0.008113643828711825,0.2,0.0,0.0,1.0172663886513307
2023-03-10,-0.0008343560400255745,-0.0034854614230000695,0.002651105382974495,0.2,0.0,0.0,1.0164176262956444
2023-03-11,0.00039954547697449436,0.001040395288868612,-0.0006408498118941176,0.2,0.0,0.0,1.016823731360948
2023-03-12,-0.003046296263570847,-0.0033775410397523077,0.00033124477618146075,0.2,0.0,0.0,1.013726185027393
2023-03-13,-0.002813949000189853,0.005768624408123358,-0.008582573408313211,0.2,0.0,0.0,1.010873611242569
2023-03-14,0.0015179565841793481,0.005812035389741599,-0.004294078805562251,0.2,0.0,0.0,1.0124080734965277
2023-03-15,-0.00612638727723398,-0.0017793110691241454,-0.004347076208109835,0.2,0.0,0.0,1.0062056695556896
2023-03-16,0.007126876937289306,-0.0019623333389012453,0.009089210276190552,0.2,0.0,0.0,1.0133767735362158
2023-03-17,0.0006930276564289127,0.0032420420643396453,-0.0025490144079107326,0.2,0.0,0.0,1.0140790716666592
2023-03-18,-0.0077035372567563435,0.001835963063619528,-0.009539500320375871,0.2,0.0,0.0,1.0062670757567782
2023-03-19,-0.00038030496537389035,-0.003959987224615525,0.0035796822592416345,0.2,0.0,0.0,1.0058843873913756
2023-03-20,0.002554803338574896,0.005873177452659939,-0.0033183741140850433,0.2,0.0,0.0,1.0084542241825036
2023-03-21,0.0038321571188600022,-0.0032476675853028492,0.0070798247041628515,0.2,0.0,0.0,1.012318779216749
2023-03-22,-0.0005939913014297192,0.0031917591205023357,-0.003785750421932055,0.2,0.0,0.0,1.0117174706676202
2023-03-23,0.0014277405872017762,-0.004211604297959737,0.005639344885161513,0.2,0.0,0.0,1.0131619407632735
2023-03-24,-0.00034146480695431726,0.004309209800922131,-0.0046506746078764484,0.2,0.0,0.0,1.0128159816167572
2023-03-25,-0.0010391480023482667,-0.005000564072322256,0.003961416069973989,0.2,0.0,0.0,1.0117635159127139
2023-03-26,0.0017540381958219499,-0.00018829014610698415,0.001942328341928934,0.2,0.0,0.0,1.0135381877647638
2023-03-27,0.0017689556176357923,0.0030721965355712034,-0.001303240917935411,0.2,0.0,0.0,1.0153310918356988
2023-03-28,0.0019197438670901065,-0.0038090052074828853,0.005728749074572992,0.2,0.0,0.0,1.0172802674723163
2023-03-29,-0.0010092325506940946,0.001066148250506993,-0.0020753808012010876,0.2,0.0,0.0,1.0162535951132043
2023-03-30,-0.004888388486911289,0.0012577371529776784,-0.006146125639888967,0.2,0.0,0.0,1.0112857527390706
2023-03-31,0.005375652271014231,0.0015700784720560801,0.003805573798958151,0.2,0.0,0.0,1.0167220732924267
2023-04-01,-0.0027546682223630547,0.0007123189978069489,-0.0034669872201700037,0.2,0.0,0.0,1.013921341306153
2023-04-02,0.0027704478332545527,0.0024644395936316956,0.00030600823962285696,0.2,0.0,0.0,1.0167303574892652
2023-04-03,0.0010210182196281003,-0.002328986196345151,0.0033500044159732512,0.2,0.0,0.0,1.017768457708711
2023-04-04,-0.0019831135624050703,-0.0005734794897300888,-0.0014096340726749814,0.2,0.0,0.0,1.0157501072768407
2023-04-05,-0.0016002106487834622,0.0007980525236538361,-0.0023982631724372983,0.2,0.0,0.0,1.0141246931386734
2023-04-06,-0.001902274563587214,-0.00023832368389139493,-0.0016639508796958192,0.2,0.0,0.0,1.0121955495306099
2023-04-07,0.0002789634949394882,-0.001769079127411577,0.002048042622351065,0.2,0.0,0.0,1.012477915138669
2023-04-08,-0.0015012751820162595,7.168086525652929e-05,-0.001572956047272789,0.2,0.0,0.0,1.0109579071723316
2023-04-09,0.004973302075819631,0.0025763890925202485,0.002396912983299382,0.2,0.0,0.0,1.0159857062306379
2023-04-10,-0.0009209671065622206,0.0011276296036700107,-0.0020485967102322313,0.2,0.0,0.0,1.015050016814462
2023-04-11,0.0020175822689015854,0.004592013404058149,-0.0025744311351565633,0.2,0.0,0.0,1.0170979637304352
2023-04-12,-0.0019899176146848,-0.002408079470723146,0.000418161856038346,0.2,0.0,0.0,1.015074022576548
2023-04-13,-0.00949987769843489,-0.0009112642426040929,-0.008588613455830797,0.2,0.0,0.0,1.0054309435072124
2023-04-14,0.003387049180658153,0.0021808425037548097,0.001206206676903343,0.2,0.0,0.0,1.008836387560627
2023-04-15,0.0007609454188041375,0.0015866131867691147,-0.0008256677679649772,0.2,0.0,0.0,1.0096040569880642
2023-04-16,-0.005087196773409819,-0.0007344162998082493,-0.00435278047360157,0.2,0.0,0.0,1.004468002486933
2023-04-17,-0.000595480521087699,-0.0002998707184863725,-0.00029560980260132655,0.2,0.0,0.0,1.0038698613573962
2023-04-18,0.0010281084964301802,-0.0004448652127698627,0.001472973709200043,0.2,0.0,0.0,1.0049019484911679
2023-04-19,-0.001747976171839194,0.0005366656461803344,-0.0022846418180195284,0.2,0.0,0.0,1.0031454038301706
2023-04-20,0.0007801248634440421,-0.007482076701249108,0.00826220156469315,0.2,0.0,0.0,1.003927982501348
2023-04-21,-0.0003741060952446862,-0.005184613855776766,0.0048105077605320795,0.2,0.0,0.0,1.0035524069239077
2023-04-22,0.004223432410995021,-0.001677040026204657,0.005900472437199678,0.2,0.0,0.0,1.0077908426854423
2023-04-23,-0.0004923752315725062,0.0008394123437177603,-0.0013317875752902665,0.2,0.0,0.0,1.0072946314358984
2023-04-24,0.0015798350715460318,-0.00019042044292691963,0.0017702555144729515,0.2,0.0,0.0,1.008885990822021
2023-04-25,0.0032516801017892895,0.001576016796721036,0.0016756633050682536,0.2,0.0,0.0,1.0121665653233507
2023-04-26,-0.004707465813651935,-0.0003013660108659666,-0.004406099802785968,0.2,0.0,0.0,1.0074018258193695
2023-04-27,0.004489579922190946,0.0004952562512217318,0.0039943236709692135,0.2,0.0,0.0,1.0119246368301467
2023-04-28,-0.0005463314475690152,0.001339668270356853,-0.0018859997179258682,0.2,0.0,0.0,1.0113717905784765
2023-04-29,-0.0003206967232160962,-0.0006903367561458817,0.00036964003292978554,0.2,0.0,0.0,1.0110474469592847
2023-04-30,-0.0021645922148306076,-0.0012178621982537941,-0.0009467300165768134,0.2,0.0,0.0,1.0088589415267724
2023-05-01,0.0029249063290360147,0.003173036487298142,-0.0002481301582621276,0.2,0.0,0.0,1.0118097594299484
2023-05-02,0.014276593694460594,0.009027988189532854,0.005248605504927739,0.2,0.0,0.0,1.0262549562614198
2023-05-03,-0.0037635937195825146,-0.003870525923485824,0.00010693220390330938,0.2,0.0,0.0,1.022392549553344
2023-05-04,-0.003143545894177757,0.00043624164345301697,-0.003579787537630774,0.2,0.0,0.0,1.0191786116519577
2023-05-05,0.0018935823310815448,-0.0013025458795206891,0.003196128210602234,0.2,0.0,0.0,1.021108510263198
2023-05-06,-0.00161646095755954,-0.00021721354292982833,-0.0013992474146297118,0.2,0.0,0.0,1.019457928222926
2023-05-07,0.002687453377891502,-0.0024118817544172113,0.0050993351323087134,0.2,0.0,0.0,1.022197673875747
2023-05-08,0.0014544512580909053,0.00010798615116613952,0.0013464651069247657,0.2,0.0,0.0,1.0236844105685332
2023-05-09,0.001504851782636785,-0.00448169946127146,0.005986551243908245,0.2,0.0,0.0,1.0252249038786347
2023-05-10,0.001329509817263286,2.7010931656912263e-05,0.0013024988856063736,0.2,0.0,0.0,1.026587950453244
2023-05-11,-0.002635138724039854,-8.858524613480911e-05,-0.002546553477905045,0.2,0.0,0.0,1.023882748791372
2023-05-12,0.0008881683781834298,-0.00303393225263604,0.00392210063081947,0.2,0.0,0.0,1.024792129071816
2023-05-13,-0.0024676227471247536,0.0007430438291793351,-0.0032106665763040887,0.2,0.0,0.0,1.022263328703044
2023-05-14,-0.00282587427055897,-0.002244496198370427,-0.0005813780721885431,0.2,0.0,0.0,1.0193745410647261
2023-05-15,-0.0007337351375140021,-0.0010270493669955027,0.00029331422948150057,0.2,0.0,0.0,1.0186265901456597
2023-05-16,0.0007001707188307505,0.0010997184460970644,-0.00039954772726631395,0.2,0.0,0.0,1.0193398026575022
2023-05-17,-0.00020539979428465524,-0.00047400332370939324,0.000268603529424738,0.2,0.0,0.0,1.0191304304717301
2023-05-18,-0.0007526336068319761,0.0018596684791646334,-0.0026123020859966095,0.2,0.0,0.0,1.018363398660012
2023-05-19,0.000714445768763927,-0.0018520588607271128,0.00256650462949104,0.2,0.0,0.0,1.0190909640812489
2023-05-20,0.0006487198175180177,0.0012474847720503448,-0.0005987649545323271,0.2,0.0,0.0,1.019752068585502
2023-05-21,-0.0014207689876533868,-0.0011342837090910218,-0.0002864852785623651,0.2,0.0,0.0,1.0183032364713602
2023-05-22,0.002768565292313918,-0.0008102652351268503,0.0035788305274407684,0.2,0.0,0.0,1.0211224754689059
2023-05-23,0.001959956650037698,0.0020040244515940444,-4.406780155634671e-05,0.2,0.0,0.0,1.023123831255204
2023-05-24,-0.0035346991444012103,-0.001132973963706685,-0.0024017251806945253,0.2,0.0,0.0,1.0195073963242498
2023-05-25,0.004565032214966835,-9.54549966967866e-05,0.004660487211663622,0.2,0.0,0.0,1.024161480431867
2023-05-26,0.0009976925828351303,0.00026580373396074554,0.0007318888488743847,0.2,0.0,0.0,1.0251832787445194
2023-05-27,0.0010077720982872185,0.0021159772187617555,-0.001108205120474537,0.2,0.0,0.0,1.0262164298484688
2023-05-28,-0.004310305408220905,-0.0007126213907004076,-0.0035976840175204975,0.2,0.0,0.0,1.021793123620888
2023-05-29,-0.001601507125886248,0.0004059717276337471,-0.002007478853519995,0.2,0.0,0.0,1.0201567146522275
2023-05-30,0.0018550861418346277,-0.0005545438824203109,0.0024096300242549386,0.2,0.0,0.0,1.0220491932360785
2023-05-31,0.0006152232192115693,-0.000619368550957955,0.0012345917701695242,0.2,0.0,0.0,1.0226779816309337
2023-06-01,0.0005205414514780848,-0.001675705615681733,0.0021962470671598178,0.2,0.0,0.0,1.0232103279118867
2023-06-02,-0.000816898011930145,-0.0025015500050163176,0.0016846519930861727,0.2,0.0,0.0,1.0223744694292292
2023-06-03,-0.003606013121946728,0.0009974801842654868,-0.004603493306212215,0.2,0.0,0.0,1.018687773676924
2023-06-04,0.0022784240943115484,0.002157634448313961,0.00012078964599758768,0.2,0.0,0.0,1.02100877644505
2023-06-05,-0.0011115086156799569,-0.0008307575798264799,-0.00028075103585347707,0.2,0.0,0.0,1.0198739163933463
2023-06-06,0.004322412318034031,-0.0029645241029446546,0.007286936420978685,0.2,0.0,0.0,1.0242822319724065
2023-06-07,-0.000619291900473895,0.0014080795334945773,-0.0020273714339684723,0.2,0.0,0.0,1.0236479022823466
2023-06-08,0.003668469450356538,-0.003859975619188416,0.007528445069544954,0.2,0.0,0.0,1.027403123339791
2023-06-09,-0.0025727611652394235,-0.0028401196676060003,0.000267358502366577,0.2,0.0,0.0,1.0247598604830166
2023-06-10,-0.0016181955450261356,-0.003478067877163027,0.0018598723321368916,0.2,0.0,0.0,1.0231015986420613
2023-06-11,0.008888870416992722,-0.004313495424754488,0.01320236584174721,0.2,0.0,0.0,1.0321958161758087
2023-06-12,-0.0010983925878511492,-0.0009482045812232332,-0.00015018800662791598,0.2,0.0,0.0,1.0310620599421103
2023-06-13,1.674608005923777e-05,-0.000604657522272134,0.0006214036023313718,0.2,0.0,0.0,1.0310793261899123
2023-06-14,-0.0011936712545000394,-0.0013226071433829257,0.0001289358888828862,0.2,0.0,0.0,1.0298485564371302
2023-06-15,0.0010281314423321363,-0.0009544176681105965,0.0019825491104427328,0.2,0.0,0.0,1.0309073761188436
2023-06-16,-0.001987110804131176,-0.0003063094292647395,-0.0016808013748664365,0.2,0.0,0.0,1.0288588489336994
2023-06-17,-0.0017224411018395003,0.0,-0.0017224411018395003,0.2,0.0,0.0,1.0270867001643047
2023-06-18,-0.003521252089412674,0.0,-0.003521252089412674,0.2,0.0,0.0,1.023470068975343
2023-06-19,0.0014566571826930886,0.0,0.0014566571826930886,0.2,0.0,0.0,1.0249609140025875
2023-06-20,0.0018906050036053281,0.0017717913983057,0.00011881360529962804,0.2,0.0,0.0,1.0268987102351008
2023-06-21,-0.004765011802884978,0.0,-0.004765011802884978,0.2,0.0,0.0,1.0220055257604632
2023-06-22,0.0007137514863319481,0.004060647053745203,-0.003346895567413255,0.2,0.0,0.0,1.0227349837235142
2023-06-23,-0.0033134531836155,-0.004321913462431437,0.001008460278815937,0.2,0.0,0.0,1.0193461992357005
2023-06-24,-0.002958319168011592,0.0010228446538047332,-0.003981163821816325,0.2,0.0,0.0,1.0163306478356617
2023-06-25,-0.003218138249349689,-0.0006387956414076745,-0.0025793426079420145,0.2,0.0,0.0,1.0130599553038755
2023-06-26,0.0007936035204912152,-0.0002163787809239648,0.00100998230141518,0.2,0.0,0.0,1.0138639232508733
2023-06-27,-0.005772069507150746,0.0003641609039977123,-0.0061362304111484585,0.2,0.0,0.0,1.0080118302150767
2023-06-28,-0.000792378673948524,-0.001232480408872827,0.0004401017349243031,0.2,0.0,0.0,1.0072131031377265
2023-06-29,0.003381679474510746,-0.0044430513900040715,0.007824730864514818,0.2,0.0,0.0,1.0106191750150657
2023-06-30,0.005301526107608179,0.004359232166509486,0.0009422939410986931,0.2,0.0,0.0,1.0159769989562575
2023-07-01,-0.0046214173923468166,-0.0021621779740699123,-0.002459239418276904,0.2,0.0,0.0,1.0112817451830567
2023-07-02,-0.0051006351126847045,0.0018576404996397677,-0.006958275612324472,0.2,0.0,0.0,1.006123566004759
2023-07-03,0.0005590528666638782,-0.0004521835580035716,0.0010112364246674499,0.2,0.0,0.0,1.006686042268552
2023-07-04,0.004075402591096889,0.0032666155347993667,0.0008087870562975219,0.2,0.0,0.0,1.0107886931736343
2023-07-05,0.002690083715342473,-0.0010278633818080697,0.0037179470971505425,0.2,0.0,0.0,1.013507799376793
2023-07-06,0.0012176408577895038,-0.0021431931413587236,0.0033608339991482274,0.2,0.0,0.0,1.0147418878830023
2023-07-07,0.003346566420012476,0.0007827992488915526,0.002563767171120923,0.2,0.0,0.0,1.0181377890099716
2023-07-08,-0.00027312751210240016,0.00069273521069122,-0.0009658627227936202,0.2,0.0,0.0,1.017859707568682
2023-07-09,-0.004124537780039428,-5.1983153897805503e-05,-0.004072554626141623,0.2,0.0,0.0,1.013661506750035
2023-07-10,0.003540918820288641,-0.0006802088915900062,0.004221127711878647,0.2,0.0,0.0,1.0172507998566882
2023-07-11,0.000904856584686109,0.0010971915130471466,-0.00019233492836103763,0.2,0.0,0.0,1.0181712659412157
2023-07-12,0.002326686341583906,0.00239247887013796,-6.579252855405393e-05,0.2,0.0,0.0,1.020540231119074
2023-07-13,0.005729626015648881,0.005915003319348977,-0.0001853773037000961,0.2,0.0,0.0,1.0263875449773103
2023-07-14,-0.008147063835393055,0.001919639495216985,-0.010066703330610039,0.2,0.0,0.0,1.0180255001285279
2023-07-15,-0.005155190068972759,-0.0027114400689062235,-0.002443750000066536,0.2,0.0,0.0,1.0127773851803041
2023-07-16,0.0014111516858324347,0.000636863787032449,0.0007742878987999857,0.2,0.0,0.0,1.0142065676947742
2023-07-17,0.0029792646820508083,-3.067981728173131e-05,0.00300994449933254,0.2,0.0,0.0,1.0172281575022113
2023-07-18,-0.006568566556262235,-0.003037673951162523,-0.0035308926050997115,0.2,0.0,0.0,1.010546426646754
2023-07-19,0.0002322012898392401,-0.001696799169100205,0.001929000458939445,0.2,0.0,0.0,1.010781076830464
2023-07-20,0.002272747244437168,0.0022258128540671553,4.693439037001257e-05,0.2,0.0,0.0,1.0130783267375596
2023-07-21,-0.006291995395439898,-0.0023580550506944187,-0.003933940344745479,0.2,0.0,0.0,1.006704042570507
2023-07-22,0.00239025592822294,-0.0005275393178768017,0.0029177952460997417,0.2,0.0,0.0,1.009110322876227
2023-07-23,0.0014631188621487602,-0.0014350944825587521,0.0028982133447075123,0.2,0.0,0.0,1.0105867712236163
2023-07-24,-0.001269849128282341,9.387364324626725e-05,-0.0013637227715286083,0.2,0.0,0.0,1.0093034784931243
2023-07-25,0.0026750747739780144,-0.0025028313071202347,0.005177906081098249,0.2,0.0,0.0,1.0120034407677296
2023-07-26,-0.0014984911103821052,-0.003901794157240446,0.002403303046858341,0.2,0.0,0.0,1.010486962608063
2023-07-27,-0.0004164346585943114,0.000871536084100133,-0.0012879707426944444,0.2,0.0,0.0,1.0100661608147754
2023-07-28,-0.003139350640459582,-0.002190427138583262,-0.0009489235018763199,0.2,0.0,0.0,1.0068952089659151
2023-07-29,-0.0005458467691266567,0.0004085133038682631,-0.0009543600729949198,0.2,0.0,0.0,1.006345598469252
2023-07-30,-0.0015146861014913805,-0.00042247234023898853,-0.001092213761252392,0.2,0.0,0.0,1.0048213007779536
2023-07-31,0.000457723739881355,-0.0003210550008346247,0.0007787787407159797,0.2,0.0,0.0,1.0052812313416581
2023-08-01,2.0890181118604677e-05,-0.0018548385297007975,0.0018757287108194022,0.2,0.0,0.0,1.005302231848656
2023-08-02,0.0030091429907833866,0.005965592797136332,-0.0029564498063529457,0.2,0.0,0.0,1.0083273300132423
2023-08-03,0.0014700195502889923,0.0005965356915347275,0.0008734838587542648,0.2,0.0,0.0,1.0098095909014524
2023-08-04,0.0019118875076051367,-0.0007579638365314723,0.002669851344136609,0.2,0.0,0.0,1.0117402332433567
2023-08-05,0.0011450232280842188,-0.0003674994092039086,0.0015125226372881273,0.2,0.0,0.0,1.0128986993112077
2023-08-06,-0.0033410706052160013,-0.0023965243264326475,-0.0009445462787833537,0.2,0.0,0.0,1.0095145332408775
2023-08-07,0.0008479831111891102,-0.0004244868682422798,0.00127246997943139,0.2,0.0,0.0,1.0103705845155657
2023-08-08,0.0006238015128163577,0.0007066638258787839,-8.28623130624262e-05,0.2,0.0,0.0,1.0110008552146916
2023-08-09,-0.0014784198328996912,0.00029950198434158803,-0.0017779218172412792,0.2,0.0,0.0,1.0095061714992637
2023-08-10,-0.002219804362174471,-0.0030153146740527826,0.0007955103118783114,0.2,0.0,0.0,1.0072652652961276
2023-08-11,0.0009193948429767286,-0.00015972188131069265,0.0010791167242874212,0.2,0.0,0.0,1.0081913397865503
2023-08-12,-0.0005387429114117159,-0.0006996715173726798,0.00016092860596096382,0.2,0.0,0.0,1.0076481838488935
2023-08-13,-0.0024967361619836594,-0.0018016532785246288,-0.0006950828834590306,0.2,0.0,0.0,1.0051323521897209
2023-08-14,0.0005239753569660665,0.000571834909074842,-4.785955210877546e-05,0.2,0.0,0.0,1.0056590167727577
2023-08-15,0.0013619595984492472,0.0007622684614261744,0.0005996911370230729,0.2,0.0,0.0,1.0070286837234184
2023-08-16,0.0011022789350569216,-0.002942225691223277,0.004044504626280199,0.2,0.0,0.0,1.008138710228485
2023-08-17,0.00438566898617614,-0.0010675708532816852,0.005453239839457825,0.2,0.0,0.0,1.0125600729036974
2023-08-18,-0.0022108605959162975,-0.010034582488201826,0.007823721892285529,0.2,0.0,0.0,1.0103214437375165
2023-08-19,-0.0034585827218433954,-0.001121251515859567,-0.0023373312059838283,0.2,0.0,0.0,1.006827163448698
2023-08-20,9.726259441247267e-05,0.0021093530369354686,-0.002012090442522996,0.2,0.0,0.0,1.00692509007074
2023-08-21,-0.000348228188359101,-0.00010031250842276186,-0.00024791567993633914,0.2,0.0,0.0,1.0065744503708114
2023-08-22,0.0032160322598578706,0.0001467005610873651,0.0030693316987705057,0.2,0.0,0.0,1.0098116262751526
2023-08-23,-0.009299318479705231,-0.006306486273166334,-0.002992832206538898,0.2,0.0,0.0,1.000421066357911
2023-08-24,-0.0017993524606915836,0.001995023716518274,-0.0037943761772098574,0.2,0.0,0.0,0.9986209562504321
2023-08-25,0.0038385970488655666,0.002546230414398587,0.0012923666344669795,0.2,0.0,0.0,1.0024542597060302
2023-08-26,-0.0022094027567485354,-0.0026362707877010116,0.00042686803095247643,0.2,0.0,0.0,1.0002394345011214
2023-08-27,-0.0007830452588614923,-0.0005733707430093272,-0.00020967451585216513,0.2,0.0,0.0,0.999456201754209
2023-08-28,0.0010026516463177205,-0.00023973794066234344,0.001242389586980064,0.2,0.0,0.0,1.0004583081603204
2023-08-29,-0.005183318160065819,-0.003715351145058221,-0.0014679670150075986,0.2,0.0,0.0,0.9952726144432443
2023-08-30,0.007898318876381195,0.010470949736314862,-0.002572630859933667,0.2,0.0,0.0,1.0031335949210467
2023-08-31,-0.0018573094364871647,-0.0035856986903266444,0.0017283892538394797,0.2,0.0,0.0,1.0012704654291424
2023-09-01,-0.0012487450791485947,-0.0053904690441557105,0.004141723965007116,0.2,0.0,0.0,1.000020133862541
2023-09-02,0.0015496294305763826,-0.0006633124939769198,0.0022129419245533024,0.2,0.0,0.0,1.0015697944931432
2023-09-03,0.003317829012292439,0.002594897742555169,0.0007229312697372703,0.2,0.0,0.0,1.0048928318151482
2023-09-04,-0.0005221079824265118,4.603159741820573e-05,-0.0005681395798447175,0.2,0.0,0.0,1.0043681692461743
2023-09-05,-0.0001770687049308051,-0.0001918523723043908,1.478366737358572e-05,0.2,0.0,0.0,1.0041903270751722
2023-09-06,4.3010476742555437e-05,0.0001415910637651452,-9.858058702258977e-05,0.2,0.0,0.0,1.00423351777988
2023-09-07,-0.0020249507727076455,-0.0018334254916966388,-0.00019152528101100687,0.2,0.0,0.0,1.0021999943420727
2023-09-08,-0.0014360530966608387,0.0005526378118340114,-0.00198869090849485,0.2,0.0,0.0,1.0007607819367244
2023-09-09,-0.0013002280373059173,-0.0013623266256588718,6.209858835295457e-05,0.2,0.0,0.0,0.9994595647094141
2023-09-10,-0.0013384159282821553,-0.00015384202388001313,-0.0011845739044021421,0.2,0.0,0.0,0.998121872108333
2023-09-11,-0.0015470760911139195,-0.0027030597699282625,0.001155983678814343,0.2,0.0,0.0,0.9965777016239763
2023-09-12,0.002404845703713454,-0.002027486468263684,0.004432332171977138,0.2,0.0,0.0,0.9989743172281432
2023-09-13,0.0046432829237958995,0.0019124243563465315,0.002730858567449368,0.2,0.0,0.0,1.0036128376166393
2023-09-14,-0.0025189376633816154,-0.0006690800674119202,-0.0018498575959696951,0.2,0.0,0.0,1.0010847994405134
2023-09-15,0.001589930421578445,0.003079634728656755,-0.0014897043070783102,0.2,0.0,0.0,1.0026764546177238
2023-09-16,-0.005427662659626764,-0.003378643328431175,-0.0020490193311955896,0.2,0.0,0.0,0.9972342650653082
2023-09-17,-0.00033773159556661493,-0.00034629389127873724,8.562295712122304e-06,0.2,0.0,0.0,0.996897467545814
2023-09-18,0.0032844095157026024,0.00031336654796292334,0.002971042967739679,0.2,0.0,0.0,1.0001716870744013
2023-09-19,0.0004906459687373577,0.0007337839246810197,-0.00024313795594366194,0.2,0.0,0.0,1.0006624172807095
2023-09-20,-0.0027940910133061993,-0.000683038874248465,-0.002111052139057734,0.2,0.0,0.0,0.9978664754132323
2023-09-21,0.00029481442213908916,0.0002412872775845676,5.352714455452157e-05,0.2,0.0,0.0,0.9981606608415532
2023-09-22,-0.0012483901141885356,-0.0009227798633711482,-0.0003256102508173875,0.2,0.0,0.0,0.9969145669401867
2023-09-23,-0.000989734741121895,-0.0012828253798590206,0.0002930906387371257,0.2,0.0,0.0,0.9959278859593556
2023-09-24,-0.0006226876899930289,-0.001157278857259203,0.0005345911672661741,0.2,0.0,0.0,0.9953077339246479
2023-09-25,0.0029846768033391924,0.0010575971146628228,0.0019270796886763698,0.2,0.0,0.0,0.9982784058302769
2023-09-26,-0.003995325719003607,-0.0033273035126068387,-0.0006680222063967678,0.2,0.0,0.0,0.9942899584407373
2023-09-27,0.0009989533431966958,-0.0010181519906252712,0.002017105333821967,0.2,0.0,0.0,0.9952832077188285
2023-09-28,-0.0007543951646039938,-0.0010541084572735393,0.0002997132926695456,0.2,0.0,0.0,0.9945323708795138
2023-09-29,-0.0024193606941631087,0.00047862658602886303,-0.0028979872801919715,0.2,0.0,0.0,0.992126238352335
2023-09-30,-0.0017795416496653505,-0.0004400825170708944,-0.0013394591325944561,0.2,0.0,0.0,0.9903607083894613
2023-10-01,0.0006406499007107324,0.0016592202232689202,-0.0010185703225581877,0.2,0.0,0.0,0.9909951828789589
2023-10-02,-0.0021810879928524153,0.000237406515672145,-0.0024184945085245603,0.2,0.0,0.0,0.988833735184607
2023-10-03,0.005811076724121057,0.001994361577838122,0.003816715146282934,0.2,0.0,0.0,0.994579923887164
2023-10-04,-0.0009797905540868679,-0.0025436052353983497,0.0015638146813114818,0.2,0.0,0.0,0.9936054438724549
2023-10-05,0.0010909325662068704,0.001081019182904064,9.913383302806444e-06,0.2,0.0,0.0,0.9946894004091359
2023-10-06,0.003743426188134924,0.001403266502254863,0.002340159685880061,0.2,0.0,0.0,0.9984129467596876
2023-10-07,-0.0015657855739783068,0.00034104886056025575,-0.0019068344345385625,0.2,0.0,0.0,0.9968496461707781
2023-10-08,-0.0014946200693982115,-0.0017008337301493205,0.00020621366075110892,0.2,0.0,0.0,0.9953597346834387
2023-10-09,0.0017220437623891582,0.0019878463065722274,-0.00026580254418306914,0.2,0.0,0.0,0.9970737877058838
2023-10-10,0.0023527556625270616,-0.002525976855232326,0.004878732517759388,0.2,0.0,0.0,0.9994196587058662
2023-10-11,0.00010829378563972372,0.0004000963055286411,-0.00029180251988891737,0.2,0.0,0.0,0.9995278896441504
2023-10-12,0.001605161916810971,1.9741218563096298e-05,0.0015854206982478748,0.2,0.0,0.0,1.0011322937473977
2023-10-13,0.0012127430578919296,-0.00040175073449535417,0.0016144937923872839,0.2,0.0,0.0,1.0023464099866712
2023-10-14,0.00047906984494098246,0.00024021228830262142,0.00023885755663836106,0.2,0.0,0.0,1.0028266039258809
2023-10-15,0.0004284270104926602,0.0006842689951158665,-0.0002558419846232063,0.2,0.0,0.0,1.0032562419298432
2023-10-16,-0.0037463053112651856,-0.0023290256588952563,-0.0014172796523699294,0.2,0.0,0.0,0.9994977377421415
2023-10-17,-0.0014578333985511894,-0.0005437599622783563,-0.0009140734362728331,0.2,0.0,0.0,0.9980406365582846
2023-10-18,0.0036213010559696616,0.0011010605213013225,0.002520240534668339,0.2,0.0,0.0,1.0016548421693536
2023-10-19,0.010562615027183444,0.009681333439991759,0.0008812815871916846,0.2,0.0,0.0,1.0122349366573027
2023-10-20,-0.0028181896896734117,-0.00409437163847557,0.0012761819488021576,0.2,0.0,0.0,1.0093822665952878
2023-10-21,0.00047639338353504517,0.002327318546541801,-0.0018509251630067559,0.2,0.0,0.0,1.0098631296285514
2023-10-22,-0.004482681840507242,-0.0009618343211065695,-0.003520847519400672,0.2,0.0,0.0,1.0053362345159678
2023-10-23,-0.0030071333617271213,-0.0016015482785416313,-0.00140558508318549,0.2,0.0,0.0,1.0023130543854017
2023-10-24,-0.00032920233596480655,0.0037081812000417714,-0.004037383536006578,0.2,0.0,0.0,1.0019830905865301
2023-10-25,-0.0030077064790378083,0.0004965477433402698,-0.0035042542223780782,0.2,0.0,0.0,0.9989694195530867
2023-10-26,0.004236942234559504,0.004717873757462798,-0.000480931522903294,0.2,0.0,0.0,1.0032019952778244
2023-10-27,-0.003097906270668504,0.0012377495053198075,-0.004335655775988312,0.2,0.0,0.0,1.000094169525906
2023-10-28,-0.001507241821609662,0.0010974862523243534,-0.0026047280739340153,0.2,0.0,0.0,0.9985867857680486
2023-10-29,0.004111548757934869,0.0037965830055462393,0.0003149657523886296,0.2,0.0,0.0,1.0026925240267635
2023-10-30,-0.003885093582229971,0.0002500689720259963,-0.004135162554255967,0.2,0.0,0.0,0.998796969736717
2023-10-31,0.0050350416575627895,0.009352687151808326,-0.004317645494245537,0.2,0.0,0.0,1.0038259540867889
2023-11-01,-0.002020507894592927,-0.0011712888250411725,-0.0008492190695517543,0.2,0.0,0.0,1.0017977158217592
2023-11-02,-0.013612044696877136,0.0008702447668899049,-0.014482289463767041,0.2,0.0,0.0,0.988161200536764
2023-11-03,-0.0017751262182132636,-0.002201652201421367,0.00042652598320810366,0.2,0.0,0.0,0.9864070896818701
2023-11-04,0.0008693175300777513,-0.0020558156212133415,0.002925133151291093,0.2,0.0,0.0,0.9872645906567236
2023-11-05,0.0018360734633716901,0.0042830618930909115,-0.0024469884297192213,0.2,0.0,0.0,0.989077280972955
2023-11-06,-0.007740032668893738,0.00043275878800628223,-0.00817279145690002,0.2,0.0,0.0,0.9814217905061637
2023-11-07,0.011022706155311791,0.007705313695313332,0.0033173924599984583,0.2,0.0,0.0,0.9922397145173332
2023-11-08,0.00925832686233582,0.0007006890198518524,0.008557637842483968,0.2,0.0,0.0,1.0014261941201255
2023-11-09,0.001319719629067562,0.003457251570440101,-0.002137531941372539,0.2,0.0,0.0,1.0027477959255682
2023-11-10,0.005427710581014445,0.0026406965453564138,0.002787014035658031,0.2,0.0,0.0,1.0081904207476025
2023-11-11,-0.0047193793404614725,0.003434828083426411,-0.008154207423887883,0.2,0.0,0.0,1.003432387704675
2023-11-12,-0.0017665018233285145,0.0012743676320445376,-0.003040869455373052,0.2,0.0,0.0,1.0016598225622078
2023-11-13,-0.008680315898831094,-0.0026525020607795604,-0.006027813838051533,0.2,0.0,0.0,0.9929650988792007
2023-11-14,0.001956905977622325,-0.004196315606209766,0.0061532215838320916,0.2,0.0,0.0,0.9949082382167678
2023-11-15,-0.003129814689623167,-0.006556917049808986,0.0034271023601858187,0.2,0.0,0.0,0.9917943597979698
2023-11-16,-0.005594571213021093,0.0051466521183111125,-0.010741223331332206,0.2,0.0,0.0,0.9862456956234074
2023-11-17,-0.007048725132889944,-0.006019974975687604,-0.0010287501572023405,0.2,0.0,0.0,0.9792939208014622
2023-11-18,-0.009809414111437043,-0.0015163679866790347,-0.008293046124758008,0.2,0.0,0.0,0.9696876211955078
2023-11-19,0.00808719691151728,0.0030493107440606295,0.005037886167456651,0.2,0.0,0.0,0.9775296759307767
2023-11-20,-0.010821741917649575,0.0011689390426318225,-0.011990680960281398,0.2,0.0,0.0,0.9669511020610101
2023-11-21,0.0015845077077238034,0.002197254882124744,-0.0006127471744009406,0.2,0.0,0.0,0.9684832435352179
2023-11-22,0.0052924897782707925,-0.006049532887725029,0.011342022665995821,0.2,0.0,0.0,0.9736089312020544
2023-11-23,0.000990005302757235,0.004217787976041776,-0.0032277826732845408,0.2,0.0,0.0,0.9745728092067562
2023-11-24,-0.0037421404530401884,-0.004780352946820121,0.0010382124937799331,0.2,0.0,0.0,0.9709258208729905
2023-11-25,0.0019401706826537078,0.003601926040209924,-0.0016617553575562162,0.2,0.0,0.0,0.9728095826856796
2023-11-26,-0.0028974594752291362,-0.00018670061619782132,-0.002710758859031315,0.2,0.0,0.0,0.9699909063427333
2023-11-27,0.0033493998593924104,0.00031812158249922007,0.0030312782768931903,0.2,0.0,0.0,0.9732397937480495
2023-11-28,0.0012923891075640184,-0.001169422414220378,0.0024618115217843965,0.2,0.0,0.0,0.9744975982565373
2023-11-29,-0.0013635033619340486,0.0005159612246384394,-0.001879464586572488,0.2,0.0,0.0,0.9731688675051179
2023-11-30,0.007907982406690063,0.0067154823590782845,0.0011925000476117776,0.2,0.0,0.0,0.9808646697880868
2023-12-01,-0.010462908767202695,-0.00560865533254199,-0.004854253434660705,0.2,0.0,0.0,0.9706019722351217
2023-12-02,-0.004017382686668414,-0.003501170903473605,-0.0005162117831948087,0.2,0.0,0.0,0.9667026926762181
2023-12-03,-0.0035775974172840065,0.002693848660058107,-0.006271446077342114,0.2,0.0,0.0,0.9632442196196181
2023-12-04,0.007346598204775412,0.005879510748070161,0.0014670874567052517,0.2,0.0,0.0,0.9703207878742358
2023-12-05,-0.007916709033033565,7.988807193994863e-05,-0.007996597104973514,0.2,0.0,0.0,0.9626390405279316
2023-12-06,0.001125360461363645,0.006349207872635577,-0.005223847411271932,0.2,0.0,0.0,0.9637223564427068
2023-12-07,-0.00703658494606626,-0.00542247226053364,-0.0016141126855326205,0.2,0.0,0.0,0.9569410422171745
2023-12-08,-0.00010134399106549448,-0.0009598346818261661,0.0008584906907606716,0.2,0.0,0.0,0.9568440619927417
2023-12-09,-0.004986022627556697,0.00015109452220294362,-0.0051371171497596405,0.2,0.0,0.0,0.9520732158486027
2023-12-10,0.0031467500135096806,0.004806375256687501,-0.0016596252431778204,0.2,0.0,0.0,0.9550691522534365
2023-12-11,-0.007670076487865863,-0.003842685666970236,-0.0038273908208956266,0.2,0.0,0.0,0.9477436988044514
2023-12-12,0.0073014850534771645,-0.003958413094227464,0.011259898147704629,0.2,0.0,0.0,0.9546636352557993
2023-12-13,0.00299531488617677,0.00595367904119053,-0.00295836415501376,0.2,0.0,0.0,0.9575231534537727
2023-12-14,0.012656064131712764,0.01370112732589639,-0.0010450631941836264,0.2,0.0,0.0,0.9696416278914836
2023-12-15,-0.0014038824000130012,-0.0014933925645841395,8.951016457113825e-05,0.2,0.0,0.0,0.9682803650757668
2023-12-16,0.0028194341442159708,-0.0029330732988245957,0.0057525074430405665,0.2,0.0,0.0,0.9710103677982354
2023-12-17,-0.012725225102271753,-0.004536078428409274,-0.00818914667386248,0.2,0.0,0.0,0.9586540422913631
2023-12-18,0.0009669328752343717,-0.0031822695466669827,0.004149202421901354,0.2,0.0,0.0,0.9595809964008309
2023-12-19,-0.0017279430213129388,-0.0011099781236515228,-0.000617964897661416,0.2,0.0,0.0,0.9579228951147156
2023-12-20,-1.377747156854417e-05,0.006618886971368032,-0.006632664442936576,0.2,0.0,0.0,0.9579096973592633
2023-12-21,-0.0162464775970087,0.00045764615264769497,-0.016704123749656397,0.2,0.0,0.0,0.9423470389211587
2023-12-22,-0.017928556875384617,0.005856901544099924,-0.02378545841948454,0.2,0.0,0.0,0.9254521164375104
2023-12-23,0.008871756481873994,0.00446180434028356,0.004409952141590435,0.2,0.0,0.0,0.933662502250179
2023-12-24,-0.015071207873522055,0.0007143033294426449,-0.0157855112029647,0.2,0.0,0.0,0.9195910805950538
2023-12-25,0.0009671028352846167,-0.0012610322414144948,0.0022281350766991115,0.2,0.0,0.0,0.9204804197363997
2023-12-26,-0.012147313113166913,-0.0004453039916606616,-0.011702009121506252,0.2,0.0,0.0,0.9092990558633224
2023-12-27,-0.0053009415729544426,-0.004164126302294724,-0.001136815270659719,0.2,0.0,0.0,0.9044789146958483
2023-12-28,0.005352478638450242,0.0004430243458904526,0.0049094542925597895,0.2,0.0,0.0,0.9093201187656864
2023-12-29,0.004307933730559465,-0.003501835819256205,0.007809769549815671,0.2,0.0,0.0,0.9132374095771933
2023-12-30,0.0034382796350992282,-0.0006266799029705617,0.00406495953806979,0.2,0.0,0.0,0.9163773751645533
2023-12-31,-0.005000708555816891,-0.0034283684707116405,-0.0015723400851052505,0.2,0.0,0.0,0.9117948389842109
2024-01-01,0.002394929348972497,0.0018552539686787829,0.0005396753802937138,0.2,0.0,0.0,0.9139785232043358
2024-01-02,-0.003317434455108281,0.0007537138847490522,-0.004071148339857333,0.2,0.0,0.0,0.9109464593602288
2024-01-03,-0.001401283462577041,0.0019393950765536961,-0.003340678539130737,0.2,0.0,0.0,0.9096699651514342
2024-01-04,0.0014837395236395154,-0.0026908078542242533,0.004174547377863769,0.2,0.0,0.0,0.9110196784321972
2024-01-05,-0.004722869488388526,-0.0007793906383601557,-0.00394347885002837,0.2,0.0,0.0,0.9067170513896082
2024-01-06,0.003425219870602925,-0.006345414972077513,0.009770634842680438,0.2,0.0,0.0,0.9098227566510423
2024-01-07,-0.0024648889677529096,-0.004171917108045775,0.0017070281402928656,0.2,0.0,0.0,0.9075801445755626
2024-01-08,-0.04478739322707756,-0.05266140231523134,0.007874009088153777,0.2,0.0,0.0,0.866931995755369
2024-01-09,0.0016023816004553607,0.007998609176980942,-0.006396227576525582,0.2,0.0,0.0,0.8683211516342134
2024-01-10,0.002541711438343452,-0.0031302338604293437,0.005671945298772796,0.2,0.0,0.0,0.8705281734374777
2024-01-11,-0.0019172511249232471,0.009625353974183916,-0.011542605099107163,0.2,0.0,0.0,0.8688591523176773
2024-01-12,-0.0012964548029973711,-0.000214103669115151,-0.00108235113388222,0.2,0.0,0.0,0.8677327156965269
2024-01-13,-0.0012969805049202424,-0.005861710315337477,0.004564729810417234,0.2,0.0,0.0,0.866607283280787
2024-01-14,0.003181113406663427,0.0017686709227605624,0.001412442483902865,0.2,0.0,0.0,0.8693640593279437
2024-01-15,0.005596254691816982,0.0029832740960990425,0.00261298059571794,0.2,0.0,0.0,0.8742292420238547
2024-01-16,0.0031451330449812744,0.002804899644005854,0.00034023340097542046,0.2,0.0,0.0,0.8769788093018328
2024-01-17,0.002485153408547225,0.00039663276089718646,0.0020885206476500386,0.2,0.0,0.0,0.879158236178993
2024-01-18,0.0010240497321905018,0.0027944076515871163,-0.0017703579193966146,0.2,0.0,0.0,0.8800585379353052
2024-01-19,4.1050337632808805e-05,-0.006657192996230521,0.00669824333386333,0.2,0.0,0.0,0.8800946646354242
2024-01-20,0.012152643704127598,0.00977664261332607,0.0023760010908015273,0.2,0.0,0.0,0.8907901415206421
2024-01-21,-0.0006349433012850961,-0.002261385055382248,0.001626441754097152,0.2,0.0,0.0,0.8902245402874327
2024-01-22,-0.0009567571634921501,-0.0019980837256314277,0.0010413265621392776,0.2,0.0,0.0,0.8893728115813961
2024-01-23,0.003662967640854253,-0.005793973742596371,0.009456941383450624,0.2,0.0,0.0,0.8926305554108743
2024-01-24,-0.0018863999672738218,-0.001722979173794048,-0.0001634207934797738,0.2,0.0,0.0,0.8909466971603597
2024-01-25,-0.0013793757703487786,-0.00018484036068878719,-0.0011945354096599915,0.2,0.0,0.0,0.8897177468736245
2024-01-26,-0.0038617859475637674,-0.003182180982423044,-0.0006796049651407233,0.2,0.0,0.0,0.8862818473814498
2024-01-27,-0.00537190248120374,0.0029142491253373094,-0.008286151606541049,0.2,0.0,0.0,0.8815208277264555
2024-01-28,0.001535931060614404,0.0010912005461100494,0.00044473051450435455,0.2,0.0,0.0,0.882874782946339
2024-01-29,0.001958489517396278,0.0010157425891181848,0.0009427469282780932,0.2,0.0,0.0,0.884603883953913
2024-01-30,-0.0009306633392832222,0.0034388842999843574,-0.0043695476392675795,0.2,0.0,0.0,0.8837806155493295
2024-01-31,0.0029827915747134615,0.003006317789890467,-2.3526215177005484e-05,0.2,0.0,0.0,0.886416748923285
2024-02-01,-0.000548389325784359,-0.017383811245227424,0.01743251494269888,1.0,0.000597093023255814,0.5970930232558139,0.885930647439979
2024-02-02,-0.00036974822955590026,0.002021376140400202,-0.0023911243699561036,1.0,0.0,0.0,0.8856030761515787
2024-02-03,-0.0005739822144096714,0.004262398411926226,-0.004836380626335899,1.0,0.0,0.0,0.8850947557368413
2024-02-04,0.004718636153090281,0.0007955279912619672,0.003923108161828313,1.0,0.0,0.0,0.8892711958501717
2024-02-05,0.0024626437733714195,-0.004855282359490581,0.007317926132861999,1.0,0.0,0.0,0.8914611540234707
2024-02-06,0.0015952398626787295,0.002892503106578513,-0.0012972632438997846,1.0,0.0,0.0,0.8928832483923984
2024-02-07,0.00412578596580984,0.006586253781205105,-0.002460467815395268,1.0,0.0,0.0,0.8965670935677226
2024-02-08,-6.75300131521813e-05,0.012521673102048022,-0.012589203115200197,1.0,0.0,0.0,0.8965065483801021
2024-02-09,0.0010101131514586067,0.0028856410574127256,-0.0018755279059541178,1.0,0.0,0.0,0.8974121214349896
2024-02-10,0.001038693737185578,0.017421166559658224,-0.016382472822472644,1.0,0.0,0.0,0.8983442577851986
2024-02-11,-0.005898625558419654,-0.002435125761452502,-0.003463499796967152,1.0,0.0,0.0,0.8930452613859672
2024-02-12,-9.970076109628479e-05,8.621206785896817e-05,-0.00018591282895525269,1.0,0.0,0.0,0.8929562240937136
2024-02-13,0.029956756208181178,0.0470366889675923,-0.017079932759411127,1.0,0.0,0.0,0.919706296003467
2024-02-14,0.0034085749393342355,0.0015824495291625715,0.0018261254101716662,1.0,0.0,0.0,0.9228411838355723
2024-02-15,-0.0014534038590281813,0.016381428050575974,-0.017834831909604148,1.0,0.0,0.0,0.9214999228977157
2024-02-16,0.0014650547055884613,0.009199786323279148,-0.007734731617690679,1.0,0.0,0.0,0.9228499706959564
2024-02-17,-0.0010688860295601263,0.004416077265745549,-0.005484963295305677,1.0,0.0,0.0,0.9218635492548996
2024-02-18,-0.0020425245983226115,0.00361028792915451,-0.00565281252747712,1.0,0.0,0.0,0.9199806202792494
2024-02-19,-0.0003305880864501116,0.012933405403300288,-0.013263993489750403,1.0,0.0,0.0,0.9196764856464201
2024-02-20,0.006402824492372664,0.012807695436219365,-0.0064048709438467,1.0,0.0,0.0,0.9255650127737762
2024-02-21,0.0044688841606281195,-0.0007746807056182424,0.005243564866246361,1.0,0.0,0.0,0.9297012555989925
2024-02-22,0.0035437707423843514,-0.0054811374596262855,0.009024908202010636,1.0,0.0,0.0,0.9329959037077423
2024-02-23,0.006356300016124927,0.007312794846510981,-0.000956494830386056,1.0,0.0,0.0,0.9389263055855243
2024-02-24,0.0030406727897928647,-0.0014296050944569772,0.004470277884249843,1.0,0.0,0.0,0.941781273254539
2024-02-25,0.0008145766281423418,0.01628482214851234,-0.015470245520370011,1.0,0.0,0.0,0.9425484262685544
2024-02-26,0.0018329651242319802,0.010299483328697458,-0.008466518204465475,1.0,0.0,0.0,0.9442760846618043
2024-02-27,-0.0025303106281533987,0.011657819049990383,-0.014188129678143776,1.0,0.0,0.0,0.9418867728488735
2024-02-28,-0.0028305970957206487,0.0037831733163008908,-0.00661377041202154,1.0,0.0,0.0,0.9392206708851497
2024-02-29,0.0028105988761651882,0.011585695208334714,-0.00877509633216953,1.0,0.0,0.0,0.9418604434472105
2024-03-01,-0.003949791723123238,0.00014716933613441994,-0.00407397255351053,1.0,2.2988505747126423e-05,0.022988505747126423,0.9381402908633455
2024-03-02,0.004783224330913878,0.028906280581286827,-0.02412305625037294,1.0,0.0,0.0,0.9426276263284136
2024-03-03,0.0021998038582706127,0.018326187790718665,-0.016126383932448064,1.0,0.0,0.0,0.9447012222177233
2024-03-04,0.0015892898547795143,0.0013165573941358864,0.0002727324606436263,1.0,0.0,0.0,0.9462026262859918
2024-03-05,-0.0017505972947386966,0.001406918763196084,-0.003157516057934782,1.0,0.0,0.0,0.9445462065281409
2024-03-06,-0.002176330914342071,-0.021455294571066374,0.019278963656724293,1.0,0.0,0.0,0.9424905614188491
2024-03-07,0.004258168250764745,0.035819576103489105,-0.031561407852724335,1.0,0.0,0.0,0.9465038448041283
2024-03-08,0.005621620529731287,0.018554537914081685,-0.012932917384350397,1.0,0.0,0.0,0.9518247302495487
2024-03-09,-0.00026861581036357316,0.006220891587397376,-0.006489507397760954,1.0,0.0,0.0,0.9515690550783087
2024-03-10,0.0053175571751958965,0.020560547165131633,-0.015242989989935734,1.0,0.0,0.0,0.9566290779348349
2024-03-11,-0.0002595742239686447,0.0032394751160571443,-0.0034990493400257885,1.0,0.0,0.0,0.9563807616843041
2024-03-12,-0.0010172122633593129,0.014893080514101618,-0.015910292777460935,1.0,0.0,0.0,0.955407919445078
2024-03-13,0.0026061143684952505,0.0030304281109468857,-0.0004243137424516362,1.0,0.0,0.0,0.9578978217517179
2024-03-14,-0.004683506462011764,0.009804556858568424,-0.014488063320580183,1.0,0.0,0.0,0.9534115011135967
2024-03-15,-9.291366434716856e-05,-0.009756251006210845,0.009663337341863682,1.0,0.0,0.0,0.9533229161573975
2024-03-16,0.0004971600987411145,-0.019298674113663924,0.019795834212405033,1.0,0.0,0.0,0.9537968702725265
2024-03-17,-0.0010514503627116467,-0.035178480896784665,0.034127030534073025,1.0,0.0,0.0,0.9527940002073252
2024-03-18,-0.0035889739187253506,0.026441495372624878,-0.030030469291350243,1.0,0.0,0.0,0.9493744473906631
2024-03-19,0.0010704413855954558,-0.020952261126005404,0.02202270251160087,1.0,0.0,0.0,0.950390697089577
2024-03-20,-0.00026262639605548123,-0.03957629703193111,0.03931367063587565,1.0,0.0,0.0,0.9501410994059557
2024-03-21,-0.006482279895432051,0.045971633814614124,-0.05245391371004618,1.0,0.0,0.0,0.9439820188594528
2024-03-22,0.005098740657683608,0.0030872959290269538,0.002011444728656662,1.0,0.0,0.0,0.9487951383591338
2024-03-23,0.0024646397306863637,-0.008771574454492732,0.011236214185179096,1.0,0.0,0.0,0.9511335765534158
2024-03-24,0.0015727921048688718,0.006892065401394348,-0.005319273296525474,1.0,0.0,0.0,0.9526295119332948
2024-03-25,-0.0010773265237052636,0.016532391941101215,-0.017609718464806485,1.0,0.0,0.0,0.9516032188928246
2024-03-26,0.0013315549993856096,0.020431175755353734,-0.019099620755968105,1.0,0.0,0.0,0.9528703309163727
2024-03-27,0.002600249640423081,0.00648102424120567,-0.00388077460078259,1.0,0.0,0.0,0.9553480316517079
2024-03-28,0.0018645809065851505,-0.008266848749136869,0.010131429655722016,1.0,0.0,0.0,0.9571293553506693
2024-03-29,0.001920925869100635,0.011037984090609857,-0.009117058221509223,1.0,0.0,0.0,0.958967929889438
2024-03-30,-0.008336760644259209,-0.0023032962994371966,-0.006033464344822017,1.0,0.0,0.0,0.950973243792429
2024-03-31,0.002304620154248342,-0.005510111629947502,0.007814731784195844,1.0,0.0,0.0,0.9531648758962239
2024-04-01,-0.00043633169675006615,0.013776526859206382,-0.014204287127385015,1.0,8.571428571428564e-06,0.008571428571428563,0.9527489798486415
2024-04-02,0.0020606049386717555,-0.017521501478207403,0.019582106416879155,1.0,0.0,0.0,0.9547122191018321
2024-04-03,-0.0009992431677077521,-0.03040674441574058,0.029407501248032823,1.0,0.0,0.0,0.9537582294397675
2024-04-04,0.007972498312673172,0.007311173789911478,0.0006613245227616902,1.0,0.0,0.0,0.9613620653146743
2024-04-05,-0.0007918765324683311,0.008822363455748836,-0.009614239988217171,1.0,0.0,0.0,0.9606007852559463
2024-04-06,-0.00034742155700999064,-0.008006397638927354,0.00765897608191737,1.0,0.0,0.0,0.9602670518354677
2024-04-07,0.0009833088919338508,0.010064538159739081,-0.00908122926780523,1.0,0.0,0.0,0.9612112909661685
2024-04-08,0.0036362183459870425,0.014924011134470515,-0.01128779278848347,1.0,0.0,0.0,0.9647064650967496
2024-04-09,-0.002092018505505842,0.015073964737894841,-0.017165983243400677,1.0,0.0,0.0,0.962688281319386
2024-04-10,-0.0022090921550360436,-0.024261897510093774,0.02205280535505772,1.0,0.0,0.0,0.9605616141893782
2024-04-11,0.0016337447717404841,0.002097405446373164,-0.00046366067463267987,1.0,0.0,0.0,0.9621309267044947
2024-04-12,-0.006884756743779505,-0.011076044516070504,0.004191287772290999,1.0,0.0,0.0,0.9555068893184672
2024-04-13,-0.0018773407832384684,-0.0640384417681247,0.062161100984886246,1.0,0.0,0.0,0.9537130772664844
2024-04-14,0.001854345585680285,-0.051909163448122075,0.053763509033802295,1.0,0.0,0.0,0.955481590901319
2024-04-15,-0.002635359337028467,0.03212685337829058,-0.034762212715319075,1.0,0.0,0.0,0.9529635535693783
2024-04-16,0.0024805905014053777,-0.01757221669139425,0.020052807192799615,1.0,0.0,0.0,0.955327465908548
2024-04-17,-0.001345719063793598,-0.00012540638929334704,-0.0012203126745002515,1.0,0.0,0.0,0.9540418635255092
2024-04-18,0.0031124835379569855,-0.011868866988125296,0.014981350526082293,1.0,0.0,0.0,0.9570113031202542
2024-04-19,-0.0022446647367045424,0.015930692347462014,-0.018175357084166552,1.0,0.0,0.0,0.9548631335955124
2024-04-20,-0.0008513305447375538,0.005305532452594868,-0.006156862997332419,1.0,0.0,0.0,0.9540502294438388
2024-04-21,0.0004428806332748971,0.03095197071226035,-0.030509090078985453,1.0,0.0,0.0,0.9544727598136308
2024-04-22,0.0003744685937783702,-0.005030933106040402,0.005405401699818775,1.0,0.0,0.0,0.9548301798857979
2024-04-23,-0.0034186993966148584,0.011880277339628162,-0.01529897673624301,1.0,0.0,0.0,0.9515659025259526
2024-04-24,0.0012245337252673638,-0.0023843405508962934,0.0036088742761636555,1.0,0.0,0.0,0.9527311270654102
2024-04-25,0.00039523672174609766,-0.01986403885941462,0.020259275581160714,1.0,0.0,0.0,0.953107681392777
2024-04-26,-0.002695339250126407,0.0003535749745741859,-0.0030489142247005917,1.0,0.0,0.0,0.9505387328495221
2024-04-27,0.0020832523654814696,-0.011926376646763583,0.014009629012245044,1.0,0.0,0.0,0.9525189449132125
2024-04-28,0.001311829935418542,0.0067243989327959225,-0.005412568997377389,1.0,0.0,0.0,0.9537684877792029
2024-04-29,0.00037383344930896076,-0.004627967908452417,0.005001801357761377,1.0,0.0,0.0,0.9541250383428315
2024-04-30,-0.0008620284251487797,-0.004624217803223845,0.003762189378075064,1.0,0.0,0.0,0.9533025554386337
2024-05-01,0.0016942387580785637,-0.0269370454628266,0.02863977484751017,1.0,8.490626605033379e-06,0.008490626605033379,0.9549176775762331
2024-05-02,0.0005712872045215801,0.0028509140112848008,-0.0022796268067632203,1.0,0.0,0.0,0.9554632098268039
2024-05-03,0.0025953014899152164,0.011740409463280317,-0.009145107973365102,1.0,0.0,0.0,0.9579429249188265
2024-05-04,-0.0031492972564972767,0.01966799010202415,-0.022817287358521423,1.0,0.0,0.0,0.9549260778934987
2024-05-05,0.001177262324715211,0.0013977892206443216,-0.00022052689592911063,1.0,0.0,0.0,0.9560502763878909
2024-05-06,3.139473260801411e-05,0.005791209481002843,-0.005759814748394828,1.0,0.0,0.0,0.956080291330678
2024-05-07,-0.0011410902567539516,-0.008619309255437193,0.007478218998683238,1.0,0.0,0.0,0.954989317425566
2024-05-08,0.0023700514242888404,-0.006195723045755695,0.008565774470044536,1.0,0.0,0.0,0.9572526912175111
2024-05-09,0.0006247073295270763,-0.006981897305612351,0.007606604635139432,1.0,0.0,0.0,0.9578506939899243
2024-05-10,0.001917910189690802,0.01670064143167213,-0.014782731241981322,1.0,0.0,0.0,0.95968776559613
2024-05-11,0.0005615437511149411,-0.01809172422937859,0.018653267980493524,1.0,0.0,0.0,0.9602266722639219
2024-05-12,-0.00043222800552527625,-0.0022877469415483725,0.001855518936023096,1.0,0.0,0.0,0.9598116354045171
2024-05-13,-0.0005907041625213858,-0.001849779499981949,0.001259075337460564,1.0,0.0,0.0,0.9592446706762472
2024-05-14,-0.00017544596485660156,-0.005786441517149452,0.005610995552292849,1.0,0.0,0.0,0.9590763750694669
2024-05-15,0.000320068695209516,-0.015333872939968608,0.015653941635178123,1.0,0.0,0.0,0.9593833453934417
2024-05-16,0.000803415344286169,0.03339595051398767,-0.03259253516970149,1.0,0.0,0.0,0.9601541286941834
2024-05-17,0.001398137501780969,-0.00542976590699167,0.006827903408772639,1.0,0.0,0.0,0.9614965561890004
2024-05-18,0.00032145065908874173,0.01661559543631598,-0.016294144777227244,1.0,0.0,0.0,0.961805629890699
2024-05-19,-0.00018290608247725537,-0.000380452713862878,0.0001975466313856225,1.0,0.0,0.0,0.9616297097908311
2024-05-20,-0.0004829317879783474,-0.015263013839000049,0.014780082051021687,1.0,0.0,0.0,0.9611653082357087
2024-05-21,-0.004083735018257611,0.04168353295705621,-0.04576726797531383,1.0,0.0,0.0,0.9572401638081321
2024-05-22,0.0036161814095737356,0.004576860750825357,-0.0009606793412516212,1.0,0.0,0.0,0.9607017178929923
2024-05-23,0.0016930644151980372,-0.005159914338586476,0.006852978753784514,1.0,0.0,0.0,0.9623282477851766
2024-05-24,-0.0001422886978120143,-0.006046141231318662,0.005903852533506649,1.0,0.0,0.0,0.9621913193519316
2024-05-25,-7.078592399548673e-05,0.003357610345312746,-0.0034283962693082318,1.0,0.0,0.0,0.9621232097503308
2024-05-26,0.0025684190299467427,0.008897513972560717,-0.006329094942613971,1.0,0.0,0.0,0.964594345311407
2024-05-27,-0.00019903501252340383,-0.003916697134970336,0.0037176621224469346,1.0,0.0,0.0,0.964402357263808
2024-05-28,-0.0019553369369840275,0.00804448125185276,-0.009999818188836792,1.0,0.0,0.0,0.9625166257125356
2024-05-29,0.0014616449460775895,-0.0057506433606914304,0.007212288306769019,1.0,0.0,0.0,0.963923483274024
2024-05-30,0.003884990327020255,-0.004053504416222756,0.007938494743243008,1.0,0.0,0.0,0.9676683166825312
2024-05-31,-0.0002603578014510391,-0.003100743758825549,0.0028403859573745086,1.0,0.0,0.0,0.9674163766870658
2024-06-01,0.00044209377024548687,0.0009580509272475005,-0.0005159571570020128,1.0,0.0,0.0,0.9678440654404326
2024-06-02,0.001786560572655579,0.0027192581034235054,-0.0009326975307679238,1.0,0.0,0.0,0.969573177488227
2024-06-03,-0.00365973001539459,-0.006129137360629563,0.00246940734523498,1.0,0.0,0.0,0.9660248014284519
2024-06-04,0.0008818341979788698,0.0038522392195122976,-0.0029704050215334284,1.0,0.0,0.0,0.9668766751344472
2024-06-05,0.0005957535075361959,0.010399417520593032,-0.009803664013056834,1.0,0.0,0.0,0.9674526953050135
2024-06-06,0.002492175488225816,0.008829476220990524,-0.006337300732764708,1.0,0.0,0.0,0.9698637571982708
2024-06-07,0.00020167681815283392,-0.006224663843737079,0.00642634066188991,1.0,0.0,0.0,0.9700593562348642
2024-06-08,-0.0010031007306534963,-0.029983930120492736,0.028980829389839216,1.0,0.0,0.0,0.9690862889858477
2024-06-09,-0.0009232234385751633,-0.014260226086681147,0.013337002648105981,1.0,0.0,0.0,0.9681916058098541
2024-06-10,0.00010422381745774532,0.006871491603302239,-0.006767267785844496,1.0,0.0,0.0,0.9682925144350422
2024-06-11,0.000804121723035152,-0.012951168239550857,0.013755289962586006,1.0,0.0,0.0,0.9690711394801518
2024-06-12,0.0009743611218309607,-0.022016713357555374,0.02299107447938633,1.0,0.0,0.0,0.9700153647227496
2024-06-13,-0.0017492236515215182,0.016267331263285518,-0.018016554914807054,1.0,0.0,0.0,0.9683185909044373
2024-06-14,-0.00045019408582718033,-0.022641682783113147,0.022191488697285995,1.0,0.0,0.0,0.9678826596016157
2024-06-15,9.230331710364445e-05,-0.011088553021013138,0.011180856338116782,1.0,0.0,0.0,0.967971998381664
2024-06-16,0.002154447203311515,0.008232154412023858,-0.006077707208712343,1.0,0.0,0.0,0.9700574429464612
2024-06-17,-0.000911806104363576,0.001960468582386411,-0.002872274686749989,1.0,0.0,0.0,0.9691729386483993
2024-06-18,-0.0005698184179030834,-0.03397928500225471,0.03340946658435164,1.0,0.0,0.0,0.9686206860578241
2024-06-19,0.0019913559768854915,-0.026126035879529986,0.02811739185641546,1.0,0.0,0.0,0.9705495546503404
2024-06-20,0.00014916423230975387,0.009254854510302146,-0.009105690277992396,1.0,0.0,0.0,0.9706943259295784
2024-06-21,-0.003280021052117758,0.0009622395979311113,-0.004242260650048871,1.0,0.0,0.0,0.9675104281053581
2024-06-22,0.002305898547404327,-0.0009377762588311003,0.0032436748062354267,1.0,0.0,0.0,0.9697414089961247
2024-06-23,0.003135485578539264,-0.0005720479576232056,0.0037075335361624697,1.0,0.0,0.0,0.9727820191989444
2024-06-24,-0.002630676144493548,-0.015240949301867309,0.012610273157373763,1.0,0.0,0.0,0.9702229447472455
2024-06-25,-0.0004264555205062414,0.006585805139361537,-0.007012260659867776,1.0,0.0,0.0,0.9698091878163362
2024-06-26,-0.0018333889256313325,0.009945371936646389,-0.011778760862277715,1.0,0.0,0.0,0.9680311503914182
2024-06-27,-0.005259486737098208,-0.012310534068417431,0.0070510473313192285,1.0,0.0,0.0,0.9629398033948366
2024-06-28,0.0027047109210204907,0.012165557577735903,-0.009460846656715418,1.0,0.0,0.0,0.965544277197364
2024-06-29,0.0002963435880196301,-0.012704187167752654,0.013000530755772295,1.0,0.0,0.0,0.9658304100528605
2024-06-30,-0.0013475902010710145,-0.00737194884139702,0.006024358640326008,1.0,0.0,0.0,0.9645288664563769
2024-07-01,-0.0019187915151955017,0.015489894464469281,-0.017391926203128467,1.0,1.6759776536312842e-05,0.016759776536312842,0.9626781366512593
2024-07-02,0.012824042013224816,0.009700079431547243,0.003123962581677575,1.0,0.0,0.0,0.9750235615208881
2024-07-03,0.0031942944773790836,0.0010694273079602514,0.0021248671694188317,1.0,0.0,0.0,0.9781380738987687
2024-07-04,0.00016058095555802803,-0.02284518686707268,0.023005767822630696,1.0,0.0,0.0,0.9782951442453431
2024-07-05,0.0005784996994407231,-0.04379200659352374,0.04437050629296445,1.0,0.0,0.0,0.9788610876922533
2024-07-06,0.0007410073154042322,-0.012201473562782202,0.012942480878186445,1.0,0.0,0.0,0.9795864309189978
2024-07-07,0.0021075712200308554,0.033777462336835345,-0.03166989111680448,1.0,0.0,0.0,0.9816509790883354
2024-07-08,0.0008274889686575775,-0.02745613022733872,0.028283619195996323,1.0,0.0,0.0,0.9824632844446028
2024-07-09,0.004790734098868124,0.017532995758405535,-0.012742261659537416,1.0,0.0,0.0,0.9871700048022777
2024-07-10,-0.0027848929556082234,0.010215347725081397,-0.013000240680689626,1.0,0.0,0.0,0.9844208420099161
2024-07-11,-0.0025886403525274266,0.006728457153140286,-0.009317097505667709,1.0,0.0,0.0,0.9818725304944202
2024-07-12,0.002300858892697856,-0.007691891634402232,0.009992750527100091,1.0,0.0,0.0,0.9841316806377041
2024-07-13,0.00015659872410625497,0.008708945060248522,-0.008552346336142276,1.0,0.0,0.0,0.9842857944032446
2024-07-14,1.616770219574343e-05,0.007723550485882064,-0.007707382783686321,1.0,0.0,0.0,0.984301708042844
2024-07-15,-0.0025643988178673882,0.012315191541747329,-0.014879590359614716,1.0,0.0,0.0,0.981777565906314
2024-07-16,-0.0004155602065444031,0.031157933116738062,-0.03157349332328245,1.0,0.0,0.0,0.9813695782182453
2024-07-17,-0.0008111005011932392,-0.00020193832737166589,-0.000609162173821573,1.0,0.0,0.0,0.9805735888614967
2024-07-18,-0.0005825683357647301,-0.00202889349886497,0.0014463251631002397,1.0,0.0,0.0,0.9800023377377388
2024-07-19,0.0011299856662774588,-0.0012602346505028732,0.002390220316780333,1.0,0.0,0.0,0.9811097263323009
2024-07-20,0.001231131049784519,0.016198792784837438,-0.01496766173505292,1.0,0.0,0.0,0.9823176009796342
2024-07-21,-0.004379513646225533,0.002629474564360062,-0.0070089882105855966,1.0,0.0,0.0,0.9780155276412162
2024-07-22,-0.0006801745782055899,0.005204762909604874,-0.005884937487810462,1.0,0.0,0.0,0.9773503063422244
2024-07-23,-0.0007726376844435485,-0.019024144492624233,0.018251506808180704,1.0,0.0,0.0,0.9765951686646419
2024-07-24,0.001346610392122389,-0.009948809473295583,0.011295419865417967,1.0,0.0,0.0,0.9779102618676623
2024-07-25,0.002293159049500764,-0.009559351297725593,0.011852510347226366,1.0,0.0,0.0,0.9801527656342638
2024-07-26,0.0027482671794955417,-0.009856417136875855,0.012604684316371403,1.0,0.0,0.0,0.9828464873109483
2024-07-27,0.0019309320436310426,0.02271045374186769,-0.02077952169823664,1.0,0.0,0.0,0.9847442970872673
2024-07-28,-0.002898429665062467,-0.00016990498321845987,-0.002728524681844007,1.0,0.0,0.0,0.9818900850040885
2024-07-29,-0.0003378839592984434,-0.005924410885507173,0.005586526926208731,1.0,0.0,0.0,0.9815583200945714
2024-07-30,-4.7732567954771426e-05,0.0001421054687780448,-0.00018983803673281658,1.0,0.0,0.0,0.9815114677953559
2024-07-31,-0.0005333809365004758,-0.011902454633763188,0.011369073697262706,1.0,0.0,0.0,0.9809879482894773
2024-08-01,6.743727903761899e-05,-0.010391663938739268,0.010478601520828754,0.9956502531388588,1.9500303051877514e-05,0.019500303051877513,0.9810541034474788
2024-08-02,0.0038424621395365508,-0.004350206482140272,0.008192668621676818,0.9956502531388588,0.0,0.0,0.9848237666968127
2024-08-03,0.00033242738990292374,-0.03363230794624417,0.033964735336147106,0.9956502531388588,0.0,0.0,0.9851511490910901
2024-08-04,0.0004027342210324727,-0.02070490274952749,0.021107636970559954,0.9956502531388588,0.0,0.0,0.9855479031717186
2024-08-05,-0.0001589545431415076,-0.027138065937150173,0.026979111394008663,0.9956502531388588,0.0,0.0,0.9853912458550258
2024-08-06,-0.001820435595920451,-0.03698479775819622,0.035164362162275746,0.9956502531388588,0.0,0.0,0.9835974045551629
2024-08-07,-0.0021719248844297664,0.02596665258801265,-0.028138577472442413,0.9956502531388588,0.0,0.0,0.981461104875949
2024-08-08,0.000978702919935201,-0.014160789660107653,0.015139492580042869,0.9956502531388588,0.0,0.0,0.982421663725094
2024-08-09,-0.0004892222420066314,0.05628187035049608,-0.056771092592502716,0.9956502531388588,0.0,0.0,0.9819410411961705
2024-08-10,0.0004179102199588269,-0.004630673884339787,0.005048584104298613,0.9956502531388588,0.0,0.0,0.9823514043926834
2024-08-11,-0.00302232697988393,0.0038387287708299645,-0.006861055750713893,0.9956502531388588,0.0,0.0,0.9793824172394605
2024-08-12,-0.0003713094171547373,-0.02280028902288038,0.02242897960572563,0.9956502531388588,0.0,0.0,0.9790187633249438
2024-08-13,0.0002890902225569949,0.02256384314533261,-0.022274752922775608,0.9956502531388588,0.0,0.0,0.9793017880771208
2024-08-14,0.0031016816459536346,0.004758553495786928,-0.0016568718498332882,0.9956502531388588,0.0,0.0,0.9823392704590492
2024-08-15,0.0011131740189895848,-0.008588334085824142,0.009701508104813718,0.9956502531388588,0.0,0.0,0.9834327850127574
2024-08-16,-0.0004603264927628389,-0.01641402306036034,0.015953696567597507,0.9956502531388588,0.0,0.0,0.9829800848479645
2024-08-17,-0.002951714154137221,0.000608042520221879,-0.0035597566743590992,0.9956502531388588,0.0,0.0,0.9800786086182838
2024-08-18,-0.0008648916834868467,0.010271832080563034,-0.01113672376404988,0.9956502531388588,0.0,0.0,0.9792309467805265
2024-08-19,-0.00021775562895262257,0.0028353299180232236,-0.003053085546975842,0.9956502531388588,0.0,0.0,0.9790177137298204
2024-08-20,0.0039901489982887735,0.011222587613331968,-0.0072324386150431925,0.9956502531388588,0.0,0.0,0.9829241402795664
2024-08-21,-0.0007850191362505377,0.002894980086729149,-0.003679999222979687,0.9956502531388588,0.0,0.0,0.9821525260199644
2024-08-22,-0.041856867144261886,0.013709695902912314,-0.0555665630471742,0.9956502531388588,0.0,0.0,0.9410426982229456
2024-08-23,0.0003797263698640231,0.005035877477922983,-0.004656151108058967,0.9956502531388588,0.0,0.0,0.9414000369506288
2024-08-24,-0.0024627763694881786,0.03462835644012404,-0.0370911328096122,0.9956502531388588,0.0,0.0,0.9390815791853915
2024-08-25,-0.0014304312478777362,0.006046132028918493,-0.007476563276796232,0.9956502531388588,0.0,0.0,0.9377382875502183
2024-08-26,-0.002532008511090421,-0.009248455412758733,0.006716446901668319,0.9956502531388588,0.0,0.0,0.9353639262249658
2024-08-27,0.00010736066194575968,-0.020159422464015128,0.0202667831259609,0.9956502531388588,0.0,0.0,0.9354643475152454
2024-08-28,0.00033970044394058657,-0.026812607016562812,0.027152307460503386,0.9956502531388588,0.0,0.0,0.9357821251693869
2024-08-29,0.00030281823035932103,-0.0041706282861330235,0.004473446516492341,0.9956502531388588,0.0,0.0,0.9360654970565325
2024-08-30,-0.0006499096153526699,0.0005362580987348177,-0.0011861677140874876,0.9956502531388588,0.0,0.0,0.9354571390893955
2024-08-31,-0.0016372105665081662,-0.0014667905338734497,-0.0001704200326347152,0.9956502531388588,0.0,0.0,0.933925598776763
2024-09-01,-0.0005705064526583071,-0.0001560569718093137,8.149969463819268e-05,0.020924854158326844,0.000495949175487186,0.495949175487186,0.9333927881963581
2024-09-02,-0.00016180953530251126,-0.0004530142752720952,0.0002912047399695842,0.020924854158326844,0.0,0.0,0.9332417563430453
2024-09-03,-0.00019650843615153112,0.0004880270889839216,-0.0006845355251354528,0.020924854158326844,0.0,0.0,0.9330583664649551
2024-09-04,-5.905221246443762e-05,-0.0005674580786245817,0.0005084058661601438,0.020924854158326844,0.0,0.0,0.9330032673040569
2024-09-05,-0.00022871510011582827,9.099077471805842e-05,-0.0003197058748338867,0.020924854158326844,0.0,0.0,0.9327898753683671
2024-09-06,0.00015932761492284313,-0.0003009324768974252,0.0004602600918202684,0.020924854158326844,0.0,0.0,0.9329384945544337
2024-09-07,-0.00017107444273909588,-0.00039618375904681166,0.00022510931630771556,0.020924854158326844,0.0,0.0,0.9327788926213679
2024-09-08,0.0002661515252535287,0.0003876015640932951,-0.00012145003883976638,0.020924854158326844,0.0,0.0,0.9330271531463634
2024-09-09,0.0001865729868737148,0.00033486645185776335,-0.0001482934649840486,0.020924854158326844,0.0,0.0,0.9332012308091603
2024-09-10,-0.00010274678940841282,0.0004923642954809354,-0.000595111084889348,0.020924854158326844,0.0,0.0,0.9331053473788227
2024-09-11,-0.00011454315081591925,9.642517011931294e-05,-0.00021096832093523226,0.020924854158326844,0.0,0.0,0.9329984665522907
2024-09-12,3.481062643097322e-05,-0.00015467287444958662,0.00018948350088055985,0.020924854158326844,0.0,0.0,0.9330309448133705
2024-09-13,-8.165489036156382e-06,0.0003562658034331905,-0.0003644312924693469,0.020924854158326844,0.0,0.0,0.9330233261594202
2024-09-14,0.00011128488536911357,0.0003100663263657968,-0.0001987814409966832,0.020924854158326844,0.0,0.0,0.9331271575533184
2024-09-15,0.00014143358040542446,-8.721489510034277e-05,0.00022864847550576725,0.020924854158326844,0.0,0.0,0.9332591330681849
2024-09-16,3.0328021255367368e-05,-0.0003081902639267388,0.00033851828518210623,0.020924854158326844,0.0,0.0,0.9332874369710095
2024-09-17,-0.00040119359578012716,-0.000434413158514915,3.3219562734787806e-05,0.020924854158326844,0.0,0.0,0.9329130080282746
2024-09-18,0.00028339537420375504,0.000407226017536796,-0.00012383064333304134,0.020924854158326844,0.0,0.0,0.9331773912592844
2024-09-19,0.00012488060367848812,0.00031100406834175313,-0.00018612346466326496,0.020924854158326844,0.0,0.0,0.9332939270152439
2024-09-20,4.8632864940579206e-05,0.00037083258445240447,-0.00032219971951182513,0.020924854158326844,0.0,0.0,0.9333393157727463
2024-09-21,2.7810833495925006e-05,0.00015796714925195245,-0.00013015631575602756,0.020924854158326844,0.0,0.0,0.9333652727170525
2024-09-22,-1.7963428602649463e-05,0.00014275471112787532,-0.0001607181397305248,0.020924854158326844,0.0,0.0,0.9333485062766159
2024-09-23,-9.260942119947739e-05,-0.00026983150307785216,0.00017722208187837487,0.020924854158326844,0.0,0.0,0.9332620694116722
2024-09-24,0.00015479162466297623,0.00036827500141897805,-0.00021348337675600195,0.020924854158326844,0.0,0.0,0.9334065305636328
2024-09-25,-2.479792789070646e-07,0.00037624408773713285,-0.00037649206701604,0.020924854158326844,0.0,0.0,0.9334062990981544
2024-09-26,1.972325734495027e-05,-0.00027514391254069377,0.000294867169885644,0.020924854158326844,0.0,0.0,0.9334247089107989
2024-09-27,0.00014488951940532115,0.0003797768679577131,-0.00023488734855239195,0.020924854158326844,0.0,0.0,0.933559952368274
2024-09-28,0.00029459379904559353,0.0003120513295878631,-1.74575305422697e-05,0.020924854158326844,0.0,0.0,0.933834973341279
2024-09-29,-0.0003500899503884627,-0.0003039807482058796,-4.610920218258323e-05,0.020924854158326844,0.0,0.0,0.9335080471017909
2024-09-30,-0.00025247202791423007,3.698107327723829e-05,-0.0002894531011914684,0.020924854158326844,0.0,0.0,0.9332723624320649
2024-10-01,-0.000412273074883769,-0.0213589503766096,0.02144479986456977,1.0,0.0004981225628439403,0.4981225628439403,0.932887599365501
2024-10-02,0.002700636229069827,-0.030406689283619004,0.03310732551268882,1.0,0.0,0.0,0.9354069894139975
2024-10-03,-0.0002932973176907461,-0.01122588712251436,0.010932589804823614,1.0,0.0,0.0,0.9351326370530532
2024-10-04,0.0016992905339609744,-0.004877270204009284,0.0065765607379702565,1.0,0.0,0.0,0.9367216990911954
2024-10-05,-0.0007904061570005476,0.02124394697718955,-0.02203435313419011,1.0,0.0,0.0,0.9359813084928377
2024-10-06,-0.002909053384845474,-0.0021432761012666825,-0.0007657772835787911,1.0,0.0,0.0,0.9332584888992145
2024-10-07,0.0018876010145443668,0.011521488967300342,-0.009633887952755965,1.0,0.0,0.0,0.9350201085696928
2024-10-08,-0.004110255360497632,-0.001052695797596871,-0.0030575595629007603,1.0,0.0,0.0,0.9311769371562711
2024-10-09,0.0017130033444340536,-0.005944003702530887,0.007657007046964935,1.0,0.0,0.0,0.9327720463638798
2024-10-10,0.002386747759402181,-0.012428851932845788,0.014815599692247978,1.0,0.0,0.0,0.9349983379555717
2024-10-11,0.000845958070603917,0.0017893262675286535,-0.0009433681969247365,1.0,0.0,0.0,0.9357893073455665
2024-10-12,-0.002292275171402238,0.019274600547434382,-0.021566875718836625,1.0,0.0,0.0,0.9336442207506745
2024-10-13,0.0006881941294467258,0.006592314600309254,-0.005904120470862532,1.0,0.0,0.0,0.9342867492223871
2024-10-14,-0.0012517052438960699,-0.0031489278475187277,0.0018972226036226556,1.0,0.0,0.0,0.9331172975990828
2024-10-15,-0.0031183959046119187,0.023160897964414305,-0.026279293869026218,1.0,0.0,0.0,0.9302074684397272
2024-10-16,0.0022589102547344443,-0.005269737307372268,0.007528647562106715,1.0,0.0,0.0,0.9323087236292162
2024-10-17,-0.00013898135726875916,-0.00672822326783051,0.006589241910561749,1.0,0.0,0.0,0.9321791500974127
2024-10-18,0.0002315352147719459,-0.008270289642275865,0.008501824857047806,1.0,0.0,0.0,0.9323949823971364
2024-10-19,-0.004994763445189719,0.012953636965060194,-0.017948400410249917,1.0,0.0,0.0,0.9277378900225809
2024-10-20,0.0014967667993225698,0.003365422639310619,-0.0018686558399880506,1.0,0.0,0.0,0.9291264972948403
2024-10-21,0.007386393912294167,0.022887125039743404,-0.015500731127449246,1.0,0.0,0.0,0.9359893915982102
2024-10-22,-0.0031853959879837336,-0.014721018080965856,0.01153562209298212,1.0,0.0,0.0,0.9330078947454179
2024-10-23,3.6920156824587e-06,-0.001624553094191765,0.001628245109874222,1.0,0.0,0.0,0.9330113394251972
2024-10-24,-0.0005452790985849432,-0.01517964992177278,0.014634370823187831,1.0,0.0,0.0,0.9325025878430659
2024-10-25,-0.00013535899299723668,0.005573497122214926,-0.0057088561152121575,1.0,0.0,0.0,0.9323763652318082
2024-10-26,0.0003207201908104663,-0.03324017755825038,0.03356089774906083,1.0,0.0,0.0,0.9326753971575725
2024-10-27,-0.003440872696905999,0.005046170123951326,-0.008487042820857325,1.0,0.0,0.0,0.9294661798484171
2024-10-28,0.000284625125010077,0.007974073340568525,-0.007689448215558445,1.0,0.0,0.0,0.9297307292760492
2024-10-29,0.0017932689887261895,0.004492715552790593,-0.002699446564064401,1.0,0.0,0.0,0.9313979865607256
2024-10-30,0.0005594792252406393,0.01954733732464887,-0.01898785809940824,1.0,0.0,0.0,0.9319190843846372
2024-10-31,0.0012487659558872595,-0.003928033123616877,0.005176799079504132,1.0,0.0,0.0,0.9330828332108584
2024-11-01,0.002703962624921452,-0.020226484171234797,0.022951837170487804,0.9999999999999999,2.139037433155082e-05,0.021390374331550818,0.9356058543178164
2024-11-02,0.000916973411319731,-0.0025812927379316587,0.00349826614925139,0.9999999999999999,0.0,0.0,0.9364637800097009
2024-11-03,-0.0010721139270931873,-0.010617327400890815,0.009545213473797635,0.9999999999999999,0.0,0.0,0.9354597841489342
2024-11-04,-0.0007107323051234498,-0.01307561487077233,0.012364882565648884,0.9999999999999999,0.0,0.0,0.9347949226601957
2024-11-05,0.0025992782026119363,-0.012140744012050586,0.014740022214662517,0.9999999999999999,0.0,0.0,0.9372247147265785
2024-11-06,-0.0025116546110992254,0.017200819207186416,-0.019712473818285645,0.9999999999999999,0.0,0.0,0.9348707299501994
2024-11-07,0.0005310111211669009,0.05106703912082363,-0.050536027999656716,0.9999999999999999,0.0,0.0,0.9353671567046564
2024-11-08,0.0023971479743331563,0.012834127154243896,-0.010436979179910743,0.9999999999999999,0.0,0.0,0.9376093701896088
2024-11-09,0.002552808888520933,0.005259219530981134,-0.0027064106424601973,0.9999999999999999,0.0,0.0,0.9400029077237894
2024-11-10,0.0022412306004588344,0.02267635607027021,-0.020435125469811383,0.9999999999999999,0.0,0.0,0.9421096710051002
2024-11-11,-0.00285961843773321,0.018261193139059415,-0.02112081157679263,0.9999999999999999,0.0,0.0,0.9394155968195274
2024-11-12,0.005850010611804323,0.03203397523376307,-0.02618396462195872,0.9999999999999999,0.0,0.0,0.944911188029816
2024-11-13,0.002738604031948509,-0.01456395806740001,0.017302562099348523,0.9999999999999999,0.0,0.0,0.9474989256191878
2024-11-14,0.00795316912039591,-0.0098924122159415,0.017845581336337412,0.9999999999999999,0.0,0.0,0.9550345448160307
2024-11-15,-0.0011083450137030033,-0.01832043600990122,0.017212090996198227,0.9999999999999999,0.0,0.0,0.9539760370403697
2024-11-16,0.0018985536041788455,0.022389161753574527,-0.020490608149395687,0.9999999999999999,0.0,0.0,0.955787211683793
2024-11-17,0.0003677695779236351,0.025978460973196303,-0.025610691395272663,0.9999999999999999,0.0,0.0,0.9561387211432187
2024-11-18,-0.0013309660248017753,-0.012037211936532215,0.010706245911730436,0.9999999999999999,0.0,0.0,0.9548661329903797
2024-11-19,0.005054927830723338,0.031566765076558215,-0.02651183724583488,0.9999999999999999,0.0,0.0,0.9596929123806479
2024-11-20,0.002061566159796212,-0.009683911753573483,0.011745477913369695,0.9999999999999999,0.0,0.0,0.9616713828126081
2024-11-21,-0.001150361676795116,-0.017491194905208746,0.016340833228413638,0.9999999999999999,0.0,0.0,0.9605651129081498
2024-11-22,-0.0004328587812714638,0.02605994014491424,-0.02649279892618572,0.9999999999999999,0.0,0.0,0.9601493238640446
2024-11-23,-0.0010597214159307944,0.009725799549580237,-0.010785520965511044,0.9999999999999999,0.0,0.0,0.9591318330630544
2024-11-24,-0.007523537067005811,0.026343916917265533,-0.03386745398427133,0.9999999999999999,0.0,0.0,0.9519157691648593
2024-11-25,-0.0024551871543149134,0.016822366833851455,-0.019277553988166378,0.9999999999999999,0.0,0.0,0.9495786377964159
2024-11-26,0.0020668778346484154,-0.006051742770453588,0.00811862060510201,0.9999999999999999,0.0,0.0,0.951541300835133
2024-11-27,-0.0009870262629284095,-0.002852626027151711,0.0018655997642233,0.9999999999999999,0.0,0.0,0.9506021045809476
2024-11-28,-0.003508012826389421,0.03262331489673193,-0.03613132772312137,0.9999999999999999,0.0,0.0,0.9472673802052849
2024-11-29,0.005301817227497525,0.003987618185747051,0.0013141990417504753,0.9999999999999999,0.0,0.0,0.9522896187207036
2024-11-30,-0.0023728592542377686,0.014647396171133961,-0.017020255425371722,0.9999999999999999,0.0,0.0,0.9500299694862075
2024-12-01,0.0014845363203232834,0.023082088403744965,-0.02158957336001744,1.0,7.978723404255303e-06,0.007978723404255303,0.9514403234813055
