date,f_btc,f_alt,alt_coverage,p_level,frac_hot_180,frac_cold_180,struct_hot,early_hot,struct_cold,score_raw,funding_regime_long,regime_bucket
2024-11-03,,,0.0,,,,,,,,,
2024-11-04,,,0.0,,,,,,,,,
2024-11-05,,,0.0,,,,,,,,,
2024-11-06,,,0.0,,,,,,,,,
2024-11-07,,,0.0,,,,,,,,,
2024-11-08,,,0.0,,,,,,,,,
2024-11-09,,,0.0,,,,,,,,,
2024-11-10,,,0.0,,,,,,,,,
2024-11-11,,,0.0,,,,,,,,,
2024-11-12,,,0.0,,,,,,,,,
2024-11-13,,,0.0,,,,,,,,,
2024-11-14,,,0.0,,,,,,,,,
2024-11-15,,,0.0,,,,,,,,,
2024-11-16,,,0.0,,,,,,,,,
2024-11-17,,,0.0,,,,,,,,,
2024-11-18,,,0.0,,,,,,,,,
2024-11-19,,,0.0,,,,,,,,,
2024-11-20,,,0.0,,,,,,,,,
2024-11-21,,,0.0,,,,,,,,,
2024-11-22,,,0.0,,,,,,,,,
2024-11-23,,,0.0,,,,,,,,,
2024-11-24,,,0.0,,,,,,,,,
2024-11-25,,,0.0,,,,,,,,,
2024-11-26,,,0.0,,,,,,,,,
2024-11-27,,,0.0,,,,,,,,,
2024-11-28,,,0.0,,,,,,,,,
2024-11-29,,,0.0,,,,,,,,,
2024-11-30,,,0.0,,,,,,,,,
2024-12-01,,,0.0,,,,,,,,,
2024-12-02,,,0.0,,,,,,,,,
2024-12-03,,,0.0,,,,,,,,,
2024-12-04,,,0.0,,,,,,,,,
2024-12-05,,,0.0,,,,,,,,,
2024-12-06,,,0.0,,,,,,,,,
2024-12-07,,,0.0,,,,,,,,,
2024-12-08,,,0.0,,,,,,,,,
2024-12-09,,,0.0,,,,,,,,,
2024-12-10,,,0.0,,,,,,,,,
2024-12-11,,,0.0,,,,,,,,,
2024-12-12,,,0.0,,,,,,,,,
2024-12-13,,,0.0,,,,,,,,,
2024-12-14,,,0.0,,,,,,,,,
2024-12-15,,,0.0,,,,,,,,,
2024-12-16,,,0.0,,,,,,,,,
2024-12-17,,,0.0,,,,,,,,,
2024-12-18,,,0.0,,,,,,,,,
2024-12-19,,,0.0,,,,,,,,,
2024-12-20,,,0.0,,,,,,,,,
2024-12-21,,,0.0,,,,,,,,,
2024-12-22,,,0.0,,,,,,,,,
2024-12-23,,,0.0,,,,,,,,,
2024-12-24,,,0.0,,,,,,,,,
2024-12-25,,,0.0,,,,,,,,,
2024-12-26,,,0.0,,,,,,,,,
2024-12-27,,,0.0,,,,,,,,,
2024-12-28,,,0.0,,,,,,,,,
2024-12-29,,,0.0,,,,,,,,,
2024-12-30,,,0.0,,,,,,,,,
2024-12-31,,,0.0,,,,,,,,,
2025-01-01,,,0.0,,,,,,,,,
2025-01-02,,,0.0,,,,,,,,,
2025-01-03,,,0.0,,,,,,,,,
2025-01-04,,,0.0,,,,,,,,,
2025-01-05,,,0.0,,,,,,,,,
2025-01-06,,,0.0,,,,,,,,,
2025-01-07,,,0.0,,,,,,,,,
2025-01-08,,,0.0,,,,,,,,,
2025-01-09,0.0048913333333333,0.0045775277777777,0.8727272727272727,,,,,,,,,
2025-01-10,0.0066096666666666,0.0076046423611111,0.8727272727272727,,,,,,,,,
2025-01-11,0.0073,0.0059150173611111,0.8727272727272727,,,,,,,,,
2025-01-12,0.0088106666666666,0.0071745138888888,0.8727272727272727,,,,,,,,,
2025-01-13,0.0086463333333333,-0.0106817083333333,0.8727272727272727,,,,,,,,,
2025-01-14,0.00796,0.0049364791666666,0.8727272727272727,,,,,,,,,
2025-01-15,0.005588,0.009293,0.8727272727272727,,,,,,,,,
2025-01-16,0.0094126666666666,0.0106945902777777,0.8727272727272727,,,,,,,,,
2025-01-17,0.008253,0.0105234027777777,0.8727272727272727,,,,,,,,,
2025-01-18,0.0116586666666666,0.0108378819444444,0.8727272727272727,,,,,,,,,
2025-01-19,0.0136516666666666,0.0108381145833333,0.8727272727272727,,,,,,,,,
2025-01-20,0.0197573333333333,0.0101359965277777,0.8727272727272727,,,,,,,,,
2025-01-21,0.0099119999999999,0.0086887222222222,0.8727272727272727,,,,,,,,,
2025-01-22,0.0070973333333333,0.0095239270833333,0.8727272727272727,,,,,,,,,
2025-01-23,0.0071876666666666,0.0085548819444444,0.8727272727272727,,,,,,,,,
2025-01-24,0.006168,0.0072191805555555,0.8727272727272727,,,,,,,,,
2025-01-25,0.0093253333333333,0.0078065277777777,0.8727272727272727,,,,,,,,,
2025-01-26,0.0096053333333333,0.0022591249999999,0.8727272727272727,,,,,,,,,
2025-01-27,0.0052296666666666,0.0024263958333333,0.8727272727272727,,,,,,,,,
2025-01-28,0.0077476666666666,0.0044468993055555,0.8727272727272727,,,,,,,,,
2025-01-29,0.0082583333333333,0.0043716770833333,0.8727272727272727,,,,,,,,,
2025-01-30,0.0080866666666666,0.0075972986111111,0.8727272727272727,,,,,,,,,
2025-01-31,0.00739,0.0026314756944444,0.8727272727272727,,,,,,,,,
2025-02-01,0.0059333333333333,-0.0176556666666666,0.8727272727272727,,,,,,,,,
2025-02-02,0.0045126666666666,-0.0058445972222222,0.8727272727272727,,,,,,,,,
2025-02-03,3.166666666666668e-05,-0.0133829756944444,0.8727272727272727,,,,,,,,,
2025-02-04,0.0059416666666666,-0.0076656736111111,0.8727272727272727,,,,,,,,,
2025-02-05,0.0057186666666666,-0.0028570659722222,0.8727272727272727,,,,,,,,,
2025-02-06,0.0056543333333333,-0.0069888298611111,0.8727272727272727,,,,,,,,,
2025-02-07,0.0039003333333333,-0.0030898541666666,0.8727272727272727,,,,,,,,,
2025-02-08,0.0035976666666666,0.0007213611111111,0.8727272727272727,,,,,,,,,
2025-02-09,0.0053176666666666,0.0005815277777777,0.8727272727272727,,,,,,,,,
2025-02-10,0.0074923333333333,0.0019681666666666,0.8727272727272727,,,,,,,,,
2025-02-11,0.0047286666666666,-0.0006067847222222,0.8727272727272727,,,,,,,,,
2025-02-12,0.006868,0.0013008819444444,0.8727272727272727,,,,,,,,,
2025-02-13,0.007512,-8.472222222222186e-05,0.8727272727272727,,,,,,,,,
2025-02-14,0.0051253333333333,0.0021189722222222,0.8727272727272727,,,,,,,,,
2025-02-15,0.0059646666666666,-0.0015240798611111,0.8727272727272727,,,,,,,,,
2025-02-16,0.00586,-0.0028815798611111,0.8727272727272727,,,,,,,,,
2025-02-17,0.006855,-0.0097749930555555,0.8727272727272727,,,,,,,,,
2025-02-18,0.0092583333333333,-0.0099736111111111,0.8727272727272727,,,,,,,,,
2025-02-19,0.0062066666666666,-0.0026644548611111,0.8727272727272727,,,,,,,,,
2025-02-20,0.001905,0.0024923402777777,0.8727272727272727,,,,,,,,,
2025-02-21,0.0101053333333333,0.0036027708333333,0.8727272727272727,,,,,,,,,
2025-02-22,0.0076953333333333,0.0034108784722222,0.8727272727272727,,,,,,,,,
2025-02-23,0.0074066666666666,0.0023821840277777,0.8727272727272727,,,,,,,,,
2025-02-24,0.0090313333333333,-0.0006989618055555,0.8727272727272727,,,,,,,,,
2025-02-25,0.008664,-0.0013038020833333,0.8727272727272727,,,,,,,,,
2025-02-26,0.0084536666666666,0.0044922326388888,0.8727272727272727,,,,,,,,,
2025-02-27,0.0077456666666666,0.0057740451388888,0.8727272727272727,,,,,,,,,
2025-02-28,0.0053546666666666,0.00302184375,0.8727272727272727,,,,,,,,,
2025-03-01,0.0015113333333333,0.0034188472222222,0.8727272727272727,,,,,,,,,
2025-03-02,0.0010256666666666,0.0050305347222222,0.8727272727272727,,,,,,,,,
2025-03-03,0.0064956666666666,0.0007901493055555,0.8727272727272727,,,,,,,,,
2025-03-04,0.0020473333333333,-0.0037898402777777,0.8727272727272727,,,,,,,,,
2025-03-05,0.0037396666666666,0.0015825729166666,0.8727272727272727,,,,,,,,,
2025-03-06,0.0055083333333333,0.0016695729166666,0.8727272727272727,,,,,,,,,
2025-03-07,0.0040466666666666,0.0032668611111111,0.8727272727272727,,,,,,,,,
2025-03-08,0.0012963333333333,-0.0013330312499999,0.8727272727272727,,,,,,,,,
2025-03-09,0.0041123333333333,-0.0067255347222222,0.8727272727272727,0.11666666666666667,0.26229508196721313,0.26229508196721313,0.18948087431693988,0.0,0.26229508196721313,0.03499999999999999,0.4708333333333333,RED
2025-03-10,0.0033996666666666,-0.0052842916666666,0.8727272727272727,0.14754098360655737,0.25806451612903225,0.25806451612903225,0.2028027498677948,0.0,0.25806451612903225,0.04426229508196722,0.46311475409836067,RED
2025-03-11,0.0037373333333333,-0.0014539652777777,0.8727272727272727,0.25806451612903225,0.25396825396825395,0.25396825396825395,0.2560163850486431,0.004096262160778297,0.25396825396825395,0.07619047619047618,0.4365079365079365,AMBER
2025-03-12,0.0037643333333333,0.0018293055555555,0.8727272727272727,0.4444444444444444,0.25,0.25,0.3472222222222222,0.19444444444444442,0.25,0.07499999999999998,0.4375,AMBER
2025-03-13,0.003446,0.0028640590277777,0.8727272727272727,0.5625,0.26153846153846155,0.26153846153846155,0.41201923076923075,0.30096153846153845,0.26153846153846155,0.07846153846153843,0.4346153846153846,GREEN
2025-03-14,0.0017243333333333,0.0031019409722222,0.8727272727272727,0.6,0.25757575757575757,0.25757575757575757,0.4287878787878788,0.3424242424242424,0.25757575757575757,0.07727272727272727,0.43560606060606055,GREEN
2025-03-15,0.0008326666666666,0.0023158923611111,0.8727272727272727,0.5,0.2537313432835821,0.2537313432835821,0.3768656716417911,0.2462686567164179,0.2537313432835821,0.07611940298507465,0.43656716417910446,AMBER
2025-03-16,0.0007196666666666,-0.0006248090277777,0.8727272727272727,0.29850746268656714,0.25,0.25,0.27425373134328357,0.04850746268656714,0.25,0.07500000000000001,0.4374999999999999,AMBER
2025-03-17,0.00191,0.0025730902777777,0.8727272727272727,0.5588235294117647,0.2608695652173913,0.2608695652173913,0.40984654731457804,0.2979539641943734,0.2608695652173913,0.0782608695652174,0.4347826086956522,GREEN
2025-03-18,0.004489,0.0015535208333333,0.8727272727272727,0.391304347826087,0.2571428571428571,0.2571428571428571,0.324223602484472,0.13416149068322986,0.2571428571428571,0.0771428571428571,0.4357142857142857,GREEN
2025-03-19,0.001993,0.0036642673611111,0.8727272727272727,0.6857142857142857,0.2535211267605634,0.2535211267605634,0.46961770623742455,0.43219315895372235,0.2535211267605634,0.076056338028169,0.43661971830985913,AMBER
2025-03-20,0.004275,0.0029448055555555,0.8727272727272727,0.5915492957746479,0.25,0.25,0.42077464788732394,0.3415492957746479,0.25,0.075,0.4375,AMBER
2025-03-21,0.002802,0.00103459375,0.8727272727272727,0.3611111111111111,0.2602739726027397,0.2602739726027397,0.3106925418569254,0.1008371385083714,0.2602739726027397,0.0780821917808219,0.43493150684931514,GREEN
2025-03-22,0.0013156666666666,0.0033873229166666,0.8727272727272727,0.6438356164383562,0.25675675675675674,0.25675675675675674,0.45029618659755644,0.38707885968159944,0.25675675675675674,0.077027027027027,0.43581081081081086,GREEN
2025-03-23,0.0008889999999999,0.0032335937499999,0.8727272727272727,0.6216216216216216,0.25333333333333335,0.25333333333333335,0.43747747747747745,0.36828828828828825,0.25333333333333335,0.076,0.43666666666666665,AMBER
2025-03-24,-0.001268,0.0027262951388888,0.8727272727272727,0.5466666666666666,0.25,0.25,0.3983333333333333,0.29666666666666663,0.25,0.075,0.4375,AMBER
2025-03-25,-0.0002863333333333,0.0041222152777777,0.8727272727272727,0.7105263157894737,0.2597402597402597,0.2597402597402597,0.4851332877648667,0.45078605604921396,0.2597402597402597,0.07792207792207792,0.43506493506493504,GREEN
2025-03-26,0.0020703333333333,3.6909722222217695e-06,0.8727272727272727,0.2987012987012987,0.2564102564102564,0.2564102564102564,0.27755577755577754,0.0422910422910423,0.2564102564102564,0.07692307692307691,0.4358974358974359,GREEN
2025-03-27,0.0002476666666666,0.0027447638888888,0.8727272727272727,0.5641025641025641,0.25316455696202533,0.25316455696202533,0.4086335605322947,0.31093800714053876,0.25316455696202533,0.07594936708860761,0.43670886075949356,AMBER
2025-03-28,0.0064763333333333,0.0010803402061855,0.8818181818181818,0.3670886075949367,0.25,0.25,0.30854430379746833,0.11708860759493672,0.25,0.07499999999999998,0.4375,AMBER
2025-03-29,0.0036493333333333,-0.0011384054982817,0.8818181818181818,0.2375,0.25925925925925924,0.25925925925925924,0.24837962962962962,0.0,0.25925925925925924,0.07125,0.44062499999999993,AMBER
2025-03-30,0.002364,-0.0009234226804123,0.8818181818181818,0.24691358024691357,0.25609756097560976,0.25609756097560976,0.25150557061126166,0.0,0.25609756097560976,0.07407407407407406,0.43827160493827155,AMBER
2025-03-31,0.0043626666666666,0.0009610240549828,0.8818181818181818,0.36585365853658536,0.25301204819277107,0.25301204819277107,0.3094328533646782,0.11284161034381429,0.25301204819277107,0.0759036144578313,0.4367469879518072,AMBER
2025-04-01,0.003155,-0.0070438213058419,0.8818181818181818,0.07228915662650602,0.25,0.25,0.16114457831325302,0.0,0.25,0.02168674698795181,0.4819277108433735,RED
2025-04-02,0.0038816666666666,-0.002153735395189,0.8818181818181818,0.19047619047619047,0.25882352941176473,0.25882352941176473,0.2246498599439776,0.0,0.25882352941176473,0.05714285714285715,0.45238095238095233,RED
2025-04-03,0.0072753333333333,-7.041237113402025e-05,0.8818181818181818,0.3176470588235294,0.2558139534883721,0.2558139534883721,0.28673050615595075,0.06183310533515729,0.2558139534883721,0.07674418604651163,0.436046511627907,GREEN
2025-04-04,0.0078856666666666,-2.497250859106432e-05,0.8818181818181818,0.32558139534883723,0.25287356321839083,0.25287356321839083,0.28922747928361403,0.0727078321304464,0.25287356321839083,0.07586206896551724,0.4367816091954022,AMBER
2025-04-05,0.0063746666666666,0.0017785326460481,0.8818181818181818,0.47126436781609193,0.25,0.25,0.36063218390804597,0.22126436781609193,0.25,0.07500000000000001,0.4374999999999999,AMBER
2025-04-06,0.0048003333333333,-0.0048773264604811,0.8818181818181818,0.13636363636363635,0.25842696629213485,0.25842696629213485,0.1973953013278856,0.0,0.25842696629213485,0.040909090909090895,0.46590909090909094,RED
2025-04-07,0.0040426666666666,-0.0102519381443298,0.8818181818181818,0.033707865168539325,0.25555555555555554,0.25555555555555554,0.14463171036204742,0.0,0.25555555555555554,0.010112359550561792,0.4915730337078652,RED
2025-04-08,0.0067973333333333,-0.0076849312714776,0.8818181818181818,0.06666666666666667,0.25274725274725274,0.25274725274725274,0.1597069597069597,0.0,0.25274725274725274,0.01999999999999999,0.4833333333333333,RED
2025-04-09,0.005634,0.0001631305841924,0.8818181818181818,0.37362637362637363,0.25,0.25,0.3118131868131868,0.12362637362637363,0.25,0.07500000000000001,0.4374999999999999,AMBER
2025-04-10,0.0042483333333333,-0.0051100171821305,0.8818181818181818,0.14130434782608695,0.25806451612903225,0.25806451612903225,0.19968443197755958,0.0,0.25806451612903225,0.04239130434782608,0.46467391304347827,RED
2025-04-11,0.0029276666666666,0.001942030927835,0.8818181818181818,0.5161290322580645,0.2553191489361702,0.2553191489361702,0.3857240905971173,0.2608098833218943,0.2553191489361702,0.07659574468085102,0.43617021276595747,GREEN
2025-04-12,0.0037199999999999,-0.0008265567010309,0.8818181818181818,0.2978723404255319,0.25263157894736843,0.25263157894736843,0.27525195968645016,0.04524076147816347,0.25263157894736843,0.0757894736842105,0.4368421052631579,AMBER
2025-04-13,0.0062136666666666,-0.0053091065292096,0.8818181818181818,0.12631578947368421,0.25,0.25,0.1881578947368421,0.0,0.25,0.03789473684210526,0.46842105263157885,RED
2025-04-14,0.0027346666666666,-0.0008730240549828,0.8818181818181818,0.2916666666666667,0.25773195876288657,0.25773195876288657,0.27469931271477666,0.033934707903780115,0.25773195876288657,0.07731958762886597,0.43556701030927836,GREEN
2025-04-15,0.003481,0.0005995463917525,0.8818181818181818,0.41237113402061853,0.25510204081632654,0.25510204081632654,0.33373658741847256,0.157269093204292,0.25510204081632654,0.07653061224489797,0.4362244897959183,GREEN
2025-04-16,0.0017033333333333,-0.0025618144329896,0.8818181818181818,0.21428571428571427,0.25252525252525254,0.25252525252525254,0.2334054834054834,0.0,0.25252525252525254,0.06428571428571427,0.4464285714285714,RED
2025-04-17,0.002494,0.0014715223367697,0.8818181818181818,0.48484848484848486,0.25,0.25,0.36742424242424243,0.23484848484848486,0.25,0.075,0.4375,AMBER
2025-04-18,0.0036416666666666,0.0011556597938144,0.8818181818181818,0.46,0.25742574257425743,0.25742574257425743,0.3587128712871287,0.2025742574257426,0.25742574257425743,0.07722772277227724,0.4356435643564357,GREEN
2025-04-19,0.0034326666666666,0.0019845189003436,0.8818181818181818,0.5643564356435643,0.2549019607843137,0.2549019607843137,0.409629198213939,0.3094544748592506,0.2549019607843137,0.07647058823529411,0.4362745098039216,GREEN
2025-04-20,0.002193,-0.0051435360824742,0.8818181818181818,0.13725490196078433,0.2524271844660194,0.2524271844660194,0.19484104321340187,0.0,0.2524271844660194,0.04117647058823529,0.46568627450980393,RED
2025-04-21,0.0016279999999999,-0.0046869347079037,0.8818181818181818,0.17475728155339806,0.25,0.25,0.21237864077669905,0.0,0.25,0.05242718446601942,0.4563106796116504,RED
2025-04-22,-0.0060616666666666,-0.0074355567010309,0.8818181818181818,0.07692307692307693,0.2571428571428571,0.2571428571428571,0.16703296703296702,0.0,0.2571428571428571,0.023076923076923078,0.4807692307692307,RED
2025-04-23,0.0009986666666666,0.0067618109965635,0.8818181818181818,0.8571428571428571,0.25471698113207547,0.25471698113207547,0.5559299191374663,0.6024258760107817,0.25471698113207547,0.07641509433962262,0.4363207547169812,GREEN
2025-04-24,0.0005073333333333,0.0075066666666666,0.8818181818181818,0.8867924528301887,0.2523364485981308,0.2523364485981308,0.5695644507141597,0.634456004232058,0.2523364485981308,0.07570093457943916,0.4369158878504673,AMBER
2025-04-25,-0.0033766666666666,0.0070360824742268,0.8818181818181818,0.8598130841121495,0.25,0.25,0.5549065420560748,0.6098130841121495,0.25,0.07499999999999998,0.4375,AMBER
2025-04-26,0.0020366666666666,0.0069863298969072,0.8818181818181818,0.8518518518518519,0.25688073394495414,0.25688073394495414,0.554366292898403,0.5949711179068977,0.25688073394495414,0.07706422018348622,0.4357798165137614,GREEN
2025-04-27,0.0029063333333333,0.0042170412371134,0.8818181818181818,0.7614678899082569,0.2545454545454545,0.2545454545454545,0.5080066722268557,0.5069224353628023,0.2545454545454545,0.07636363636363636,0.4363636363636364,GREEN
2025-04-28,0.0009216666666666,0.0033456323024054,0.8818181818181818,0.6909090909090909,0.25225225225225223,0.25225225225225223,0.4715806715806716,0.4386568386568387,0.25225225225225223,0.07567567567567568,0.4369369369369369,AMBER
2025-04-29,0.0013713333333333,0.0043013230240549,0.8818181818181818,0.7657657657657657,0.25,0.25,0.5078828828828829,0.5157657657657657,0.25,0.07500000000000001,0.4374999999999999,AMBER
2025-04-30,0.0040956666666666,0.0036319450171821,0.8818181818181818,0.7232142857142857,0.25663716814159293,0.25663716814159293,0.48992572692793934,0.46657711757269277,0.25663716814159293,0.0769911504424779,0.4358407079646017,GREEN
2025-05-01,-0.0043453333333333,0.0063718453608247,0.8818181818181818,0.8407079646017699,0.2543859649122807,0.2543859649122807,0.5475469647570252,0.5863219996894892,0.2543859649122807,0.07631578947368417,0.4364035087719298,GREEN
2025-05-02,-0.0040463333333333,0.0059380824742268,0.8818181818181818,0.8333333333333334,0.25217391304347825,0.25217391304347825,0.5427536231884058,0.5811594202898551,0.25217391304347825,0.07565217391304346,0.43695652173913047,AMBER
2025-05-03,0.0017373333333333,0.0028896288659793,0.8818181818181818,0.6260869565217392,0.25,0.25,0.4380434782608696,0.3760869565217392,0.25,0.07500000000000001,0.4374999999999999,AMBER
2025-05-04,0.0031243333333333,0.0013713814432989,0.8818181818181818,0.4482758620689655,0.2564102564102564,0.2564102564102564,0.35234305923961096,0.19186560565870914,0.2564102564102564,0.0769230769230769,0.4358974358974359,GREEN
2025-05-05,0.004185,0.0010190687285223,0.8818181818181818,0.41025641025641024,0.2542372881355932,0.2542372881355932,0.3322468491960017,0.15601912212081703,0.2542372881355932,0.07627118644067798,0.43644067796610164,AMBER
2025-05-06,0.0034909999999999,0.0002941271477663,0.8818181818181818,0.3559322033898305,0.25210084033613445,0.25210084033613445,0.30401652186298245,0.10383136305369606,0.25210084033613445,0.0756302521008403,0.4369747899159664,AMBER
2025-05-07,0.0015276666666666,0.0025455635738831,0.8818181818181818,0.5798319327731093,0.25,0.25,0.41491596638655465,0.3298319327731093,0.25,0.07499999999999998,0.4375,AMBER
2025-05-08,0.0048983333333333,0.0065048900343642,0.8818181818181818,0.8416666666666667,0.256198347107438,0.256198347107438,0.5489325068870523,0.5854683195592287,0.256198347107438,0.07685950413223133,0.43595041322314054,GREEN
2025-05-09,0.00781,0.0096505773195876,0.8818181818181818,0.9504132231404959,0.2540983606557377,0.2540983606557377,0.6022557918981168,0.6963148624847582,0.2540983606557377,0.07622950819672136,0.4364754098360655,AMBER
2025-05-10,0.008551,0.0105638144329896,0.8818181818181818,0.9754098360655737,0.25203252032520324,0.25203252032520324,0.6137211781953885,0.7233773157403705,0.25203252032520324,0.07560975609756096,0.4369918699186992,AMBER
2025-05-11,0.0096759999999999,0.0096688625429553,0.8818181818181818,0.943089430894309,0.25,0.25,0.5965447154471545,0.693089430894309,0.25,0.07499999999999998,0.4375,AMBER
2025-05-12,0.0093743333333333,0.0102479209621993,0.8818181818181818,0.9596774193548387,0.256,0.256,0.6078387096774194,0.7036774193548387,0.256,0.07680000000000001,0.43600000000000005,GREEN
2025-05-13,0.0072713333333333,0.0094691271477663,0.8818181818181818,0.92,0.25396825396825395,0.25396825396825395,0.5869841269841269,0.6660317460317461,0.25396825396825395,0.07619047619047614,0.4365079365079365,AMBER
2025-05-14,0.0048239999999999,0.0080741890034364,0.8818181818181818,0.8888888888888888,0.25196850393700787,0.25196850393700787,0.5704286964129484,0.636920384951881,0.25196850393700787,0.07559055118110239,0.43700787401574803,AMBER
2025-05-15,0.0046606666666666,0.0050667422680412,0.8818181818181818,0.7637795275590551,0.25,0.25,0.5068897637795275,0.5137795275590551,0.25,0.07499999999999996,0.4375,AMBER
2025-05-16,0.004044,0.0059339243986254,0.8818181818181818,0.7890625,0.2558139534883721,0.2558139534883721,0.522438226744186,0.5332485465116279,0.2558139534883721,0.07674418604651162,0.436046511627907,GREEN
2025-05-17,0.0044376666666666,0.0040525395189003,0.8818181818181818,0.6821705426356589,0.25384615384615383,0.25384615384615383,0.46800834824090637,0.4283243887895051,0.25384615384615383,0.07615384615384616,0.43653846153846154,AMBER
2025-05-18,0.0073846666666666,0.0061057594501718,0.8818181818181818,0.8,0.25190839694656486,0.25190839694656486,0.5259541984732825,0.5480916030534352,0.25190839694656486,0.0755725190839695,0.4370229007633588,AMBER
2025-05-19,0.0065356666666666,0.0045085670103092,0.8818181818181818,0.7251908396946565,0.25,0.25,0.48759541984732824,0.4751908396946565,0.25,0.07499999999999998,0.4375,AMBER
2025-05-20,0.0048493333333333,0.0061089828178694,0.8818181818181818,0.7954545454545454,0.2556390977443609,0.2556390977443609,0.5255468215994532,0.5398154477101845,0.2556390977443609,0.07669172932330828,0.43609022556390975,GREEN
2025-05-21,0.0100506666666666,0.0080615429553264,0.8818181818181818,0.8796992481203008,0.2537313432835821,0.2537313432835821,0.5667152957019415,0.6259679048367186,0.2537313432835821,0.07611940298507464,0.43656716417910446,AMBER
2025-05-22,0.0084736666666666,0.009840618556701,0.8818181818181818,0.9477611940298507,0.2518518518518518,0.2518518518518518,0.5998065229408512,0.6959093421779989,0.2518518518518518,0.07555555555555551,0.4370370370370371,AMBER
2025-05-23,0.0082913333333333,0.0087007216494845,0.8818181818181818,0.9037037037037037,0.25,0.25,0.5768518518518518,0.6537037037037037,0.25,0.07499999999999998,0.4375,AMBER
2025-05-24,0.0051696666666666,0.004886089347079,0.8818181818181818,0.7205882352941176,0.25547445255474455,0.25547445255474455,0.4880313439244311,0.4651137827393731,0.25547445255474455,0.07664233576642332,0.4361313868613139,GREEN
2025-05-25,0.0054323333333333,0.0044284742268041,0.8818181818181818,0.6788321167883211,0.2536231884057971,0.2536231884057971,0.4662276525970591,0.425208928382524,0.2536231884057971,0.07608695652173911,0.43659420289855067,AMBER
2025-05-26,0.007965,0.0066863024054982,0.8818181818181818,0.7971014492753623,0.2517985611510791,0.2517985611510791,0.5244500052132207,0.5453028881242832,0.2517985611510791,0.07553956834532374,0.4370503597122303,AMBER
2025-05-27,0.004058,0.0076921443298969,0.8818181818181818,0.8633093525179856,0.25,0.25,0.5566546762589928,0.6133093525179856,0.25,0.07499999999999996,0.4375,AMBER
2025-05-28,0.0052013333333333,0.0064870068728522,0.8818181818181818,0.7857142857142857,0.2553191489361702,0.2553191489361702,0.520516717325228,0.5303951367781155,0.2553191489361702,0.07659574468085109,0.43617021276595747,GREEN
2025-05-29,0.0064713333333333,0.0052625532646048,0.8818181818181818,0.7304964539007093,0.2535211267605634,0.2535211267605634,0.4920087903306363,0.4769753271401459,0.2535211267605634,0.076056338028169,0.43661971830985913,AMBER
2025-05-30,0.0070913333333333,0.0001556701030927,0.8818181818181818,0.29577464788732394,0.2517482517482518,0.2517482517482518,0.2737614498177878,0.044026396139072166,0.2517482517482518,0.07552447552447553,0.4370629370629371,AMBER
2025-05-31,0.006185,-0.0016881099656357,0.8818181818181818,0.18181818181818182,0.25,0.25,0.2159090909090909,0.0,0.25,0.05454545454545455,0.4545454545454545,RED
2025-06-01,0.0054023333333333,0.0027238762886597,0.8818181818181818,0.5138888888888888,0.25517241379310346,0.25517241379310346,0.3845306513409962,0.2587164750957854,0.25517241379310346,0.07655172413793106,0.43620689655172407,GREEN
2025-06-02,0.006227,0.0051568350515463,0.8818181818181818,0.7241379310344828,0.2534246575342466,0.2534246575342466,0.4887812942843647,0.4707132735002362,0.2534246575342466,0.07602739726027397,0.4366438356164384,AMBER
2025-06-03,0.0042883333333333,0.0060153333333333,0.8818181818181818,0.7671232876712328,0.25170068027210885,0.25170068027210885,0.5094119839716709,0.5154226073991239,0.25170068027210885,0.0755102040816327,0.4370748299319728,AMBER
2025-06-04,0.0037793333333333,0.0045997044673539,0.8818181818181818,0.6938775510204082,0.25,0.25,0.4719387755102041,0.44387755102040816,0.25,0.07500000000000001,0.4374999999999999,AMBER
2025-06-05,0.004983,0.0011828934707903,0.8818181818181818,0.3716216216216216,0.2550335570469799,0.2550335570469799,0.3133275893343007,0.11658806457464171,0.2550335570469799,0.07651006711409396,0.43624161073825507,GREEN
2025-06-06,-0.00293,8.490721649484536e-05,0.8818181818181818,0.28187919463087246,0.25333333333333335,0.25333333333333335,0.2676062639821029,0.02854586129753911,0.25333333333333335,0.076,0.43666666666666665,AMBER
2025-06-07,0.0003896666666666,0.0044437628865979,0.8818181818181818,0.6666666666666666,0.25165562913907286,0.25165562913907286,0.45916114790286977,0.4150110375275938,0.25165562913907286,0.07549668874172186,0.4370860927152318,AMBER
2025-06-08,-0.0018806666666666,0.003007295532646,0.8818181818181818,0.543046357615894,0.25,0.25,0.396523178807947,0.29304635761589404,0.25,0.07499999999999997,0.4375,AMBER
2025-06-09,0.0013299999999999,0.003739649484536,0.8818181818181818,0.618421052631579,0.2549019607843137,0.2549019607843137,0.43666150670794635,0.3635190918472653,0.2549019607843137,0.07647058823529407,0.4362745098039216,GREEN
2025-06-10,0.0083856666666666,0.008188,0.8818181818181818,0.8954248366013072,0.2532467532467532,0.2532467532467532,0.5743357949240302,0.6421780833545541,0.2532467532467532,0.07597402597402594,0.4366883116883117,AMBER
2025-06-11,0.0067723333333333,0.0076876597938144,0.8818181818181818,0.8636363636363636,0.25161290322580643,0.25161290322580643,0.557624633431085,0.6120234604105572,0.25161290322580643,0.07548387096774187,0.4370967741935484,AMBER
2025-06-12,0.0054743333333333,0.0031298144329896,0.8818181818181818,0.5548387096774193,0.25,0.25,0.40241935483870966,0.30483870967741933,0.25,0.075,0.4375,AMBER
2025-06-13,0.0035646666666666,-0.0004847560137457,0.8818181818181818,0.24358974358974358,0.25477707006369427,0.25477707006369427,0.2491834068267189,0.0,0.25477707006369427,0.07307692307692305,0.4391025641025641,AMBER
2025-06-14,0.0017236666666666,0.0021061821305841,0.8818181818181818,0.43312101910828027,0.25316455696202533,0.25316455696202533,0.3431427880351528,0.17995646214625494,0.25316455696202533,0.07594936708860762,0.43670886075949356,AMBER
2025-06-15,0.0066133333333333,0.0027291305841924,0.8818181818181818,0.5063291139240507,0.25157232704402516,0.25157232704402516,0.3789507204840379,0.2547567868800255,0.25157232704402516,0.07547169811320752,0.4371069182389937,AMBER
2025-06-16,0.0026353333333333,0.0055695429553264,0.8818181818181818,0.7421383647798742,0.25,0.25,0.4960691823899371,0.49213836477987416,0.25,0.07499999999999998,0.4375,AMBER
2025-06-17,0.0047636666666666,0.0050825326460481,0.8818181818181818,0.725,0.2546583850931677,0.2546583850931677,0.48982919254658386,0.4703416149068323,0.2546583850931677,0.0763975155279503,0.4363354037267081,GREEN
2025-06-18,0.0044176666666666,0.0024841615120274,0.8818181818181818,0.45962732919254656,0.25308641975308643,0.25308641975308643,0.3563568744728165,0.20654090943946013,0.25308641975308643,0.07592592592592595,0.43672839506172834,AMBER
2025-06-19,0.0043303333333333,0.0030643333333333,0.8818181818181818,0.5432098765432098,0.25153374233128833,0.25153374233128833,0.3973718094372491,0.2916761342119215,0.25153374233128833,0.07546012269938647,0.43711656441717794,AMBER
2025-06-20,0.0065213333333333,0.0033781615120274,0.8818181818181818,0.5828220858895705,0.25,0.25,0.41641104294478526,0.3328220858895705,0.25,0.075,0.4375,AMBER
2025-06-21,0.004608,0.0004252577319587,0.8818181818181818,0.2926829268292683,0.2545454545454545,0.2545454545454545,0.27361419068736137,0.038137472283813756,0.2545454545454545,0.07636363636363633,0.4363636363636364,GREEN
2025-06-22,0.0046426666666666,-0.0007098384879725,0.8818181818181818,0.21212121212121213,0.25301204819277107,0.25301204819277107,0.23256663015699158,0.0,0.25301204819277107,0.06363636363636362,0.446969696969697,RED
2025-06-23,0.0005963333333333,0.0016178144329896,0.8818181818181818,0.3855421686746988,0.25149700598802394,0.25149700598802394,0.3185195873313614,0.13404516268667488,0.25149700598802394,0.07544910179640717,0.437125748502994,AMBER
2025-06-24,0.001266,0.0046512680412371,0.8818181818181818,0.7065868263473054,0.25,0.25,0.4782934131736527,0.4565868263473054,0.25,0.07499999999999998,0.4375,AMBER
2025-06-25,-0.0001226666666666,0.0036951821305841,0.8818181818181818,0.625,0.25443786982248523,0.25443786982248523,0.4397189349112426,0.37056213017751477,0.25443786982248523,0.07633136094674552,0.43639053254437876,GREEN
2025-06-26,0.0011576666666666,0.0024096735395189,0.8818181818181818,0.4556213017751479,0.2529411764705882,0.2529411764705882,0.3542812391228681,0.2026801253045597,0.2529411764705882,0.07588235294117648,0.43676470588235294,AMBER
2025-06-27,2.1666666666666725e-05,0.001728649484536,0.8818181818181818,0.38823529411764707,0.25146198830409355,0.25146198830409355,0.3198486412108703,0.13677330581355351,0.25146198830409355,0.07543859649122805,0.4371345029239766,AMBER
2025-06-28,0.0036193333333333,0.0028326804123711,0.8818181818181818,0.5146198830409356,0.25,0.25,0.3823099415204678,0.26461988304093564,0.25,0.075,0.4375,AMBER
2025-06-29,0.0048916666666666,0.0044704673539518,0.8818181818181818,0.6802325581395349,0.2543352601156069,0.2543352601156069,0.4672839091275709,0.42589729802392795,0.2543352601156069,0.0763005780346821,0.43641618497109824,GREEN
2025-06-30,0.004046,0.0050598900343642,0.8818181818181818,0.7341040462427746,0.25287356321839083,0.25287356321839083,0.4934888047305827,0.48123048302438376,0.25287356321839083,0.07586206896551728,0.4367816091954022,AMBER
2025-07-01,0.004408,0.0022280343642611,0.8818181818181818,0.42528735632183906,0.25142857142857145,0.25142857142857145,0.3383579638752052,0.17385878489326761,0.25142857142857145,0.07542857142857143,0.43714285714285717,AMBER
2025-07-02,0.0020183333333333,0.0051470515463917,0.8818181818181818,0.7428571428571429,0.25,0.25,0.49642857142857144,0.4928571428571429,0.25,0.07500000000000001,0.4374999999999999,AMBER
2025-07-03,0.004767,0.0066870343642611,0.8818181818181818,0.8295454545454546,0.2542372881355932,0.2542372881355932,0.5418913713405239,0.5753081664098614,0.2542372881355932,0.07627118644067796,0.43644067796610164,AMBER
2025-07-04,0.0055856666666666,-0.0007335360824742,0.8818181818181818,0.1977401129943503,0.25280898876404495,0.25280898876404495,0.22527455087919762,0.0,0.25280898876404495,0.05932203389830508,0.4505649717514124,RED
2025-07-05,0.0036623333333333,0.0009761168384879,0.8818181818181818,0.3089887640449438,0.25139664804469275,0.25139664804469275,0.2801927060448183,0.05759211600025105,0.25139664804469275,0.07541899441340781,0.4371508379888268,AMBER
2025-07-06,0.0046526666666666,0.0027744982817869,0.8818181818181818,0.5139664804469274,0.25,0.25,0.3819832402234637,0.2639664804469274,0.25,0.075,0.4375,AMBER
2025-07-07,0.0060396666666666,5.829896907216543e-05,0.8818181818181818,0.25555555555555554,0.2541436464088398,0.2541436464088398,0.25484960098219767,0.0014119091467157396,0.2541436464088398,0.07624309392265194,0.43646408839779005,AMBER
2025-07-08,0.0043316666666666,-0.0013273230240549,0.8818181818181818,0.16574585635359115,0.2541436464088398,0.2541436464088398,0.2099447513812155,0.0,0.2541436464088398,0.04972375690607736,0.45856353591160226,RED
2025-07-09,0.0052469999999999,0.0044059450171821,0.8818181818181818,0.6593406593406593,0.24861878453038674,0.2541436464088398,0.45397972193552305,0.41072187481027256,0.2541436464088398,0.07292817679558011,0.4392265193370165,AMBER
2025-07-10,0.004132,0.0075075360824742,0.8818181818181818,0.8633879781420765,0.2430939226519337,0.2541436464088398,0.553240950397005,0.6202940554901428,0.2541436464088398,0.06961325966850823,0.4419889502762431,AMBER
2025-07-11,0.0098723333333333,0.0108194226804123,0.8818181818181818,0.9891304347826086,0.2430939226519337,0.2596685082872928,0.6161121787172712,0.7460365121306749,0.2596685082872928,0.06795580110497243,0.4433701657458563,AMBER
2025-07-12,0.0082113333333333,0.0088581580756013,0.8818181818181818,0.9243243243243243,0.2430939226519337,0.2541436464088398,0.583709123488129,0.6812304016723907,0.2541436464088398,0.0696132596685082,0.4419889502762432,AMBER
2025-07-13,0.0074263333333333,0.0087010481099656,0.8818181818181818,0.9139784946236559,0.2430939226519337,0.2541436464088398,0.5785362086377948,0.6708845719717222,0.2541436464088398,0.06961325966850826,0.4419889502762431,AMBER
2025-07-14,0.012468,0.0094038144329896,0.8818181818181818,0.93048128342246,0.23756906077348067,0.2541436464088398,0.5840251720979703,0.6929122226489792,0.2541436464088398,0.06629834254143646,0.44475138121546964,AMBER
2025-07-15,0.011967,0.0083743711340206,0.8818181818181818,0.8882978723404256,0.23756906077348067,0.2596685082872928,0.5629334665569531,0.650728811566945,0.2596685082872928,0.06464088397790055,0.44613259668508287,RED
2025-07-16,0.012862,0.0116069243986254,0.8818181818181818,0.9947089947089947,0.23756906077348067,0.2596685082872928,0.6161390277412376,0.757139933935514,0.2596685082872928,0.06464088397790055,0.44613259668508287,RED
2025-07-17,0.011561,0.0138591855670103,0.8818181818181818,0.9947368421052631,0.23204419889502761,0.2596685082872928,0.6133905205001454,0.7626926432102356,0.2596685082872928,0.06132596685082878,0.44889502762430933,RED
2025-07-18,0.0108596666666666,0.019784855670103,0.8818181818181818,1.0,0.2265193370165746,0.2596685082872928,0.6132596685082873,0.7734806629834254,0.2596685082872928,0.0580110497237569,0.4516574585635359,RED
2025-07-19,0.0102853333333333,0.0116390171821305,0.8818181818181818,0.984375,0.2265193370165746,0.26519337016574585,0.6054471685082873,0.7578556629834254,0.26519337016574585,0.056353591160220984,0.4530386740331491,RED
2025-07-20,0.01092,0.0151750412371134,0.8818181818181818,0.9896373056994818,0.22099447513812154,0.26519337016574585,0.6053158904188016,0.7686428305613603,0.26519337016574585,0.05303867403314913,0.4558011049723757,RED
2025-07-21,0.0108286666666666,0.0197153883161512,0.8818181818181818,0.9948453608247423,0.2154696132596685,0.26519337016574585,0.6051574870422054,0.7793757475650738,0.26519337016574585,0.04972375690607736,0.45856353591160226,RED
2025-07-22,0.0141696666666666,0.0146000721649484,0.8818181818181818,0.9846153846153847,0.20994475138121546,0.26519337016574585,0.5972800679983,0.7746706332341692,0.26519337016574585,0.04640883977900548,0.46132596685082883,RED
2025-07-23,0.011665,0.0125207010309278,0.8818181818181818,0.9744897959183674,0.20994475138121546,0.27071823204419887,0.5922172736497914,0.7645450445371519,0.27071823204419887,0.04475138121546959,0.46270718232044195,RED
2025-07-24,0.0111609999999999,0.0068708865979381,0.8818181818181818,0.7766497461928934,0.20441988950276244,0.27071823204419887,0.49053481784782793,0.5722298566901309,0.27071823204419887,0.04143646408839785,0.4654696132596684,RED
2025-07-25,0.0141529999999999,0.0083297800687285,0.8818181818181818,0.8484848484848485,0.20441988950276244,0.27071823204419887,0.5264523689938054,0.644064958982086,0.27071823204419887,0.04143646408839782,0.4654696132596684,RED
2025-07-26,0.0116023333333333,0.008521470790378,0.8818181818181818,0.8542713567839196,0.20441988950276244,0.27071823204419887,0.529345623143341,0.6498514672811572,0.27071823204419887,0.04143646408839777,0.4654696132596685,RED
2025-07-27,0.0100506666666666,0.0094232783505154,0.8818181818181818,0.895,0.20994475138121546,0.27624309392265195,0.5524723756906077,0.6850552486187845,0.27624309392265195,0.04309392265193365,0.4640883977900553,RED
2025-07-28,0.0114046666666666,0.0088797903780068,0.8818181818181818,0.8805970149253731,0.20994475138121546,0.27624309392265195,0.5452708831532943,0.6706522635441576,0.27624309392265195,0.04309392265193371,0.4640883977900553,RED
2025-07-29,0.009807,0.0069804982817869,0.8818181818181818,0.7673267326732673,0.20441988950276244,0.27624309392265195,0.4858733110880149,0.5629068431705049,0.27624309392265195,0.03977900552486188,0.46685082872928174,RED
2025-07-30,0.0088589999999999,0.0061239450171821,0.8818181818181818,0.729064039408867,0.20441988950276244,0.27624309392265195,0.46674196445581473,0.5246441499061045,0.27624309392265195,0.03977900552486188,0.46685082872928174,RED
2025-07-31,0.0074473333333333,0.0049595876288659,0.8818181818181818,0.6519607843137255,0.20994475138121546,0.27624309392265195,0.4309527678474705,0.44201603293251,0.27624309392265195,0.04309392265193371,0.4640883977900553,RED
2025-08-01,0.0058163333333333,0.0047610927835051,0.8818181818181818,0.6341463414634146,0.20994475138121546,0.27071823204419887,0.42204554642231507,0.42420159008219915,0.27071823204419887,0.04475138121546965,0.46270718232044195,RED
2025-08-02,0.0062926666666666,0.0051086082474226,0.8818181818181818,0.6747572815533981,0.20994475138121546,0.26519337016574585,0.4423510164673068,0.4648125301721826,0.26519337016574585,0.046408839779005534,0.4613259668508287,RED
2025-08-03,0.0045,0.0046985704467353,0.8818181818181818,0.6280193236714976,0.20994475138121546,0.2596685082872928,0.41898203752635654,0.4180745722902821,0.2596685082872928,0.048066298342541475,0.4599447513812154,RED
2025-08-04,0.0079613333333333,0.0056610034364261,0.8818181818181818,0.6971153846153846,0.2154696132596685,0.2596685082872928,0.45629249893752655,0.48164577135571607,0.2596685082872928,0.0513812154696133,0.4571823204419889,RED
2025-08-05,0.0085463333333333,0.0055722508591065,0.8818181818181818,0.6889952153110048,0.2154696132596685,0.2541436464088398,0.45223241428533667,0.4735256020513363,0.2541436464088398,0.053038674033149186,0.4558011049723757,RED
2025-08-06,0.0073393333333333,0.0063839175257731,0.8818181818181818,0.7380952380952381,0.2154696132596685,0.24861878453038674,0.4767824256774533,0.5226256248355696,0.24861878453038674,0.0546961325966851,0.45441988950276235,RED
2025-08-07,0.0051569999999999,0.0084063161512027,0.8818181818181818,0.8530805687203792,0.2154696132596685,0.24861878453038674,0.5342750909900238,0.6376109554607107,0.24861878453038674,0.054696132596685015,0.45441988950276246,RED
2025-08-08,0.0083036666666666,0.0081929312714776,0.8818181818181818,0.8349056603773585,0.22099447513812154,0.24861878453038674,0.52795006775774,0.6139111852392369,0.24861878453038674,0.05801104972375687,0.451657458563536,RED
2025-08-09,0.009805,0.0101202542955326,0.8818181818181818,0.9248826291079812,0.22099447513812154,0.24861878453038674,0.5729385521230514,0.7038881539698597,0.24861878453038674,0.05801104972375695,0.4516574585635359,RED
2025-08-10,0.011906,0.0098414982817869,0.8818181818181818,0.9205607476635514,0.22099447513812154,0.2430939226519337,0.5707776114008365,0.6995662725254299,0.2430939226519337,0.05966850828729278,0.45027624309392267,RED
2025-08-11,0.0097213333333333,0.0080449518900343,0.8818181818181818,0.8093023255813954,0.22099447513812154,0.2430939226519337,0.5151484003597584,0.5883078504432738,0.2430939226519337,0.05966850828729278,0.45027624309392267,RED
2025-08-12,0.0100686666666666,0.0084382233676975,0.8818181818181818,0.8472222222222222,0.2265193370165746,0.23756906077348067,0.5368707796193984,0.6207028852056476,0.23756906077348067,0.0646408839779006,0.44613259668508287,RED
2025-08-13,0.0125543333333333,0.0075732474226804,0.8818181818181818,0.783410138248848,0.2265193370165746,0.23756906077348067,0.5049647376327113,0.5568908012322734,0.23756906077348067,0.06464088397790055,0.44613259668508287,RED
2025-08-14,0.010575,0.0035651099656357,0.8818181818181818,0.5091743119266054,0.2265193370165746,0.23204419889502761,0.36784682447159,0.2826549749100309,0.23204419889502761,0.06629834254143645,0.44475138121546964,AMBER
2025-08-15,0.0084786666666666,0.0031053092783505,0.8818181818181818,0.4657534246575342,0.2265193370165746,0.2265193370165746,0.3461363808370544,0.23923408764095963,0.2265193370165746,0.06795580110497237,0.4433701657458564,AMBER
2025-08-16,0.0059543333333333,0.003130295532646,0.8818181818181818,0.4727272727272727,0.23204419889502761,0.2265193370165746,0.3523857358111502,0.2406830738322451,0.2265193370165746,0.0712707182320442,0.44060773480662985,AMBER
2025-08-17,0.0062223333333333,0.0068649553264604,0.8818181818181818,0.746606334841629,0.23204419889502761,0.22099447513812154,0.4893252668683283,0.5145621359466014,0.22099447513812154,0.07292817679558009,0.4392265193370166,AMBER
2025-08-18,0.0043356666666666,0.0028827457044673,0.8818181818181818,0.4369369369369369,0.23204419889502761,0.2154696132596685,0.33449056791598225,0.2048927380419093,0.2154696132596685,0.074585635359116,0.4378453038674033,AMBER
2025-08-19,0.0064216666666666,-0.0001593436426116,0.8818181818181818,0.18834080717488788,0.23204419889502761,0.2154696132596685,0.21019250303495773,0.0,0.2154696132596685,0.06147461784307409,0.4487711517974383,RED
2025-08-20,0.0071136666666666,0.0028347457044673,0.8818181818181818,0.4330357142857143,0.23756906077348067,0.22099447513812154,0.3353023875295975,0.19546665351223363,0.22099447513812154,0.07624309392265194,0.43646408839779005,AMBER
2025-08-21,0.010145,0.000750883161512,0.8818181818181818,0.24888888888888888,0.23756906077348067,0.22099447513812154,0.24322897483118477,0.011319828115408215,0.22099447513812154,0.07624309392265194,0.43646408839779005,AMBER
2025-08-22,0.0097556666666666,0.0049075567010309,0.8818181818181818,0.6194690265486725,0.23756906077348067,0.22099447513812154,0.4285190436610766,0.38189996577519186,0.22099447513812154,0.07624309392265194,0.43646408839779005,AMBER
2025-08-23,0.0111163333333333,0.0086533505154639,0.8818181818181818,0.8590308370044053,0.23756906077348067,0.2154696132596685,0.548299948888943,0.6214617762309247,0.2154696132596685,0.07790055248618785,0.4350828729281767,GREEN
2025-08-24,0.0120553333333333,0.0087681374570446,0.8818181818181818,0.8771929824561403,0.2430939226519337,0.2154696132596685,0.560143452554037,0.6340990598042067,0.2154696132596685,0.08121546961325962,0.43232044198895025,GREEN
2025-08-25,0.0098423333333333,-0.007191914089347,0.8818181818181818,0.039301310043668124,0.2430939226519337,0.2154696132596685,0.1411976163478009,0.0,0.2154696132596685,0.020077685830779984,0.4832685951410167,RED
2025-08-26,0.007168,0.003375676975945,0.8818181818181818,0.4956521739130435,0.2430939226519337,0.2154696132596685,0.3693730482824886,0.2525582512611098,0.2154696132596685,0.08121546961325969,0.43232044198895025,GREEN
2025-08-27,0.006798,0.0013977766323024,0.8818181818181818,0.2943722943722944,0.2430939226519337,0.2154696132596685,0.26873310851211407,0.051278371720360705,0.2154696132596685,0.08121546961325966,0.43232044198895025,GREEN
2025-08-28,0.0083229999999999,0.0039250584192439,0.8818181818181818,0.5431034482758621,0.24861878453038674,0.22099447513812154,0.39586111640312444,0.29448466374547533,0.22099447513812154,0.08287292817679558,0.430939226519337,GREEN
2025-08-29,0.0074293333333333,0.0024458109965635,0.8818181818181818,0.38197424892703863,0.24861878453038674,0.22099447513812154,0.3152965167287127,0.13335546439665188,0.22099447513812154,0.08287292817679556,0.430939226519337,GREEN
2025-08-30,0.0075543333333333,-0.0021767491408934,0.8818181818181818,0.11538461538461539,0.24861878453038674,0.22099447513812154,0.18200169995750107,0.0,0.22099447513812154,0.04290267743306418,0.4642477688057798,RED
2025-08-31,0.007469,-0.0062890240549828,0.8818181818181818,0.05531914893617021,0.24861878453038674,0.22099447513812154,0.15196896673327848,0.0,0.22099447513812154,0.024883037498530616,0.47926413541789115,RED
2025-09-01,0.0090743333333333,-0.0038366013745704,0.8818181818181818,0.08898305084745763,0.2541436464088398,0.22099447513812154,0.1715633486281487,0.0,0.22099447513812154,0.03663966663545276,0.469466944470456,RED
2025-09-02,0.007442,0.0013035326460481,0.8818181818181818,0.29535864978902954,0.2541436464088398,0.22099447513812154,0.27475114809893464,0.04121500338018974,0.22099447513812154,0.08618784530386739,0.42817679558011057,GREEN
2025-09-03,0.0047176666666666,0.0051067869415807,0.8818181818181818,0.6596638655462185,0.2541436464088398,0.22099447513812154,0.45690375597752914,0.4055202191373787,0.22099447513812154,0.08618784530386739,0.42817679558011057,GREEN
2025-09-04,0.0065093333333333,0.001692470790378,0.8818181818181818,0.3263598326359833,0.2541436464088398,0.2154696132596685,0.29025173952241157,0.07221618622714349,0.2154696132596685,0.08784530386740336,0.42679558011049723,GREEN
2025-09-05,0.0078436666666666,0.0057672164948453,0.8818181818181818,0.6875,0.2596685082872928,0.2154696132596685,0.4735842541436464,0.4278314917127072,0.2154696132596685,0.09116022099447513,0.42403314917127066,GREEN
2025-09-06,0.0069056666666666,0.0061026426116838,0.8818181818181818,0.7095435684647303,0.2596685082872928,0.20994475138121546,0.48460603837601157,0.4498750601774375,0.20994475138121546,0.09281767955801104,0.42265193370165743,GREEN
2025-09-07,0.0082456666666666,0.006920914089347,0.8818181818181818,0.7603305785123967,0.2596685082872928,0.20441988950276244,0.5099995433998448,0.5006620702251039,0.20441988950276244,0.09447513812154695,0.4212707182320442,GREEN
2025-09-08,0.007165,0.0070415463917525,0.8818181818181818,0.7736625514403292,0.2596685082872928,0.20441988950276244,0.516665529863811,0.5139940431530364,0.20441988950276244,0.0944751381215469,0.4212707182320443,GREEN
2025-09-09,0.0090239999999999,0.0087524398625429,0.8818181818181818,0.8770491803278688,0.26519337016574585,0.20441988950276244,0.5711212752468073,0.611855810162123,0.20441988950276244,0.09779005524861872,0.41850828729281775,GREEN
2025-09-10,0.00729,0.0087921580756013,0.8818181818181818,0.8816326530612245,0.26519337016574585,0.20441988950276244,0.5734130116134852,0.6164392828954787,0.20441988950276244,0.09779005524861878,0.41850828729281775,GREEN
2025-09-11,0.0044633333333333,0.0093431958762886,0.8818181818181818,0.8943089430894309,0.26519337016574585,0.20441988950276244,0.5797511566275884,0.629115572923685,0.20441988950276244,0.09779005524861875,0.41850828729281775,GREEN
2025-09-12,0.0041716666666666,0.0097073402061855,0.8818181818181818,0.9190283400809717,0.26519337016574585,0.19889502762430938,0.5921108551233587,0.6538349699152258,0.19889502762430938,0.09944751381215464,0.4171270718232044,GREEN
2025-09-13,0.0066496666666666,0.0133167525773195,0.8818181818181818,0.9798387096774194,0.27071823204419887,0.20441988950276244,0.6252784708608091,0.7091204776332205,0.20441988950276244,0.10110497237569055,0.4157458563535912,GREEN
2025-09-14,0.007595,0.0097146151202749,0.8818181818181818,0.9196787148594378,0.27071823204419887,0.20441988950276244,0.5951984734518183,0.6489604828152389,0.20441988950276244,0.10110497237569058,0.4157458563535912,GREEN
2025-09-15,0.0074053333333333,0.0054291752577319,0.8818181818181818,0.648,0.27071823204419887,0.20441988950276244,0.45935911602209945,0.37728176795580115,0.20441988950276244,0.1011049723756906,0.4157458563535912,GREEN
2025-09-16,0.006213,0.0061973058419243,0.8818181818181818,0.701195219123506,0.27071823204419887,0.20441988950276244,0.48595672558385244,0.43047698707930715,0.20441988950276244,0.1011049723756906,0.4157458563535912,GREEN
2025-09-17,0.0070229999999999,0.0075135154639175,0.8818181818181818,0.7738095238095238,0.27624309392265195,0.20994475138121546,0.5250263088660879,0.4975664298868719,0.20994475138121546,0.10276243093922655,0.41436464088397784,GREEN
2025-09-18,0.0071383333333333,0.0117046323024054,0.8818181818181818,0.9723320158102767,0.27624309392265195,0.20994475138121546,0.6242875548664644,0.6960889218876247,0.20994475138121546,0.10276243093922657,0.41436464088397784,GREEN
2025-09-19,0.0072136666666666,0.0089969312714776,0.8818181818181818,0.8779527559055118,0.27624309392265195,0.20994475138121546,0.5770979249140819,0.6017096619828599,0.20994475138121546,0.10276243093922649,0.41436464088397795,GREEN
2025-09-20,0.0045416666666666,0.0063543986254295,0.8818181818181818,0.6941176470588235,0.27624309392265195,0.20994475138121546,0.4851803704907377,0.41787455313617156,0.20994475138121546,0.10276243093922652,0.41436464088397784,GREEN
2025-09-21,0.0062836666666666,0.0082829106529209,0.8818181818181818,0.81640625,0.281767955801105,0.2154696132596685,0.5490871029005525,0.534638294198895,0.2154696132596685,0.10441988950276243,0.4129834254143646,GREEN
2025-09-22,0.0053676666666666,0.000205178694158,0.8818181818181818,0.2140077821011673,0.281767955801105,0.20994475138121546,0.24788786895113613,0.0,0.20994475138121546,0.08574929595631703,0.42854225336973584,GREEN
2025-09-23,0.0063823333333333,0.0058906597938144,0.8818181818181818,0.6550387596899225,0.281767955801105,0.20994475138121546,0.4684033577455138,0.37327080388881756,0.20994475138121546,0.10607734806629837,0.4116022099447514,GREEN
2025-09-24,0.004592,0.0061853092783505,0.8818181818181818,0.6911196911196911,0.281767955801105,0.20994475138121546,0.48644382346039805,0.4093517353185861,0.20994475138121546,0.10607734806629836,0.4116022099447514,GREEN
2025-09-25,0.007173,0.0051481718213058,0.8818181818181818,0.6192307692307693,0.287292817679558,0.20994475138121546,0.4532617934551636,0.33193795155121125,0.20994475138121546,0.10939226519337016,0.4088397790055248,GREEN
2025-09-26,0.005061,0.0075330103092783,0.8818181818181818,0.7739463601532567,0.287292817679558,0.20441988950276244,0.5306195889164074,0.4866535424736987,0.20441988950276244,0.11104972375690605,0.4074585635359116,GREEN
2025-09-27,0.0048153333333333,0.0038665326460481,0.8818181818181818,0.5076335877862596,0.287292817679558,0.19889502762430938,0.3974632027329088,0.22034077010670156,0.19889502762430938,0.112707182320442,0.40607734806629836,GREEN
2025-09-28,0.0046936666666666,-0.0039997800687285,0.8818181818181818,0.07984790874524715,0.287292817679558,0.19337016574585636,0.18357036321240258,0.0,0.19337016574585636,0.05213116820368464,0.4565573598302628,RED
2025-09-29,0.0033956666666666,0.004637501718213,0.8818181818181818,0.5643939393939394,0.292817679558011,0.19337016574585636,0.42860580947597526,0.2715762598359284,0.19337016574585636,0.11767955801104975,0.40193370165745845,GREEN
2025-09-30,0.006206,0.0050879037800687,0.8818181818181818,0.6075471698113207,0.292817679558011,0.1878453038674033,0.45018242468466585,0.3147294902533097,0.1878453038674033,0.11933701657458562,0.40055248618784534,GREEN
2025-10-01,0.0055963333333333,0.0074907731958762,0.8818181818181818,0.7593984962406015,0.292817679558011,0.18232044198895028,0.5261080878993063,0.4665808166825905,0.18232044198895028,0.12099447513812153,0.399171270718232,GREEN
2025-10-02,0.0061033333333333,0.0088690687285223,0.8818181818181818,0.8764044943820225,0.2983425414364641,0.18232044198895028,0.5873735179092433,0.5780619529455584,0.18232044198895028,0.12430939226519336,0.39640883977900554,GREEN
2025-10-03,0.0064056666666666,0.0087397113402061,0.8818181818181818,0.8582089552238806,0.30386740331491713,0.17679558011049723,0.5810381792693988,0.5543415519089635,0.17679558011049723,0.12928176795580107,0.39226519337016574,GREEN
2025-10-04,0.0080966666666666,0.0080123402061855,0.8818181818181818,0.7955390334572491,0.30939226519337015,0.1712707182320442,0.5524656493253096,0.4861467682638789,0.1712707182320442,0.1342541436464088,0.38812154696132606,GREEN
2025-10-05,0.0094646666666666,0.0077595051546391,0.8818181818181818,0.7851851851851852,0.30939226519337015,0.16574585635359115,0.5472887251892777,0.47579291999181506,0.16574585635359115,0.1359116022099448,0.3867403314917126,GREEN
2025-10-06,0.0067503333333333,0.0082713195876288,0.8818181818181818,0.8154981549815498,0.30939226519337015,0.16022099447513813,0.56244521008746,0.5061058897881796,0.16022099447513813,0.13756906077348066,0.3853591160220995,GREEN
2025-10-07,0.0076059999999999,0.0081801683848797,0.8818181818181818,0.8051470588235294,0.3149171270718232,0.15469613259668508,0.5600320929476763,0.49022993175170626,0.15469613259668508,0.14254143646408837,0.3812154696132597,GREEN
2025-10-08,0.0064983333333333,0.0059712646048109,0.8818181818181818,0.652014652014652,0.3149171270718232,0.15469613259668508,0.4834658895432376,0.33709752494282885,0.15469613259668508,0.14254143646408837,0.3812154696132597,GREEN
2025-10-09,0.005977,0.0064913883161512,0.8818181818181818,0.6970802919708029,0.3149171270718232,0.15469613259668508,0.505998709521313,0.3821631648989797,0.15469613259668508,0.1425414364640884,0.3812154696132597,GREEN
2025-10-10,0.0013296666666666,-0.044928206185567,0.8818181818181818,0.0,0.3149171270718232,0.15469613259668508,0.1574585635359116,0.0,0.15469613259668508,0.04806629834254143,0.4599447513812155,RED
2025-10-11,0.00699,-0.0268958350515463,0.8818181818181818,0.0036231884057971015,0.32044198895027626,0.15469613259668508,0.1620325886780367,0.0,0.15469613259668508,0.050810713427816484,0.4576577388101529,RED
2025-10-12,0.0022793333333333,-0.0193585945017182,0.8818181818181818,0.007220216606498195,0.32044198895027626,0.14917127071823205,0.16383110277838722,0.0,0.14917127071823205,0.053547280451562713,0.45537726629036435,RED
2025-10-13,0.0036153333333333,-0.0066963780068728,0.8818181818181818,0.06115107913669065,0.32044198895027626,0.143646408839779,0.19079653404348346,0.0,0.143646408839779,0.07138399777415635,0.440513335188203,AMBER
2025-10-14,0.003068,-0.0097875292096219,0.8818181818181818,0.02867383512544803,0.32044198895027626,0.14917127071823205,0.17455791203786214,0.0,0.14917127071823205,0.059983366007247664,0.45001386166062696,RED
2025-10-15,0.005007,-0.0060609931271477,0.8818181818181818,0.06785714285714285,0.32044198895027626,0.15469613259668508,0.19414956590370955,0.0,0.15469613259668508,0.0700808997632202,0.4415992501973165,AMBER
2025-10-16,0.004245,-0.0044979243986254,0.8818181818181818,0.099644128113879,0.32044198895027626,0.16022099447513813,0.21004305853207764,0.0,0.16022099447513813,0.07795953677670514,0.4350337193527457,GREEN
2025-10-17,0.002206,-0.0086231237113402,0.8818181818181818,0.03546099290780142,0.32044198895027626,0.15469613259668508,0.17795149092903884,0.0,0.15469613259668508,0.06036205477841777,0.4496982876846519,RED
2025-10-18,0.0020466666666666,-0.0068289793814432,0.8818181818181818,0.06007067137809187,0.32044198895027626,0.15469613259668508,0.19025633016418406,0.0,0.15469613259668508,0.0677449583195049,0.4435458680670793,AMBER
2025-10-19,0.0027043333333333,-0.0057211683848797,0.8818181818181818,0.08098591549295775,0.32044198895027626,0.15469613259668508,0.200713952221617,0.0,0.15469613259668508,0.07401953155396468,0.43831705703836277,AMBER
2025-10-20,0.004896,-0.0015158041237113,0.8818181818181818,0.1543859649122807,0.32044198895027626,0.16022099447513813,0.23741397693127847,0.0,0.16022099447513813,0.09438208781622562,0.4213482601531453,GREEN
2025-10-21,0.004751,-0.0070020481099656,0.8818181818181818,0.05944055944055944,0.3149171270718232,0.16574585635359115,0.1871788432561913,0.0,0.16574585635359115,0.06258354904763744,0.44784704246030216,RED
2025-10-22,0.0064096666666666,-0.0108722817869415,0.8818181818181818,0.017421602787456445,0.3149171270718232,0.16574585635359115,0.16616936492963982,0.0,0.16574585635359115,0.04997786205170654,0.4583517816235779,RED
2025-10-23,0.0049876666666666,-0.0043313470790378,0.8818181818181818,0.11458333333333333,0.32044198895027626,0.1712707182320442,0.2175126611418048,0.0,0.1712707182320442,0.0791263812154696,0.4340613489871087,GREEN
2025-10-24,0.0045006666666666,-0.0022085945017182,0.8818181818181818,0.14878892733564014,0.32044198895027626,0.1712707182320442,0.2346154581429582,0.0,0.1712707182320442,0.08938805941616167,0.42550995048653195,GREEN
2025-10-25,0.004501,-0.0045799656357388,0.8818181818181818,0.1103448275862069,0.32044198895027626,0.1712707182320442,0.21539340826824158,0.0,0.1712707182320442,0.07785482949133167,0.4351209754238903,GREEN
2025-10-26,0.006583,-0.0013361305841924,0.8818181818181818,0.17525773195876287,0.32044198895027626,0.17679558011049723,0.24784986045451957,0.0,0.17679558011049723,0.09567124223956258,0.4202739648003645,GREEN
2025-10-27,0.0069043333333333,-0.0047831718213058,0.8818181818181818,0.1095890410958904,0.32044198895027626,0.18232044198895028,0.21501551502308333,0.0,0.18232044198895028,0.07431317641716491,0.4380723529856959,AMBER
2025-10-28,0.005648,-0.0096205189003436,0.8818181818181818,0.03754266211604096,0.32044198895027626,0.18232044198895028,0.1789923255331586,0.0,0.18232044198895028,0.05269926272321007,0.4560839477306583,RED
2025-10-29,0.004714,-0.0051110824742268,0.8818181818181818,0.1054421768707483,0.32044198895027626,0.18232044198895028,0.21294208291051228,0.0,0.18232044198895028,0.07306911714962229,0.43910906904198144,AMBER
2025-10-30,0.0049796666666666,-0.0190400652920962,0.8818181818181818,0.010169491525423728,0.32044198895027626,0.18232044198895028,0.16530574023785,0.0,0.18232044198895028,0.04448731154602491,0.46292724037831257,RED
2025-10-31,0.0072893333333333,-0.0090530240549828,0.8818181818181818,0.04391891891891892,0.32044198895027626,0.1878453038674033,0.18218045393459759,0.0,0.1878453038674033,0.052954681200537555,0.455871098999552,RED
2025-11-01,0.0072489999999999,-0.0061799759450171,0.8818181818181818,0.09090909090909091,0.32044198895027626,0.19337016574585636,0.20567553992968357,0.0,0.19337016574585636,0.06539427423405322,0.4455047714716224,RED
2025-11-02,0.0073506666666666,-0.0107644192439862,0.8818181818181818,0.026845637583892617,0.32044198895027626,0.19889502762430938,0.17364381326708445,0.0,0.19889502762430938,0.04451777967295785,0.46290185027253505,RED
2025-11-03,0.007104,-0.0209455189003436,0.8818181818181818,0.006688963210702341,0.32044198895027626,0.20441988950276244,0.1635654760804893,0.0,0.20441988950276244,0.03681331879746485,0.46932223433544595,RED
2025-11-04,0.0065786666666666,-0.0138552405498281,0.8818181818181818,0.02,0.3259668508287293,0.20994475138121546,0.17298342541436465,0.0,0.20994475138121546,0.04080662983425415,0.46599447513812153,RED
2025-11-05,0.004061,-0.006782824742268,0.8818181818181818,0.08970099667774087,0.32044198895027626,0.2154696132596685,0.20507149281400855,0.0,0.2154696132596685,0.058402011710504576,0.4513316569079129,RED
2025-11-06,0.0061886666666666,-0.0188734295532646,0.8818181818181818,0.016556291390728478,0.3149171270718232,0.2154696132596685,0.16573670923127581,0.0,0.2154696132596685,0.03480114156086493,0.4709990486992792,RED
2025-11-07,0.0062746666666666,-0.0114670206185567,0.8818181818181818,0.0297029702970297,0.30939226519337015,0.2154696132596685,0.16954761774519994,0.0,0.2154696132596685,0.03708768666921941,0.46909359444231713,RED
2025-11-08,0.0048546666666666,-0.0079440068728522,0.8818181818181818,0.06907894736842106,0.30939226519337015,0.22099447513812154,0.1892356062808956,0.0,0.22099447513812154,0.047243021227100904,0.4606308156440826,RED
2025-11-09,0.0056553333333333,-0.0150661408934707,0.8818181818181818,0.022950819672131147,0.30386740331491713,0.2265193370165746,0.16340911149352413,0.0,0.2265193370165746,0.030089665791142098,0.47492527850738153,RED
2025-11-10,0.005048,-0.0052348487972508,0.8818181818181818,0.13071895424836602,0.2983425414364641,0.23204419889502761,0.21453074784241505,0.0,0.23204419889502761,0.05910518903694073,0.45074567580254943,RED
2025-11-11,0.0058833333333333,-0.0044577388316151,0.8818181818181818,0.15960912052117263,0.2983425414364641,0.23756906077348067,0.22897583097881835,0.0,0.23756906077348067,0.06611478035524682,0.444904349703961,AMBER
2025-11-12,0.004883,-0.0008260068728522,0.8818181818181818,0.2435064935064935,0.30386740331491713,0.2430939226519337,0.2736869484107053,0.0,0.2430939226519337,0.09128399225084306,0.4239300064576308,GREEN
2025-11-13,0.0066563333333333,-0.0040915807560137,0.8818181818181818,0.1650485436893204,0.30386740331491713,0.2430939226519337,0.23445797350211878,0.0,0.2430939226519337,0.06774660730569117,0.4435444939119241,AMBER
2025-11-14,0.008216,-0.0003151030927835,0.8818181818181818,0.267741935483871,0.30386740331491713,0.2430939226519337,0.2858046693993941,0.0,0.2430939226519337,0.09855462484405635,0.41787114596328645,GREEN
2025-11-15,0.006154,-0.0067102508591065,0.8818181818181818,0.10610932475884244,0.30386740331491713,0.2430939226519337,0.20498836403687978,0.0,0.2430939226519337,0.05006484162654777,0.45827929864454353,RED
2025-11-16,0.007894,-0.0102419175257731,0.8818181818181818,0.04807692307692308,0.30939226519337015,0.24861878453038674,0.1787345941351466,0.0,0.24861878453038674,0.03265512112197194,0.4727873990650233,RED
2025-11-17,0.0093703333333333,-0.008018120274914,0.8818181818181818,0.07028753993610223,0.30386740331491713,0.24861878453038674,0.1870774716255097,0.0,0.24861878453038674,0.03766084761618979,0.46861596031984176,RED
2025-11-18,0.0066669999999999,0.0026156838487972,0.8818181818181818,0.445859872611465,0.2983425414364641,0.24861878453038674,0.37210120702396454,0.14751733117500088,0.24861878453038674,0.10441988950276244,0.4129834254143646,GREEN
2025-11-19,0.006235,-0.0009181443298969,0.8818181818181818,0.24444444444444444,0.292817679558011,0.2541436464088398,0.2686310620012277,0.0,0.2541436464088398,0.0849355432780847,0.42922038060159606,GREEN
2025-11-20,0.00786,-0.0012759106529209,0.8818181818181818,0.23734177215189872,0.292817679558011,0.2596685082872928,0.2650797258549549,0.0,0.2596685082872928,0.08114728302678507,0.43237726414434574,GREEN
2025-11-21,0.0052116666666666,-0.008051412371134,0.8818181818181818,0.0694006309148265,0.292817679558011,0.26519337016574585,0.18110915523641877,0.0,0.26519337016574585,0.029107482092127504,0.475743764923227,RED
2025-11-22,0.005035,-0.00439570790378,0.8818181818181818,0.17295597484276728,0.292817679558011,0.26519337016574585,0.23288682720038917,0.0,0.26519337016574585,0.060174085270509756,0.4498549289412419,RED
2025-11-23,0.0013343333333333,-0.0067187250859106,0.8818181818181818,0.109717868338558,0.287292817679558,0.27071823204419887,0.198505343009058,0.0,0.27071823204419887,0.03788773619217513,0.46842688650652076,RED
2025-11-24,0.0002386666666666,-0.0049852164948453,0.8818181818181818,0.15625,0.292817679558011,0.27624309392265195,0.2245338397790055,0.0,0.27624309392265195,0.051847375690607725,0.4567938535911602,RED
2025-11-25,0.002097,-0.0152262817869415,0.8818181818181818,0.021806853582554516,0.292817679558011,0.281767955801105,0.15731226657028277,0.0,0.281767955801105,0.009856973201838176,0.4917858556651348,RED
2025-11-26,0.0017423333333333,-0.0082359037800687,0.8818181818181818,0.07142857142857142,0.292817679558011,0.281767955801105,0.18212312549329124,0.0,0.281767955801105,0.024743488555643248,0.47938042620363064,RED
2025-11-27,0.0023566666666666,-0.0026984604810996,0.8818181818181818,0.21052631578947367,0.292817679558011,0.281767955801105,0.2516719976737424,0.0,0.281767955801105,0.06647281186391392,0.44460599011340507,AMBER
2025-11-28,0.0012903333333333,-0.0066008419243986,0.8818181818181818,0.12654320987654322,0.292817679558011,0.287292817679558,0.20968044471727712,0.0,0.287292817679558,0.039620421526498875,0.4669829820612509,RED
2025-11-29,0.0047506666666666,-0.0136099931271477,0.8818181818181818,0.03076923076923077,0.292817679558011,0.287292817679558,0.1617934551636209,0.0,0.287292817679558,0.010888227794305136,0.4909264768380791,RED
2025-11-30,0.004407,-0.0075968213058419,0.8818181818181818,0.0950920245398773,0.292817679558011,0.292817679558011,0.19395485204894417,0.0,0.292817679558011,0.028527607361963192,0.47622699386503065,RED
2025-12-01,0.0030713333333333,-0.012675178694158,0.8818181818181818,0.03669724770642202,0.292817679558011,0.292817679558011,0.16475746363221652,0.0,0.292817679558011,0.011009174311926606,0.49082568807339444,RED
2025-12-02,0.0011603333333333,-0.0021497388316151,0.8818181818181818,0.2347560975609756,0.292817679558011,0.2983425414364641,0.2637868885594933,0.0,0.2983425414364641,0.06876937070475674,0.4426921910793694,AMBER
2025-12-03,0.0022073333333333,0.0008439518900343,0.8818181818181818,0.3556231003039514,0.292817679558011,0.2983425414364641,0.32422038993098123,0.06280542074594037,0.2983425414364641,0.0861878453038674,0.42817679558011057,GREEN
2025-12-04,0.003271,0.000941030927835,0.8818181818181818,0.3575757575757576,0.292817679558011,0.2983425414364641,0.3251967185668843,0.06475807801774658,0.2983425414364641,0.08618784530386737,0.42817679558011057,GREEN
2025-12-05,0.0045613333333333,0.0021818969072164,0.8818181818181818,0.4350453172205438,0.2983425414364641,0.2983425414364641,0.366693929328504,0.1367027757840797,0.2983425414364641,0.08950276243093927,0.425414364640884,GREEN
2025-12-06,0.0021816666666666,0.0146152646048109,0.8818181818181818,0.9879518072289156,0.30386740331491713,0.2983425414364641,0.6459096052719164,0.6840844039139985,0.2983425414364641,0.0928176795580111,0.42265193370165743,GREEN
2025-12-07,0.0032936666666666,0.016970206185567,0.8818181818181818,0.993993993993994,0.2983425414364641,0.30386740331491713,0.6461682677152291,0.6956514525575299,0.30386740331491713,0.08784530386740336,0.42679558011049723,GREEN
2025-12-08,0.0038916666666666,-0.0030127375886524,0.8545454545454545,0.20658682634730538,0.292817679558011,0.30386740331491713,0.2497022529526582,0.0,0.30386740331491713,0.05866113077711978,0.4511157243524002,RED
2025-12-09,0.003497,-0.002009244680851,0.8545454545454545,0.23880597014925373,0.292817679558011,0.30939226519337015,0.26581182485363236,0.0,0.30939226519337015,0.06666941535416837,0.4444421538715263,AMBER
2025-12-10,0.004686,-0.0068234361702127,0.8545454545454545,0.11607142857142858,0.292817679558011,0.3149171270718232,0.20444455406471979,0.0,0.3149171270718232,0.028191594317284907,0.47650700473559593,RED
2025-12-11,0.0051589999999999,-0.0120494432624113,0.8545454545454545,0.03857566765578635,0.292817679558011,0.3149171270718232,0.1656966736068987,0.0,0.3149171270718232,0.004942866042592253,0.4958809449645065,RED
2025-12-12,0.0048553333333333,-0.0049170921985815,0.8545454545454545,0.17159763313609466,0.292817679558011,0.32044198895027626,0.23220765634705284,0.0,0.32044198895027626,0.04319199712314882,0.46400666906404264,RED
2025-12-13,0.0069763333333333,-0.0022706985815602,0.8545454545454545,0.23303834808259588,0.292817679558011,0.3259668508287293,0.26292801382030345,0.0,0.3259668508287293,0.059966753043563276,0.45002770579703066,RED
2025-12-14,0.0043973333333333,-0.0053048865248226,0.8545454545454545,0.15588235294117647,0.2983425414364641,0.3314917127071823,0.2271124471888203,0.0,0.3314917127071823,0.03681995450113748,0.4693167045823854,RED
2025-12-15,0.004306,-0.0060502624113475,0.8545454545454545,0.1466275659824047,0.2983425414364641,0.3314917127071823,0.2224850537094344,0.0,0.3314917127071823,0.03404351841350595,0.47163040132207834,RED
2025-12-16,0.004637,-0.0062710390070921,0.8545454545454545,0.13742690058479531,0.2983425414364641,0.3314917127071823,0.21788472101062972,0.0,0.3314917127071823,0.031283318794223136,0.4739305676714808,RED
2025-12-17,0.0071193333333333,-0.0054289255319148,0.8545454545454545,0.15743440233236153,0.2983425414364641,0.3370165745856354,0.2278884718844128,0.0,0.3370165745856354,0.035628110754957046,0.47030990770420245,RED
2025-12-18,0.0062403333333333,-0.0061022269503546,0.8545454545454545,0.14244186046511628,0.2983425414364641,0.3370165745856354,0.2203922009507902,0.0,0.3370165745856354,0.03113034819478351,0.47405804317101374,RED
2025-12-19,0.0086683333333333,0.0045469929078014,0.8545454545454545,0.6260869565217392,0.2983425414364641,0.3370165745856354,0.46221474897910164,0.3277444150852751,0.3370165745856354,0.07790055248618787,0.4350828729281767,GREEN
2025-12-20,0.0048146666666666,0.0032657375886524,0.8545454545454545,0.546242774566474,0.2983425414364641,0.3370165745856354,0.42229265800146903,0.24790023313000986,0.3370165745856354,0.07790055248618784,0.4350828729281767,GREEN
2025-12-21,0.0062316666666666,-0.0019042163120567,0.8545454545454545,0.2564841498559078,0.2983425414364641,0.3370165745856354,0.2774133456461859,0.0,0.3370165745856354,0.06534303501202092,0.4455474708233159,RED
2025-12-22,0.0055793333333333,-0.0009398865248226,0.8545454545454545,0.29022988505747127,0.30386740331491713,0.3425414364640884,0.2970486441861942,0.0,0.3425414364640884,0.07546675557249,0.437111037022925,AMBER
2025-12-23,0.0063493333333333,-0.002320354609929,0.8545454545454545,0.23782234957020057,0.30386740331491713,0.3425414364640884,0.27084487644255884,0.0,0.3425414364640884,0.05974449492630879,0.45021292089474274,RED
2025-12-24,0.007458,-0.0018877517730496,0.8545454545454545,0.26,0.30386740331491713,0.3425414364640884,0.28193370165745857,0.0,0.3425414364640884,0.06639779005524862,0.4446685082872929,AMBER
2025-12-25,0.0068026666666666,0.0018526773049645,0.8545454545454545,0.43874643874643876,0.30386740331491713,0.3425414364640884,0.37130692103067797,0.13487903543152163,0.3425414364640884,0.07955801104972378,0.4337016574585635,GREEN
2025-12-26,0.007622,0.008191035087719296,0.8636363636363636,0.8465909090909091,0.30939226519337015,0.34806629834254144,0.5779915871421396,0.5371986438975389,0.34806629834254144,0.08121546961325962,0.43232044198895025,GREEN
2025-12-27,0.004925666666666668,-0.016355985964912282,0.8636363636363636,0.019830028328611898,0.30939226519337015,0.35359116022099446,0.16461114676099103,0.0,0.35359116022099446,-0.007310660009703707,0.506092216674753,RED
2025-12-28,0.007791333333333334,-0.00672588070175438,0.8636363636363636,0.11864406779661017,0.30939226519337015,0.35359116022099446,0.21401816649499017,0.0,0.35359116022099446,0.022333551830695755,0.4813887068077536,RED
2025-12-29,0.008200333333333332,0.005979635087719298,0.8636363636363636,0.7211267605633803,0.30939226519337015,0.35359116022099446,0.5152595128783752,0.41173449537001017,0.35359116022099446,0.07955801104972375,0.4337016574585636,GREEN
2025-12-30,0.007233666666666666,0.009699203508771933,0.8636363636363636,0.9269662921348315,0.30939226519337015,0.35359116022099446,0.6181792786641008,0.6175740269414614,0.35359116022099446,0.07955801104972374,0.4337016574585636,GREEN
2025-12-31,0.008663,0.03686889824561403,0.8636363636363636,0.9971988795518207,0.3149171270718232,0.35359116022099446,0.656058003311822,0.6822817524799976,0.35359116022099446,0.08287292817679559,0.430939226519337,GREEN
2026-01-01,0.0075899999999999995,0.04094899298245615,0.8636363636363636,1.0,0.31666666666666665,0.35555555555555557,0.6583333333333333,0.6833333333333333,0.35555555555555557,0.08333333333333329,0.4305555555555556,GREEN
